id,date,split,product,issue,predicted_product,predicted_issue,product_confidence,issue_confidence,topic
8086479,2024-01-01,train,Credit card,"Advertising and marketing, including promotional offers",Credit card,Other issue,0.8485544484214879,0.5523064480463207,1
8087892,2024-01-01,train,Checking or savings account,Managing an account,Checking or savings account,Managing an account,0.9033664479028886,0.662031492373007,0
8088185,2024-01-01,train,"Money transfer, virtual currency, or money service",Other service problem,Credit card,Other issue,0.48212286017378947,0.49027504663718025,5
8087403,2024-01-02,train,Checking or savings account,Managing an account,Checking or savings account,Managing an account,0.713072900205068,0.5075803587138401,4
8089256,2024-01-02,train,Checking or savings account,Managing an account,Checking or savings account,Managing an account,0.8551891298526828,0.6933128654861257,0
8090044,2024-01-02,train,Credit card,Problem with a purchase shown on your statement,Credit card,Problem with a purchase shown on your statement,0.5549470773883523,0.35051075020483324,7
8090581,2024-01-02,train,Credit card,Fees or interest,Credit card,Other issue,0.956099777610771,0.5192809662277992,3
8090774,2024-01-02,train,Checking or savings account,Managing an account,Checking or savings account,Managing an account,0.9058075412710046,0.6800651629325917,6
8090869,2024-01-02,train,Credit card,Problem with a purchase shown on your statement,Credit card,Problem with a purchase shown on your statement,0.9065370168095302,0.7644640676532604,5
8091466,2024-01-02,train,Credit card,Problem with a purchase shown on your statement,Credit card,Problem with a purchase shown on your statement,0.9659768950597656,0.8404982443275385,5
8093146,2024-01-02,train,Checking or savings account,Closing an account,Checking or savings account,Closing an account,0.877262645232082,0.5919404563359102,0
8093303,2024-01-02,train,Credit card,Closing your account,Credit card,Closing your account,0.8870055763215974,0.27742260290828646,1
8093312,2024-01-02,train,Checking or savings account,Managing an account,Checking or savings account,Managing an account,0.8706944745719555,0.7508199761447146,0
8093628,2024-01-02,train,Credit card,Problem when making payments,Credit card,Other issue,0.6774908382241895,0.3980179618959203,2
8094128,2024-01-02,train,Credit card,Closing your account,Credit card,Closing your account,0.8300807220197645,0.300138014150147,7
8094289,2024-01-02,train,Credit card,Getting a credit card,Credit card,Getting a credit card,0.9042052772938731,0.556467120192434,1
8094723,2024-01-02,train,Checking or savings account,Managing an account,Checking or savings account,Managing an account,0.8819471373284677,0.7072006477349226,2
8094903,2024-01-02,train,Credit card,Problem with a purchase shown on your statement,Credit card,Problem with a purchase shown on your statement,0.9568289160928681,0.4670545840135902,1
8092448,2024-01-03,train,Credit card,"Advertising and marketing, including promotional offers",Credit card,Other issue,0.90073889975342,0.5407364485852184,1
8092671,2024-01-03,train,Checking or savings account,Opening an account,Checking or savings account,Opening an account,0.8127082530646603,0.3387158613177504,4
8092672,2024-01-03,train,Checking or savings account,Managing an account,Checking or savings account,Managing an account,0.7992627100487608,0.5232366661295845,5
8095742,2024-01-03,train,Credit card,Getting a credit card,Credit card,Getting a credit card,0.7252064996751019,0.48724257726808057,4
8095750,2024-01-03,train,Credit card,Problem with a purchase shown on your statement,Credit card,Problem with a purchase shown on your statement,0.7882868874129453,0.44630011464621366,1
8096178,2024-01-03,train,Checking or savings account,Managing an account,Checking or savings account,Managing an account,0.8883947443804006,0.6639365498353033,0
8097682,2024-01-03,train,"Money transfer, virtual currency, or money service",Fraud or scam,"Money transfer, virtual currency, or money service",Fraud or scam,0.4465061256502463,0.2657783205457388,4
8097725,2024-01-03,train,"Money transfer, virtual currency, or money service",Other transaction problem,"Money transfer, virtual currency, or money service",Other issue,0.45347361493348964,0.43831423297472016,5
8098003,2024-01-03,train,Checking or savings account,Closing an account,Checking or savings account,Closing an account,0.8557167082291821,0.4296918058070706,2
8098222,2024-01-03,train,Checking or savings account,Problem with a lender or other company charging your account,Checking or savings account,Problem with a lender or other company charging your account,0.6892607904572566,0.33129496695408805,5
8098574,2024-01-03,train,Checking or savings account,Opening an account,Checking or savings account,Opening an account,0.5535516804883963,0.3265707799903144,4
8099577,2024-01-03,train,Checking or savings account,Closing an account,Checking or savings account,Closing an account,0.8511927424184276,0.5049714193244275,6
8099769,2024-01-03,train,Credit card,Problem with a purchase shown on your statement,Credit card,Problem with a purchase shown on your statement,0.8143816238366066,0.4890572028640776,5
8099935,2024-01-03,train,Checking or savings account,Problem with a lender or other company charging your account,Checking or savings account,Problem with a lender or other company charging your account,0.6863353884372725,0.3331175316546345,2
8100155,2024-01-03,train,Checking or savings account,Problem with a lender or other company charging your account,Checking or savings account,Problem with a lender or other company charging your account,0.6615897323611487,0.3647694255574342,5
8100475,2024-01-03,train,Credit card,"Other features, terms, or problems",Credit card,Other issue,0.9413634954547604,0.33009244883232347,4
8102349,2024-01-03,train,Credit card,Problem with a purchase shown on your statement,Credit card,Problem with a purchase shown on your statement,0.7582979473713255,0.6692983577869689,5
8102455,2024-01-03,train,Credit card,Trouble using your card,Credit card,Other issue,0.7221705682210711,0.4995953973088549,1
8101895,2024-01-04,train,Checking or savings account,Closing an account,Checking or savings account,Closing an account,0.8422425269706236,0.5289281984901332,0
8102027,2024-01-04,train,"Money transfer, virtual currency, or money service",Fraud or scam,"Money transfer, virtual currency, or money service",Fraud or scam,0.6794863112887214,0.5259986704554188,5
8102957,2024-01-04,train,Checking or savings account,Opening an account,Checking or savings account,Opening an account,0.7449435940244569,0.23785170686021706,6
8102983,2024-01-04,train,Credit card,Problem with a purchase shown on your statement,Credit card,Problem with a purchase shown on your statement,0.7799732511848654,0.6355726452338694,5
8104683,2024-01-04,train,Checking or savings account,Managing an account,Checking or savings account,Managing an account,0.8817526424082942,0.6970214319150497,0
8105302,2024-01-04,train,Checking or savings account,Managing an account,Checking or savings account,Managing an account,0.5984935342895684,0.3209649004886562,1
8106147,2024-01-04,train,Checking or savings account,Managing an account,Checking or savings account,Managing an account,0.9257274240514809,0.7897612181611815,0
8106633,2024-01-04,train,Checking or savings account,Problem with a lender or other company charging your account,Checking or savings account,Problem with a lender or other company charging your account,0.8112162281295384,0.31394602473087924,1
8107195,2024-01-04,train,Checking or savings account,Problem with a lender or other company charging your account,Checking or savings account,Managing an account,0.8538226784685429,0.2770724839369104,0
8107516,2024-01-04,train,Checking or savings account,Problem caused by your funds being low,Checking or savings account,Other issue,0.7824109753057039,0.37076762166310057,6
8107641,2024-01-04,train,Credit card,Problem with a purchase shown on your statement,Credit card,Problem with a purchase shown on your statement,0.8496635995050291,0.6998963139346511,5
8107767,2024-01-04,train,Checking or savings account,Managing an account,Checking or savings account,Managing an account,0.8274885384049885,0.6734795478287742,0
8107777,2024-01-04,train,Checking or savings account,Managing an account,Checking or savings account,Managing an account,0.6738391227928145,0.6072348703303155,0
8108252,2024-01-04,train,Checking or savings account,Managing an account,Checking or savings account,Managing an account,0.6753678686849279,0.4715547778853343,2
8104816,2024-01-05,train,Checking or savings account,Closing an account,Checking or savings account,Closing an account,0.9240330753571054,0.5139038708592676,7
8110379,2024-01-05,train,Credit card,Problem with a purchase shown on your statement,Credit card,Problem with a purchase shown on your statement,0.8742482825750165,0.6070313069944613,5
8111126,2024-01-05,train,Checking or savings account,Opening an account,Checking or savings account,Getting a credit card,0.5779456892283901,0.2916568636432752,2
8111306,2024-01-05,train,"Money transfer, virtual currency, or money service",Lost or stolen money order,Checking or savings account,Managing an account,0.7011891887388751,0.43843305379680225,0
8111705,2024-01-05,train,Checking or savings account,Managing an account,Checking or savings account,Managing an account,0.7066387509726951,0.449279318866441,5
8111958,2024-01-05,train,Credit card,Fees or interest,Credit card,Fees or interest,0.7791607281553414,0.43979237748240163,1
8112412,2024-01-05,train,Checking or savings account,Managing an account,Checking or savings account,Managing an account,0.9530656721356278,0.49774321103103547,0
8112457,2024-01-05,train,Credit card,Improper use of your report,Credit card,Other issue,0.943374017849322,0.6411915565944429,3
8112692,2024-01-05,train,"Money transfer, virtual currency, or money service",Trouble accessing funds in your mobile or digital wallet,"Money transfer, virtual currency, or money service",Other issue,0.5039638280466356,0.5360816325948992,3
8112805,2024-01-05,train,Checking or savings account,Managing an account,Checking or savings account,Managing an account,0.7588215562138182,0.6562540863816102,0
8112816,2024-01-05,train,"Money transfer, virtual currency, or money service",Confusing or misleading advertising or marketing,Credit card,Other issue,0.36785091910629264,0.5423703744715939,0
8112927,2024-01-05,train,Credit card,"Other features, terms, or problems",Credit card,"Other features, terms, or problems",0.7245210282580633,0.32480429480420986,7
8113859,2024-01-05,train,Checking or savings account,Closing an account,Checking or savings account,Closing an account,0.8550334764666204,0.44030046787724153,0
8114234,2024-01-05,train,Credit card,Getting a credit card,Credit card,Getting a credit card,0.6890523702699017,0.3609289294509487,6
8115444,2024-01-05,train,Checking or savings account,Managing an account,Checking or savings account,Managing an account,0.8716762184437761,0.6409877946626906,0
8110290,2024-01-06,train,Checking or savings account,Managing an account,Checking or savings account,Managing an account,0.8711278607936633,0.7159132733216376,2
8110326,2024-01-06,train,Checking or savings account,Opening an account,Checking or savings account,Managing an account,0.8505821079541421,0.32477943545587623,0
8114705,2024-01-06,train,Checking or savings account,Opening an account,Checking or savings account,Opening an account,0.9000928956208204,0.2762932775181446,0
8116709,2024-01-06,train,Checking or savings account,Closing an account,Checking or savings account,Getting a credit card,0.7787464632139278,0.23146483429754097,4
8117082,2024-01-06,train,Credit card,"Other features, terms, or problems",Credit card,"Other features, terms, or problems",0.7456817474684071,0.39998031572746345,2
8117127,2024-01-06,train,Checking or savings account,Opening an account,Checking or savings account,Opening an account,0.841521657524074,0.4966739643166809,6
8117304,2024-01-06,train,"Money transfer, virtual currency, or money service",Fraud or scam,"Money transfer, virtual currency, or money service",Fraud or scam,0.5957247726756467,0.2859742267221859,0
8117544,2024-01-06,train,Credit card,"Advertising and marketing, including promotional offers",Credit card,Other issue,0.9024772631218001,0.42847224539928064,1
8117810,2024-01-06,train,Credit card,Fees or interest,Credit card,Fees or interest,0.9374105739993922,0.4867728715119171,3
8117886,2024-01-06,train,Credit card,Problem with a purchase shown on your statement,Credit card,Problem with a purchase shown on your statement,0.8455179773444257,0.6029852277598278,5
8118037,2024-01-06,train,Checking or savings account,Managing an account,Checking or savings account,Managing an account,0.8223061327893056,0.5263082639597322,4
8119770,2024-01-06,train,Checking or savings account,Managing an account,Checking or savings account,Managing an account,0.843326030280207,0.6335468709371015,6
8118273,2024-01-07,train,Credit card,Problem with a purchase shown on your statement,Credit card,Problem with a purchase shown on your statement,0.7127851418951702,0.4953247279623914,5
8118359,2024-01-07,train,Credit card,Problem with a purchase shown on your statement,Credit card,Problem with a purchase shown on your statement,0.7075890500772176,0.4795926093289053,5
8118528,2024-01-07,train,Checking or savings account,Managing an account,Checking or savings account,Managing an account,0.6920572558845156,0.5563214333796597,4
8118870,2024-01-07,train,"Money transfer, virtual currency, or money service",Trouble accessing funds in your mobile or digital wallet,"Money transfer, virtual currency, or money service",Other issue,0.3461299413761365,0.5039907003047318,4
8119064,2024-01-07,train,Checking or savings account,Managing an account,Checking or savings account,Managing an account,0.7679257493772587,0.5625867995474776,0
8119355,2024-01-07,train,Credit card,Trouble using your card,Credit card,Other issue,0.8999716231265783,0.466840375581323,4
8119449,2024-01-07,train,Credit card,Getting a credit card,Credit card,Getting a credit card,0.976719720338329,0.5383433513145074,1
8119513,2024-01-07,train,Credit card,Incorrect information on your report,Credit card,Other issue,0.8998236082626266,0.6532025099843707,0
8119936,2024-01-07,train,Credit card,Trouble using your card,Credit card,Other issue,0.8781288412095021,0.6076932143312108,3
8120931,2024-01-08,train,Credit card,Closing your account,Credit card,Closing your account,0.6711856271161034,0.22312979606027408,2
8121184,2024-01-08,train,Credit card,"Other features, terms, or problems",Credit card,"Other features, terms, or problems",0.9794961219430405,0.30702532595495813,1
8121996,2024-01-08,train,Checking or savings account,Managing an account,Checking or savings account,Managing an account,0.7959384484294217,0.6264462551751808,0
8122235,2024-01-08,train,"Money transfer, virtual currency, or money service",Fraud or scam,"Money transfer, virtual currency, or money service",Fraud or scam,0.6542481654159469,0.3483903307252384,0
8122815,2024-01-08,train,Checking or savings account,Opening an account,Checking or savings account,Opening an account,0.7567662672002808,0.21316408807634954,5
8123166,2024-01-08,train,Checking or savings account,Managing an account,Checking or savings account,Managing an account,0.7449154249962611,0.6430711400632602,0
8123689,2024-01-08,train,Credit card,Problem with a purchase shown on your statement,Credit card,Problem with a purchase shown on your statement,0.8514446024063942,0.7385917185227368,1
8124347,2024-01-08,train,"Money transfer, virtual currency, or money service",Fraud or scam,"Money transfer, virtual currency, or money service",Fraud or scam,0.545746134470592,0.2894881458563556,2
8126287,2024-01-08,train,Checking or savings account,Managing an account,Checking or savings account,Managing an account,0.8631185546420349,0.6570201183854881,6
8126629,2024-01-08,train,"Money transfer, virtual currency, or money service",Wrong amount charged or received,"Money transfer, virtual currency, or money service",Other issue,0.7698864088272857,0.6584489750260641,3
8127138,2024-01-08,train,"Money transfer, virtual currency, or money service",Fraud or scam,Checking or savings account,Managing an account,0.5361402739607345,0.35526332745650474,0
8124328,2024-01-09,train,Credit card,Problem with a purchase shown on your statement,Credit card,Problem with a purchase shown on your statement,0.7651086219171176,0.5488065380326368,5
8125264,2024-01-09,train,Credit card,Problem with a purchase shown on your statement,Credit card,Problem with a purchase shown on your statement,0.9713503843009663,0.31632901448756057,3
8125401,2024-01-09,train,Credit card,Closing your account,Credit card,Closing your account,0.7018457968385463,0.27104867162054685,0
8129301,2024-01-09,train,Checking or savings account,Closing an account,Checking or savings account,Closing an account,0.9108810340418813,0.4422518372185346,0
8129359,2024-01-09,train,Credit card,Getting a credit card,Credit card,Getting a credit card,0.9819523457709398,0.7026738246120027,1
8129409,2024-01-09,train,Checking or savings account,Managing an account,Checking or savings account,Managing an account,0.8021526361522198,0.6026671513837414,0
8130131,2024-01-09,train,Checking or savings account,Closing an account,Checking or savings account,Closing an account,0.8437311054242013,0.5157147683045171,0
8131126,2024-01-09,train,Checking or savings account,Closing an account,Checking or savings account,Closing an account,0.890906894818463,0.4945286717395583,0
8131151,2024-01-09,train,Checking or savings account,Closing an account,Checking or savings account,Closing an account,0.7430389058006528,0.37911909833010765,0
8131247,2024-01-09,train,Credit card,Getting a credit card,Credit card,Getting a credit card,0.9836821104601926,0.4125176128746636,1
8131539,2024-01-09,train,Checking or savings account,Closing an account,Checking or savings account,Closing an account,0.8785051243300823,0.46551934240140613,0
8131596,2024-01-09,train,Checking or savings account,Incorrect information on your report,Checking or savings account,Other issue,0.7625284367387164,0.3849753801152106,7
8132009,2024-01-09,train,Checking or savings account,Managing an account,Checking or savings account,Managing an account,0.9135576417158945,0.7850690396368121,0
8132263,2024-01-09,train,Credit card,Problem with a purchase shown on your statement,Credit card,Problem with a purchase shown on your statement,0.6830307375742974,0.6022893890599568,2
8134721,2024-01-09,train,Checking or savings account,Closing an account,Checking or savings account,Closing an account,0.8968523385625949,0.41883613872811426,0
8135436,2024-01-09,train,Checking or savings account,Managing an account,Checking or savings account,Managing an account,0.948953332175883,0.6608926464862062,6
8136032,2024-01-09,train,Credit card,Problem with a purchase shown on your statement,Credit card,Problem with a purchase shown on your statement,0.8446374813306111,0.7011838003060376,5
8136230,2024-01-09,train,Credit card,Problem with a purchase shown on your statement,Credit card,Problem with a purchase shown on your statement,0.7221243275814169,0.3196610545299798,6
8136429,2024-01-09,train,Credit card,Fees or interest,Credit card,Fees or interest,0.806021463797787,0.40283341396740974,3
8143426,2024-01-09,train,Credit card,Getting a credit card,Credit card,Getting a credit card,0.8468133580705145,0.48403760159549386,4
8132122,2024-01-10,train,Checking or savings account,Managing an account,Checking or savings account,Managing an account,0.5416437020188036,0.35447495292897596,5
8132588,2024-01-10,train,Credit card,Fees or interest,Credit card,Other issue,0.482097392753526,0.2258024018859611,2
8134361,2024-01-10,train,"Money transfer, virtual currency, or money service",Fraud or scam,"Money transfer, virtual currency, or money service",Other issue,0.5356790769745692,0.2528006560192349,5
8136896,2024-01-10,train,Credit card,Problem with a purchase shown on your statement,Credit card,Problem with a purchase shown on your statement,0.646474253211636,0.501484523849738,5
8137252,2024-01-10,train,"Money transfer, virtual currency, or money service",Fraud or scam,"Money transfer, virtual currency, or money service",Managing an account,0.538962759573443,0.27545773572012133,0
8137919,2024-01-10,train,Credit card,Problem with a purchase shown on your statement,Credit card,Problem with a purchase shown on your statement,0.8971487463425494,0.7831558428036021,5
8138157,2024-01-10,train,"Money transfer, virtual currency, or money service",Other transaction problem,"Money transfer, virtual currency, or money service",Other issue,0.554740131421735,0.3575018496124183,2
8138734,2024-01-10,train,Checking or savings account,Managing an account,Checking or savings account,Managing an account,0.7176851851300865,0.5540390077467608,4
8139335,2024-01-10,train,"Money transfer, virtual currency, or money service",Fraud or scam,"Money transfer, virtual currency, or money service",Fraud or scam,0.45694929335737505,0.2453850784068813,6
8139432,2024-01-10,train,Checking or savings account,Problem with a lender or other company charging your account,Checking or savings account,Problem with a lender or other company charging your account,0.783407489997496,0.5701338646230217,2
8139725,2024-01-10,train,Checking or savings account,Problem with a lender or other company charging your account,Checking or savings account,Problem with a lender or other company charging your account,0.6671901244885226,0.22434193275297185,4
8139887,2024-01-10,train,Credit card,Incorrect information on your report,Credit card,Other issue,0.9529595115843481,0.5758720393319057,6
8139977,2024-01-10,train,Credit card,Fees or interest,Credit card,Fees or interest,0.9754446653118847,0.6149963085117542,3
8140160,2024-01-10,train,Checking or savings account,Managing an account,Checking or savings account,Managing an account,0.844020047793451,0.6876256151608718,2
8143435,2024-01-10,train,Credit card,Trouble using your card,Credit card,Other issue,0.8945072718669539,0.4131456488064846,1
8143444,2024-01-10,train,Credit card,Problem with a purchase shown on your statement,Credit card,Problem with a purchase shown on your statement,0.5847997529121395,0.4652987816231507,5
8140720,2024-01-11,train,Credit card,Problem with a purchase shown on your statement,Credit card,Problem with a purchase shown on your statement,0.8870244911604122,0.5513028218307396,6
8141070,2024-01-11,train,Checking or savings account,Problem with a lender or other company charging your account,Checking or savings account,Managing an account,0.7941816791359807,0.23754541989649003,6
8142236,2024-01-11,train,Credit card,Getting a credit card,Credit card,Getting a credit card,0.8532628277818618,0.32739801671260144,1
8145772,2024-01-11,train,"Money transfer, virtual currency, or money service",Other transaction problem,"Money transfer, virtual currency, or money service",Other issue,0.6587352163497391,0.5937354543263261,0
8145821,2024-01-11,train,Credit card,Fees or interest,Credit card,Fees or interest,0.9329979417284703,0.4994665597817108,3
8146322,2024-01-11,train,"Money transfer, virtual currency, or money service",Money was not available when promised,"Money transfer, virtual currency, or money service",Other issue,0.8059258747420048,0.6607634587811155,2
8146435,2024-01-11,train,Checking or savings account,Managing an account,Checking or savings account,Managing an account,0.8632357293086167,0.7615750535050941,0
8148794,2024-01-11,train,"Money transfer, virtual currency, or money service",Other transaction problem,"Money transfer, virtual currency, or money service",Other issue,0.6503464790515,0.5927868048182549,0
8149482,2024-01-11,train,Checking or savings account,Managing an account,Checking or savings account,Managing an account,0.8266406134589348,0.5683509979615382,5
8149549,2024-01-11,train,Credit card,Closing your account,Credit card,Closing your account,0.7321416988310853,0.3235251709601725,6
8150344,2024-01-11,train,"Money transfer, virtual currency, or money service",Money was not available when promised,"Money transfer, virtual currency, or money service",Other issue,0.6712124707509404,0.5804791637475756,0
8150371,2024-01-11,train,Credit card,Problem with a purchase shown on your statement,Credit card,Problem with a purchase shown on your statement,0.803193684476871,0.6757893191125207,7
8151157,2024-01-11,train,Credit card,Fees or interest,Credit card,Fees or interest,0.9459040823171954,0.5445654593394393,5
8152427,2024-01-11,train,"Money transfer, virtual currency, or money service",Fraud or scam,"Money transfer, virtual currency, or money service",Fraud or scam,0.4666625782036544,0.2921155830588787,0
8152437,2024-01-11,train,Checking or savings account,Closing an account,Checking or savings account,Closing an account,0.8272529512785006,0.3315261295269866,0
8145026,2024-01-12,train,Credit card,Problem with a purchase shown on your statement,Credit card,Problem with a purchase shown on your statement,0.7934269470680638,0.6404086784072249,5
8147890,2024-01-12,train,Credit card,Closing your account,Credit card,Closing your account,0.8619580044231047,0.2825452162788898,4
8148474,2024-01-12,train,Credit card,Problem with a purchase shown on your statement,Credit card,Problem with a purchase shown on your statement,0.9437450962553594,0.6525169567397198,1
8148544,2024-01-12,train,Checking or savings account,Managing an account,Checking or savings account,Managing an account,0.9195169187852963,0.7883713962006231,0
8149073,2024-01-12,train,Checking or savings account,Problem with a lender or other company charging your account,Checking or savings account,Problem with a lender or other company charging your account,0.8349281500243511,0.2947675568350011,0
8149622,2024-01-12,train,Checking or savings account,Managing an account,Checking or savings account,Managing an account,0.7460991230657104,0.5201728618107404,6
8151794,2024-01-12,train,Credit card,Problem with a purchase shown on your statement,Credit card,Problem with a purchase shown on your statement,0.8011554989729285,0.6754498154393936,5
8151992,2024-01-12,train,Checking or savings account,Managing an account,Checking or savings account,Managing an account,0.7334621172340772,0.4690638743052906,7
8162053,2024-01-12,train,Credit card,"Other features, terms, or problems",Credit card,"Other features, terms, or problems",0.8933209737057399,0.3460977429510159,4
8162077,2024-01-12,train,"Money transfer, virtual currency, or money service",Unauthorized transactions or other transaction problem,"Money transfer, virtual currency, or money service",Other issue,0.5711123558994557,0.41122339900670235,5
8162213,2024-01-12,train,Credit card,Problem when making payments,Credit card,Other issue,0.9489853496570785,0.5593164243260984,3
8162222,2024-01-12,train,Credit card,Getting a credit card,Credit card,Getting a credit card,0.9528320200758263,0.5510967085295588,1
8162247,2024-01-12,train,Credit card,Closing your account,Credit card,Closing your account,0.6209792718571326,0.3112079142624601,4
8162375,2024-01-12,train,Credit card,Problem when making payments,Credit card,Other issue,0.6908727644837426,0.4143425688328967,1
8162403,2024-01-12,train,Checking or savings account,Managing an account,Checking or savings account,Managing an account,0.8067188517630499,0.6018591227171617,6
8162578,2024-01-12,train,"Money transfer, virtual currency, or money service",Fraud or scam,"Money transfer, virtual currency, or money service",Fraud or scam,0.6264866647791298,0.308045963110402,6
8172686,2024-01-12,train,Credit card,Problem with a purchase shown on your statement,Credit card,Problem with a purchase shown on your statement,0.7738738114371801,0.46155749008438457,4
8173082,2024-01-12,train,Credit card,"Other features, terms, or problems",Credit card,"Other features, terms, or problems",0.7880514982651337,0.3590270121233376,1
8173136,2024-01-12,train,Credit card,Closing your account,Credit card,Closing your account,0.7031239679746724,0.23481688665474432,0
8181303,2024-01-12,train,Credit card,Fees or interest,Credit card,Fees or interest,0.7690914513845105,0.4708190343001383,3
8154001,2024-01-13,train,"Money transfer, virtual currency, or money service",Problem adding money,"Money transfer, virtual currency, or money service",Other issue,0.5030384269479576,0.4572346775880014,0
8154519,2024-01-13,train,Credit card,Getting a credit card,Credit card,Getting a credit card,0.961207008371668,0.7170008242227136,4
8154696,2024-01-13,train,Credit card,Getting a credit card,Credit card,Getting a credit card,0.9614596044470953,0.7145615187282842,4
8154707,2024-01-13,train,Checking or savings account,Managing an account,Checking or savings account,Managing an account,0.8566720634085229,0.6937453223322851,0
8173386,2024-01-13,train,"Money transfer, virtual currency, or money service",Unauthorized transactions or other transaction problem,"Money transfer, virtual currency, or money service",Other issue,0.5391979335985557,0.5498880496570516,5
8155298,2024-01-14,train,Credit card,Problem with a purchase shown on your statement,Credit card,Problem with a purchase shown on your statement,0.8215934050937057,0.6648973196585758,5
8155328,2024-01-14,train,Checking or savings account,Closing an account,Checking or savings account,Closing an account,0.8547437774409747,0.48927406853433913,0
8156068,2024-01-14,train,"Money transfer, virtual currency, or money service",Unauthorized transactions or other transaction problem,"Money transfer, virtual currency, or money service",Other issue,0.6503774036285634,0.6686554682867366,4
8172483,2024-01-14,train,Checking or savings account,Closing an account,Checking or savings account,Closing an account,0.8488910750654751,0.5107741431508268,0
8156666,2024-01-15,train,Credit card,"Other features, terms, or problems",Credit card,Other issue,0.8352611032087036,0.3205198184851843,4
8156944,2024-01-15,train,Credit card,Closing your account,Credit card,Closing your account,0.863754255464036,0.33834553958421565,1
8158619,2024-01-15,train,Credit card,Problem with a purchase shown on your statement,Credit card,Problem with a purchase shown on your statement,0.8429498205896809,0.6626348673206971,5
8181208,2024-01-15,train,Credit card,Getting a credit card,Credit card,Getting a credit card,0.8571397290902978,0.4270539887756299,4
8158067,2024-01-16,train,Credit card,Fees or interest,Credit card,Fees or interest,0.8537554140323733,0.3973991618445283,1
8158110,2024-01-16,train,Credit card,"Other features, terms, or problems",Credit card,Other issue,0.8575474296548639,0.28575231482418156,4
8159228,2024-01-16,train,Credit card,Problem with a purchase shown on your statement,Credit card,Problem with a purchase shown on your statement,0.7210945664040473,0.6579861034703586,5
8162557,2024-01-16,train,Credit card,Closing your account,Credit card,Getting a credit card,0.9378480692664067,0.2349265968353051,4
8159096,2024-01-17,train,Checking or savings account,Closing an account,Checking or savings account,Closing an account,0.7950260483595474,0.26498130198735764,0
8159693,2024-01-17,train,Checking or savings account,Opening an account,Checking or savings account,Opening an account,0.9244832137663885,0.41192228545707416,7
8160171,2024-01-17,train,"Money transfer, virtual currency, or money service",Other transaction problem,"Money transfer, virtual currency, or money service",Other issue,0.5864967937134143,0.5181981144321238,0
8164739,2024-01-17,train,Checking or savings account,Opening an account,Checking or savings account,Opening an account,0.6415672546924218,0.338126026672042,4
8164869,2024-01-17,train,"Money transfer, virtual currency, or money service",Money was not available when promised,"Money transfer, virtual currency, or money service",Other issue,0.540256153954682,0.3484263978735772,2
8164984,2024-01-17,train,Checking or savings account,Opening an account,Checking or savings account,Opening an account,0.8610324642583457,0.3155853355116603,6
8165705,2024-01-17,train,Credit card,"Other features, terms, or problems",Credit card,"Other features, terms, or problems",0.7479530566674732,0.24799087549302443,5
8166446,2024-01-17,train,"Money transfer, virtual currency, or money service",Money was not available when promised,"Money transfer, virtual currency, or money service",Other issue,0.7633013999968766,0.5940512485220121,0
8166571,2024-01-17,train,Credit card,Closing your account,Credit card,Closing your account,0.7032793959278046,0.2878341193730976,2
8166688,2024-01-17,train,Checking or savings account,Managing an account,Checking or savings account,Managing an account,0.7410688425850405,0.5499322542090866,0
8171286,2024-01-17,train,Credit card,Problem with a purchase shown on your statement,Credit card,Problem with a purchase shown on your statement,0.9244690485084387,0.5685855090855864,1
8171355,2024-01-17,train,Checking or savings account,Closing an account,Checking or savings account,Closing an account,0.7329298228770557,0.3993072702386844,2
8166219,2024-01-18,train,Checking or savings account,Managing an account,Checking or savings account,Managing an account,0.9189277726503919,0.7169227389313482,0
8169825,2024-01-18,train,Credit card,"Advertising and marketing, including promotional offers",Credit card,Other issue,0.955041170769834,0.5606189170891096,1
8170211,2024-01-18,train,"Money transfer, virtual currency, or money service",Fraud or scam,"Money transfer, virtual currency, or money service",Other issue,0.7456098234614542,0.33092965403100416,0
8170393,2024-01-18,train,Checking or savings account,Closing an account,Checking or savings account,Closing an account,0.9286288746440388,0.6114466125473139,2
8170580,2024-01-18,train,Credit card,Problem with a purchase shown on your statement,Credit card,Problem with a purchase shown on your statement,0.922230702079139,0.7198557473485052,5
8173569,2024-01-18,train,Credit card,Problem when making payments,Credit card,Other issue,0.9301948661949837,0.4224747957653432,1
8177331,2024-01-18,train,Checking or savings account,Managing an account,Checking or savings account,Managing an account,0.7914525095445316,0.6610668892261287,0
8177893,2024-01-18,train,Checking or savings account,Managing an account,Checking or savings account,Managing an account,0.6541631137397328,0.5290374350064332,7
8177981,2024-01-18,train,Checking or savings account,Opening an account,Checking or savings account,Managing an account,0.9062105561411311,0.34161760140817193,0
8178188,2024-01-18,train,"Money transfer, virtual currency, or money service",Unauthorized transactions or other transaction problem,"Money transfer, virtual currency, or money service",Other issue,0.6206069743592773,0.4088802832074226,0
8179238,2024-01-18,train,Checking or savings account,Problem with a lender or other company charging your account,Checking or savings account,Problem with a lender or other company charging your account,0.9079330113486034,0.46687317518204413,2
8179585,2024-01-18,train,"Money transfer, virtual currency, or money service",Money was not available when promised,"Money transfer, virtual currency, or money service",Other issue,0.5600099168308208,0.42837195859513033,2
8179586,2024-01-18,train,Credit card,Problem with a purchase shown on your statement,Credit card,Problem with a purchase shown on your statement,0.6951760265843588,0.4683117048844584,5
8179624,2024-01-18,train,Checking or savings account,Problem with a lender or other company charging your account,Checking or savings account,Problem with a lender or other company charging your account,0.909024112657867,0.35297989286653625,0
8174649,2024-01-19,train,Checking or savings account,Managing an account,Checking or savings account,Managing an account,0.8604942795381664,0.6208905911230317,5
8174742,2024-01-19,train,Checking or savings account,Closing an account,Checking or savings account,Closing an account,0.8764211334658559,0.5389002106155826,0
8175530,2024-01-19,train,Credit card,Problem with a purchase shown on your statement,Credit card,Problem with a purchase shown on your statement,0.9257480486076347,0.7412456034794151,5
8175748,2024-01-19,train,Checking or savings account,Managing an account,Checking or savings account,Managing an account,0.7452865344524885,0.51810823792096,0
8182289,2024-01-19,train,Credit card,Problem with a purchase shown on your statement,Credit card,Problem with a purchase shown on your statement,0.7997143490644056,0.6553739388590741,5
8182370,2024-01-19,train,Credit card,Problem with a purchase shown on your statement,Credit card,Problem with a purchase shown on your statement,0.8059677268855918,0.5111207102845116,4
8182447,2024-01-19,train,Checking or savings account,Managing an account,Checking or savings account,Managing an account,0.772020384620237,0.5068574393311852,2
8182843,2024-01-19,train,Checking or savings account,Opening an account,Checking or savings account,Opening an account,0.6506241675246369,0.27457157399008514,0
8184449,2024-01-19,train,Credit card,Problem with a purchase shown on your statement,Credit card,Problem with a purchase shown on your statement,0.8439594205729897,0.6885955069138011,5
8184477,2024-01-19,train,Credit card,Fees or interest,Credit card,Fees or interest,0.8998850442570144,0.49909128892397725,3
8188616,2024-01-19,train,Credit card,Fees or interest,Credit card,Fees or interest,0.8560476815821264,0.21047113713347257,4
8188740,2024-01-19,train,Credit card,"Other features, terms, or problems",Credit card,"Other features, terms, or problems",0.8181778489136572,0.36332911566931764,5
8189028,2024-01-19,train,Checking or savings account,Closing an account,Checking or savings account,Closing an account,0.818286399286567,0.6193998764231535,0
8184845,2024-01-20,train,Checking or savings account,Problem with a lender or other company charging your account,Checking or savings account,Managing an account,0.9343685961695866,0.3110279516301943,0
8184986,2024-01-20,train,Credit card,Problem with a purchase shown on your statement,Credit card,Problem with a purchase shown on your statement,0.7248545166824807,0.44713377531260323,1
8185151,2024-01-20,train,Credit card,Problem with a purchase shown on your statement,Credit card,Problem with a purchase shown on your statement,0.8727979128041373,0.9069938604245373,5
8185507,2024-01-20,train,Checking or savings account,Managing an account,Checking or savings account,Managing an account,0.8169496240538019,0.5517256987147319,7
8185732,2024-01-20,train,Checking or savings account,Managing an account,Checking or savings account,Managing an account,0.859363962047334,0.5522497394858048,0
8185734,2024-01-20,train,Checking or savings account,Closing an account,Checking or savings account,Closing an account,0.8701667795676158,0.5765513039762076,2
8192241,2024-01-20,train,Credit card,Getting a credit card,Credit card,Getting a credit card,0.7641091823768115,0.21998225234390095,5
8192505,2024-01-20,train,Checking or savings account,Managing an account,Checking or savings account,Managing an account,0.8942631169077356,0.7200080712608159,4
8192848,2024-01-20,train,Credit card,"Other features, terms, or problems",Credit card,"Other features, terms, or problems",0.6363806401395393,0.25998418713302907,0
8193335,2024-01-20,train,Checking or savings account,Managing an account,Checking or savings account,Managing an account,0.7055640725927523,0.45458585821186087,4
8193423,2024-01-20,train,Checking or savings account,Managing an account,Checking or savings account,Managing an account,0.8959694376346322,0.7175750323485902,5
8193438,2024-01-20,train,Checking or savings account,Managing an account,Checking or savings account,Managing an account,0.9244312715072649,0.7399176230123453,0
8193637,2024-01-20,train,Checking or savings account,Managing an account,Checking or savings account,Managing an account,0.8634326884707814,0.790012006021976,2
8190627,2024-01-21,train,"Money transfer, virtual currency, or money service",Other transaction problem,"Money transfer, virtual currency, or money service",Other issue,0.47761602827545635,0.5090212884606385,6
8191053,2024-01-21,train,"Money transfer, virtual currency, or money service",Other transaction problem,"Money transfer, virtual currency, or money service",Other issue,0.5288176839680846,0.4510734784247783,4
8191606,2024-01-21,train,Checking or savings account,Managing an account,Checking or savings account,Managing an account,0.9421221777976581,0.7570288320744186,0
8191855,2024-01-21,train,Checking or savings account,Managing an account,Checking or savings account,Managing an account,0.8914685053301868,0.8219245214746609,0
8194319,2024-01-21,train,"Money transfer, virtual currency, or money service",Fraud or scam,"Money transfer, virtual currency, or money service",Fraud or scam,0.6303956651335111,0.34521183821515344,0
8194338,2024-01-21,train,Credit card,Problem with a purchase shown on your statement,Credit card,Problem with a purchase shown on your statement,0.9463473550949948,0.5661204225159084,1
8195787,2024-01-21,train,"Money transfer, virtual currency, or money service",Other transaction problem,"Money transfer, virtual currency, or money service",Other issue,0.7488395223316476,0.5468074707264133,0
8195847,2024-01-21,train,"Money transfer, virtual currency, or money service",Other transaction problem,"Money transfer, virtual currency, or money service",Other issue,0.6817406806006981,0.5918317674931215,5
8196018,2024-01-21,train,Credit card,Closing your account,Credit card,Closing your account,0.7470306075453554,0.22195670786083574,6
8196195,2024-01-21,train,Checking or savings account,Problem with a lender or other company charging your account,Checking or savings account,Problem with a lender or other company charging your account,0.7087698151868452,0.30576914965046975,6
8196784,2024-01-21,train,Credit card,"Other features, terms, or problems",Credit card,"Other features, terms, or problems",0.9462258565734524,0.3955203188498695,1
8196826,2024-01-21,train,Checking or savings account,Managing an account,Checking or savings account,Managing an account,0.5728104897903447,0.495438358818668,4
8196997,2024-01-21,train,Credit card,"Other features, terms, or problems",Credit card,"Other features, terms, or problems",0.8831531738701435,0.42266524370905056,5
8195996,2024-01-22,train,Credit card,Problem when making payments,Credit card,Other issue,0.6594149032189892,0.46060472427588156,3
8198667,2024-01-22,train,Credit card,Incorrect information on your report,Credit card,Other issue,0.9510907998455278,0.6314908398917267,6
8199094,2024-01-22,train,Checking or savings account,Opening an account,Checking or savings account,Opening an account,0.7971678384950058,0.2949068337078393,0
8199453,2024-01-22,train,Credit card,"Other features, terms, or problems",Credit card,"Other features, terms, or problems",0.554663003029792,0.2878267356502267,1
8201016,2024-01-22,train,Checking or savings account,Managing an account,Checking or savings account,Problem with a purchase shown on your statement,0.5279622324495366,0.3537052377930445,5
8202272,2024-01-22,train,Checking or savings account,Managing an account,Checking or savings account,Managing an account,0.8579099028147257,0.7051112988777894,0
8202276,2024-01-22,train,Checking or savings account,Problem with a lender or other company charging your account,Checking or savings account,Problem with a lender or other company charging your account,0.8740723326106441,0.3629046043255894,2
8202652,2024-01-22,train,"Money transfer, virtual currency, or money service",Other transaction problem,"Money transfer, virtual currency, or money service",Other issue,0.6920132300067934,0.6023354800581355,5
8202684,2024-01-22,train,Credit card,"Other features, terms, or problems",Credit card,"Other features, terms, or problems",0.939117570774928,0.41396782725923925,5
8202850,2024-01-22,train,Credit card,Trouble using your card,Credit card,Other issue,0.9800554429349447,0.6786739160896283,3
8202959,2024-01-22,train,Checking or savings account,Closing an account,Checking or savings account,Closing an account,0.5485786565689699,0.30304241404302273,3
8199464,2024-01-23,train,Credit card,Getting a credit card,Credit card,Getting a credit card,0.7340270087651878,0.38010826749798815,6
8199778,2024-01-23,train,Checking or savings account,Problem with a lender or other company charging your account,Checking or savings account,Problem with a lender or other company charging your account,0.657583798190829,0.4663505562797572,5
8200234,2024-01-23,train,Checking or savings account,Managing an account,Checking or savings account,Managing an account,0.7918963417855168,0.671011215161448,0
8200668,2024-01-23,train,Checking or savings account,Closing an account,Checking or savings account,Closing an account,0.8874262909137112,0.5705109882607894,0
8204274,2024-01-23,train,Credit card,Fees or interest,Credit card,Fees or interest,0.9782247063420645,0.8371959320772945,3
8204514,2024-01-23,train,Checking or savings account,Managing an account,Checking or savings account,Managing an account,0.8962349934691117,0.6559105172286817,2
8206135,2024-01-23,train,Credit card,Getting a credit card,Credit card,Getting a credit card,0.7428178359254991,0.2855996615986124,2
8206762,2024-01-23,train,Checking or savings account,Problem with a lender or other company charging your account,Checking or savings account,Other issue,0.6298404760782177,0.24899872020482416,5
8206792,2024-01-23,train,"Money transfer, virtual currency, or money service",Other transaction problem,"Money transfer, virtual currency, or money service",Other issue,0.625615772014089,0.3717424003528957,0
8207501,2024-01-23,train,Checking or savings account,Managing an account,Checking or savings account,Managing an account,0.8698976147175693,0.571832301876723,7
8208108,2024-01-23,train,Credit card,"Other features, terms, or problems",Credit card,"Other features, terms, or problems",0.8976843500208542,0.3307523955101823,5
8208729,2024-01-23,train,"Money transfer, virtual currency, or money service",Fraud or scam,"Money transfer, virtual currency, or money service",Fraud or scam,0.5996275694308891,0.33369527899981694,2
8208851,2024-01-23,train,Checking or savings account,Opening an account,Checking or savings account,Opening an account,0.7283720358967714,0.2948603271896858,0
8209131,2024-01-23,train,Checking or savings account,Managing an account,Checking or savings account,Managing an account,0.8960918985816484,0.5409726910656865,6
8209319,2024-01-23,train,"Money transfer, virtual currency, or money service",Fraud or scam,"Money transfer, virtual currency, or money service",Managing an account,0.5277181204489871,0.3541310450681828,0
8210418,2024-01-23,train,Credit card,Problem with a purchase shown on your statement,Credit card,Problem with a purchase shown on your statement,0.6817840282238092,0.4181382356801288,1
8212125,2024-01-24,train,Credit card,"Other features, terms, or problems",Credit card,"Other features, terms, or problems",0.7858380769702895,0.2679691577422173,4
8214538,2024-01-24,train,Credit card,Problem with a purchase shown on your statement,Credit card,Problem with a purchase shown on your statement,0.745902398236436,0.348923998150907,1
8215305,2024-01-24,train,Checking or savings account,Problem caused by your funds being low,Checking or savings account,Other issue,0.5465529594611879,0.6567205866985913,3
8215327,2024-01-24,train,Credit card,Unable to get your credit report or credit score,Credit card,Other issue,0.9641009706275139,0.5254919415555543,1
8215789,2024-01-24,train,Credit card,Problem with a purchase shown on your statement,Credit card,Problem with a purchase shown on your statement,0.9370689670451845,0.5472129587797674,1
8216374,2024-01-24,train,Checking or savings account,Managing an account,Checking or savings account,Managing an account,0.7558050967221199,0.43508957953979405,3
8216487,2024-01-24,train,Credit card,Problem with a purchase shown on your statement,Credit card,Problem with a purchase shown on your statement,0.8835513475149663,0.8145587642824252,5
8216997,2024-01-24,train,Checking or savings account,Managing an account,Checking or savings account,Managing an account,0.866160460267156,0.6831202843613283,6
8217160,2024-01-24,train,Credit card,Getting a credit card,Credit card,Getting a credit card,0.7832166964082857,0.40416115050252494,4
8217689,2024-01-24,train,Checking or savings account,Closing an account,Checking or savings account,Closing an account,0.8542124598575935,0.38123992959708086,0
8218244,2024-01-24,train,Credit card,Problem with a company's investigation into an existing problem,Credit card,Other issue,0.8711329302509304,0.5378666429923454,2
8218247,2024-01-24,train,"Money transfer, virtual currency, or money service",Fraud or scam,Checking or savings account,Managing an account,0.5855516451018116,0.25589349293879493,2
8218458,2024-01-24,train,Checking or savings account,Managing an account,Checking or savings account,Managing an account,0.6998575526785771,0.44143340844014056,7
8220957,2024-01-24,train,Credit card,Getting a credit card,Credit card,Getting a credit card,0.9461541446911443,0.5846002727749754,4
8221068,2024-01-24,train,Checking or savings account,Managing an account,Checking or savings account,Managing an account,0.9136592411881049,0.7000433714174747,0
8214077,2024-01-25,train,Credit card,"Other features, terms, or problems",Credit card,"Other features, terms, or problems",0.8461598021946611,0.31354494152608575,1
8221448,2024-01-25,train,Checking or savings account,Problem with a lender or other company charging your account,Checking or savings account,Problem with a lender or other company charging your account,0.6894470004297294,0.32279513612686533,3
8221691,2024-01-25,train,Checking or savings account,Managing an account,Checking or savings account,Managing an account,0.7008621894371272,0.48893277424164516,0
8222431,2024-01-25,train,Checking or savings account,Managing an account,Checking or savings account,Managing an account,0.9146673320723321,0.7718301393444442,0
8222645,2024-01-25,train,Checking or savings account,Managing an account,Checking or savings account,Managing an account,0.7925980761374197,0.5294377073669532,5
8223170,2024-01-25,train,Checking or savings account,Managing an account,Checking or savings account,Managing an account,0.8937611505637769,0.7218165340000338,5
8223230,2024-01-25,train,"Money transfer, virtual currency, or money service",Fraud or scam,Checking or savings account,Managing an account,0.5371233463939461,0.35367824561991834,2
8223814,2024-01-25,train,Checking or savings account,Managing an account,Checking or savings account,Managing an account,0.8597362526378277,0.6144611216957706,2
8224660,2024-01-25,train,Checking or savings account,Managing an account,Checking or savings account,Managing an account,0.8118320713489646,0.5853540049948881,2
8225045,2024-01-25,train,Credit card,Problem with a purchase shown on your statement,Credit card,Problem with a purchase shown on your statement,0.7330894732528885,0.4814594740368264,1
8225624,2024-01-25,train,Checking or savings account,Managing an account,Checking or savings account,Managing an account,0.8391093331192266,0.6512907166405517,0
8225662,2024-01-25,train,Credit card,Getting a credit card,Credit card,Getting a credit card,0.8920430082908483,0.5454060484228213,4
8228401,2024-01-25,train,Checking or savings account,Managing an account,Checking or savings account,Managing an account,0.7876465011203283,0.5464755305319534,7
8226278,2024-01-26,train,Credit card,Problem with a purchase shown on your statement,Credit card,Problem with a purchase shown on your statement,0.9004012463121651,0.6521118294990574,1
8226514,2024-01-26,train,Credit card,"Advertising and marketing, including promotional offers",Credit card,Other issue,0.8629052672302238,0.3450227129190113,4
8228881,2024-01-26,train,Credit card,Trouble using your card,Credit card,Other issue,0.9268917674773962,0.4598047699079085,1
8229051,2024-01-26,train,Checking or savings account,Managing an account,Checking or savings account,Managing an account,0.6493710023423885,0.5722569403048424,5
8230319,2024-01-26,train,Credit card,Problem with a purchase shown on your statement,Credit card,Problem with a purchase shown on your statement,0.8518850576185377,0.6014153357077827,5
8230424,2024-01-26,train,Checking or savings account,Managing an account,Checking or savings account,Managing an account,0.8943202679011069,0.741858648520201,2
8230527,2024-01-26,train,Credit card,Fees or interest,Credit card,Fees or interest,0.8515231757145887,0.43379336766547877,1
8230700,2024-01-26,train,Checking or savings account,Problem with a lender or other company charging your account,Checking or savings account,Problem with a lender or other company charging your account,0.8451968368548507,0.3010356866267503,5
8231509,2024-01-26,train,"Money transfer, virtual currency, or money service",Trouble accessing funds in your mobile or digital wallet,"Money transfer, virtual currency, or money service",Other issue,0.6302717387358642,0.6218283157093646,5
8232613,2024-01-26,train,Credit card,Closing your account,Credit card,Closing your account,0.9413973618221254,0.6572560842348709,3
8234255,2024-01-26,train,Checking or savings account,Managing an account,Checking or savings account,Managing an account,0.7072733018091497,0.44992774216309855,5
8233391,2024-01-27,train,Checking or savings account,Opening an account,Checking or savings account,Opening an account,0.9107344713352369,0.46183505460886326,0
8233515,2024-01-27,train,Checking or savings account,Problem with a lender or other company charging your account,Checking or savings account,Problem with a lender or other company charging your account,0.9008004477871954,0.342970701352362,0
8235797,2024-01-27,train,Credit card,Fees or interest,Credit card,Fees or interest,0.9420552875442213,0.5092559343622454,7
8236199,2024-01-27,train,Checking or savings account,Managing an account,Checking or savings account,Managing an account,0.9125996833034999,0.73731921888305,0
8236260,2024-01-27,train,Credit card,"Other features, terms, or problems",Credit card,"Other features, terms, or problems",0.734742171732626,0.21363371655973168,1
8236452,2024-01-27,train,Checking or savings account,Managing an account,Checking or savings account,Managing an account,0.901094707911465,0.7268196180969326,0
8236749,2024-01-27,train,Credit card,Fees or interest,Credit card,Fees or interest,0.9116204924861852,0.4302043570437244,3
8236992,2024-01-27,train,Checking or savings account,Managing an account,Checking or savings account,Managing an account,0.8633013399247763,0.6148787449935632,0
8237383,2024-01-27,train,Checking or savings account,Managing an account,Checking or savings account,Managing an account,0.9544614457592121,0.859648438933755,0
8237668,2024-01-27,train,Checking or savings account,Closing an account,Checking or savings account,Closing an account,0.8877609760290698,0.4603637292799869,0
8237930,2024-01-27,train,Credit card,Trouble using your card,Credit card,Other issue,0.9627664199315401,0.6953605037707332,1
8235446,2024-01-28,train,Credit card,Getting a credit card,Credit card,Getting a credit card,0.7869336594058635,0.29886304408817116,4
8235610,2024-01-28,train,Credit card,"Other features, terms, or problems",Credit card,"Other features, terms, or problems",0.7913425614025912,0.25341492878260613,5
8239337,2024-01-28,train,Checking or savings account,Managing an account,Checking or savings account,Managing an account,0.799256205277557,0.5564505953866786,0
8239343,2024-01-28,train,Checking or savings account,Managing an account,Checking or savings account,Managing an account,0.9047283799575635,0.6138419676293277,0
8239761,2024-01-28,train,"Money transfer, virtual currency, or money service",Fraud or scam,"Money transfer, virtual currency, or money service",Fraud or scam,0.4510241610791203,0.28752309820972677,5
8240050,2024-01-28,train,Credit card,"Other features, terms, or problems",Credit card,"Other features, terms, or problems",0.7733883351935839,0.28841618361761173,4
8240355,2024-01-28,train,Checking or savings account,Managing an account,Checking or savings account,Managing an account,0.8662834603663467,0.6914842815367992,1
8240957,2024-01-28,train,Credit card,"Other features, terms, or problems",Credit card,"Other features, terms, or problems",0.9673762444036573,0.43925069607472844,4
8238433,2024-01-29,train,Credit card,Getting a credit card,Credit card,Getting a credit card,0.9132906767526425,0.5226807283734198,4
8238524,2024-01-29,train,"Money transfer, virtual currency, or money service",Fraud or scam,"Money transfer, virtual currency, or money service",Fraud or scam,0.45196630075649,0.2571971873087607,0
8241646,2024-01-29,train,Checking or savings account,Managing an account,Checking or savings account,Managing an account,0.6963749719714383,0.5004830995335947,0
8242171,2024-01-29,train,Checking or savings account,Managing an account,Checking or savings account,Managing an account,0.7967454454536885,0.5736598736609302,2
8242199,2024-01-29,train,"Money transfer, virtual currency, or money service","Managing, opening, or closing your mobile wallet account","Money transfer, virtual currency, or money service",Other issue,0.4475490700211291,0.5134513877538658,1
8242245,2024-01-29,train,Credit card,Fees or interest,Credit card,Fees or interest,0.9123241910987415,0.6672504517849848,3
8242328,2024-01-29,train,Credit card,Problem with a purchase shown on your statement,Credit card,Problem with a purchase shown on your statement,0.9117698611366283,0.8801688338306781,2
8242999,2024-01-29,train,Credit card,Fees or interest,Credit card,Fees or interest,0.9502553838957741,0.4109790022621655,1
8244905,2024-01-29,train,"Money transfer, virtual currency, or money service",Fraud or scam,"Money transfer, virtual currency, or money service",Fraud or scam,0.43788087925985636,0.2459913017859158,5
8245470,2024-01-29,train,Checking or savings account,Problem with a lender or other company charging your account,Checking or savings account,Problem with a lender or other company charging your account,0.8703612621653241,0.5337707351561767,7
8245482,2024-01-29,train,Credit card,Getting a credit card,Credit card,Getting a credit card,0.9633245546316621,0.3063688472525393,1
8245671,2024-01-29,train,Checking or savings account,Problem with a lender or other company charging your account,Checking or savings account,Problem with a lender or other company charging your account,0.7800267174741023,0.335181716492828,7
8245789,2024-01-29,train,Credit card,Incorrect information on your report,Credit card,Other issue,0.8218761811067227,0.7513700459550224,3
8247672,2024-01-29,train,Checking or savings account,Managing an account,Checking or savings account,Managing an account,0.8116127757854618,0.6800525218910582,6
8243247,2024-01-30,train,Checking or savings account,Closing an account,Checking or savings account,Managing an account,0.8688772695019739,0.3392510952043178,0
8243616,2024-01-30,train,Credit card,Problem with a purchase shown on your statement,Credit card,Problem with a purchase shown on your statement,0.8340476047623002,0.5100575648673933,5
8244172,2024-01-30,train,"Money transfer, virtual currency, or money service",Other service problem,"Money transfer, virtual currency, or money service",Other issue,0.5968126046952802,0.5050906358372178,6
8244179,2024-01-30,train,"Money transfer, virtual currency, or money service",Fraud or scam,"Money transfer, virtual currency, or money service",Managing an account,0.4373440035698754,0.28472039719332676,0
8247742,2024-01-30,train,Credit card,Trouble using your card,Credit card,Other issue,0.78420560888832,0.363163800464645,1
8248170,2024-01-30,train,"Money transfer, virtual currency, or money service",Lost or stolen money order,"Money transfer, virtual currency, or money service",Other issue,0.5788419008944597,0.37854841800216743,5
8250676,2024-01-30,train,Credit card,Problem with a purchase shown on your statement,Credit card,Problem with a purchase shown on your statement,0.8461197374672945,0.3576624977107338,3
8250851,2024-01-30,train,Checking or savings account,Problem caused by your funds being low,Checking or savings account,Other issue,0.8225466049143334,0.3677206671739275,5
8251573,2024-01-30,train,Credit card,Getting a credit card,Credit card,Getting a credit card,0.6135717323543657,0.5661495069005954,0
8251708,2024-01-30,train,Credit card,Fees or interest,Credit card,Fees or interest,0.947884658879278,0.5978207414315804,3
8251712,2024-01-30,train,Credit card,"Advertising and marketing, including promotional offers",Credit card,Other issue,0.9540508309391047,0.5590032133847,1
8252472,2024-01-30,train,Checking or savings account,Managing an account,Checking or savings account,Managing an account,0.6998340793686141,0.5016570474264582,5
8252836,2024-01-30,train,Checking or savings account,Closing an account,Checking or savings account,Closing an account,0.8662761028583399,0.6368780328796334,0
8252923,2024-01-30,train,Credit card,Getting a credit card,Credit card,Getting a credit card,0.6606262663137257,0.3416511539386476,6
8253237,2024-01-30,train,"Money transfer, virtual currency, or money service",Problem adding money,"Money transfer, virtual currency, or money service",Other issue,0.6161745039136222,0.5430730174606225,0
8254050,2024-01-30,train,Credit card,Getting a credit card,Credit card,Getting a credit card,0.8468411588592412,0.36594742454338036,4
8254749,2024-01-30,train,Checking or savings account,Managing an account,Checking or savings account,Managing an account,0.8446499170231274,0.6360156310258256,0
8255200,2024-01-30,train,Checking or savings account,Managing an account,Checking or savings account,Managing an account,0.9336387604689239,0.7293491660706989,0
8255430,2024-01-31,train,Credit card,Closing your account,Credit card,Closing your account,0.713113543459734,0.39049218023271587,0
8255534,2024-01-31,train,Credit card,Closing your account,Credit card,Closing your account,0.9627219810477445,0.6267643743428674,3
8255535,2024-01-31,train,Credit card,Closing your account,Credit card,Closing your account,0.9555789607184023,0.6526421905874646,3
8255536,2024-01-31,train,"Money transfer, virtual currency, or money service",Trouble accessing funds in your mobile or digital wallet,"Money transfer, virtual currency, or money service",Other issue,0.5476421175607211,0.49804884955496875,7
8255540,2024-01-31,train,Credit card,Closing your account,Credit card,Closing your account,0.9477254254137523,0.6516006804310558,3
8255927,2024-01-31,train,Checking or savings account,Closing an account,Checking or savings account,Closing an account,0.8760688982596084,0.41945402561893835,0
8256566,2024-01-31,train,Checking or savings account,Problem caused by your funds being low,Checking or savings account,Other issue,0.8556018349482035,0.5437353641018111,2
8257121,2024-01-31,train,Checking or savings account,Opening an account,Checking or savings account,Other issue,0.6438001184012174,0.20718946553027578,0
8259060,2024-01-31,train,Checking or savings account,Problem with a lender or other company charging your account,Checking or savings account,Problem with a lender or other company charging your account,0.8860817396286224,0.5394197762598466,5
8260122,2024-01-31,train,Checking or savings account,Problem caused by your funds being low,Checking or savings account,Other issue,0.7846577585436744,0.4200581195722529,0
8260526,2024-01-31,train,Credit card,Fees or interest,Credit card,Fees or interest,0.9572311341686828,0.6600579168945852,6
8260559,2024-01-31,train,Checking or savings account,Managing an account,Checking or savings account,Managing an account,0.7186403533760531,0.6120785129027482,0
8260665,2024-01-31,train,"Money transfer, virtual currency, or money service",Fraud or scam,"Money transfer, virtual currency, or money service",Fraud or scam,0.6530398402447086,0.3871501542788627,0
8261133,2024-01-31,train,"Money transfer, virtual currency, or money service",Other transaction problem,"Money transfer, virtual currency, or money service",Other issue,0.4734765278088625,0.2829962562080674,5
8257665,2024-02-01,train,Checking or savings account,Managing an account,Checking or savings account,Managing an account,0.9200950616767718,0.7634777881831761,5
8257693,2024-02-01,train,"Money transfer, virtual currency, or money service",Fraud or scam,"Money transfer, virtual currency, or money service",Fraud or scam,0.8051244785321112,0.6751273250313179,5
8257903,2024-02-01,train,Checking or savings account,Opening an account,Checking or savings account,Managing an account,0.7625813070163144,0.2683816943253393,0
8257918,2024-02-01,train,"Money transfer, virtual currency, or money service",Fraud or scam,"Money transfer, virtual currency, or money service",Fraud or scam,0.8003138194362495,0.6748020757476119,5
8257927,2024-02-01,train,"Money transfer, virtual currency, or money service",Fraud or scam,"Money transfer, virtual currency, or money service",Fraud or scam,0.7969747319148556,0.6669606264846026,5
8261712,2024-02-01,train,Checking or savings account,Opening an account,Checking or savings account,Opening an account,0.8665208156601293,0.27938021008696196,0
8262970,2024-02-01,train,Checking or savings account,Opening an account,Checking or savings account,Opening an account,0.6127070802984615,0.31034556524660845,4
8263265,2024-02-01,train,Credit card,Trouble using your card,Credit card,Other issue,0.9024816039026623,0.7153530838581341,1
8263348,2024-02-01,train,"Money transfer, virtual currency, or money service",Fraud or scam,"Money transfer, virtual currency, or money service",Fraud or scam,0.720369470583128,0.3799921782585237,0
8266969,2024-02-01,train,"Money transfer, virtual currency, or money service",Fraud or scam,"Money transfer, virtual currency, or money service",Fraud or scam,0.3991965822300094,0.21166305586698853,3
8267096,2024-02-01,train,Credit card,Fees or interest,Credit card,Fees or interest,0.9306209951003078,0.3840861663533074,6
8267187,2024-02-01,train,Credit card,Getting a credit card,Credit card,Getting a credit card,0.69210951397829,0.6015053591242588,4
8267280,2024-02-01,train,Credit card,Getting a credit card,Credit card,Getting a credit card,0.8903375739491334,0.3947067511964871,4
8267316,2024-02-01,train,Credit card,Incorrect information on your report,Credit card,Other issue,0.875127091715986,0.34911006794890276,2
8267466,2024-02-01,train,Checking or savings account,Managing an account,Checking or savings account,Managing an account,0.9115674206542205,0.7046157291096276,2
8267587,2024-02-01,train,Checking or savings account,Managing an account,Checking or savings account,Managing an account,0.8355989300212412,0.5584188657295556,0
8267672,2024-02-01,train,Credit card,Getting a credit card,Credit card,Getting a credit card,0.738751479699794,0.4824152117316933,4
8268255,2024-02-01,train,Checking or savings account,Problem with a lender or other company charging your account,Checking or savings account,Problem with a lender or other company charging your account,0.743358240739148,0.5121314863376932,2
8268580,2024-02-01,train,Checking or savings account,Problem caused by your funds being low,Checking or savings account,Other issue,0.7947011142382095,0.37433644385250675,2
8268722,2024-02-01,train,Credit card,Getting a credit card,Credit card,Getting a credit card,0.9236063552855068,0.29562026783684714,1
8265948,2024-02-02,train,Credit card,Problem with a company's investigation into an existing problem,Credit card,Other issue,0.8101664453471391,0.4857375192767543,1
8266125,2024-02-02,train,Credit card,Problem with a purchase shown on your statement,Credit card,Problem with a purchase shown on your statement,0.8404413392245776,0.682180877389229,5
8266157,2024-02-02,train,Credit card,Fees or interest,Credit card,Fees or interest,0.7457417968590092,0.4318670562907826,6
8268967,2024-02-02,train,Credit card,Problem with a purchase shown on your statement,Credit card,Problem with a purchase shown on your statement,0.9216053660983676,0.7754014690724149,5
8269009,2024-02-02,train,Checking or savings account,Opening an account,Checking or savings account,Managing an account,0.8596681797948817,0.37740381068863665,0
8270871,2024-02-02,train,"Money transfer, virtual currency, or money service",Lost or stolen money order,Checking or savings account,Managing an account,0.5120500255752278,0.35283748592300274,2
8272856,2024-02-02,train,Credit card,Problem with a purchase shown on your statement,Credit card,Problem with a purchase shown on your statement,0.8264500449886298,0.6286877292404452,5
8273010,2024-02-02,train,Credit card,Problem with a purchase shown on your statement,Credit card,Problem with a purchase shown on your statement,0.9062864074908007,0.6603333892666082,5
8273238,2024-02-02,train,"Money transfer, virtual currency, or money service",Fraud or scam,"Money transfer, virtual currency, or money service",Fraud or scam,0.6400516825022583,0.47698719511062265,2
8273411,2024-02-02,train,Checking or savings account,Managing an account,Checking or savings account,Managing an account,0.7460911113733513,0.3718478482020673,4
8273448,2024-02-02,train,Credit card,Problem with a purchase shown on your statement,Credit card,Problem with a purchase shown on your statement,0.8227456850418143,0.5558554297779275,5
8273868,2024-02-02,train,"Money transfer, virtual currency, or money service",Fraud or scam,"Money transfer, virtual currency, or money service",Fraud or scam,0.6628140179186006,0.520087706764449,6
8273948,2024-02-02,train,"Money transfer, virtual currency, or money service",Other transaction problem,Checking or savings account,Managing an account,0.5287579307050806,0.2780709516289383,0
8274028,2024-02-02,train,Credit card,Problem with a purchase shown on your statement,Credit card,Problem with a purchase shown on your statement,0.9231025936827946,0.3532364135624817,1
8274456,2024-02-02,train,Checking or savings account,Managing an account,Checking or savings account,Managing an account,0.9337428076052976,0.7917099561453129,0
8274574,2024-02-02,train,Credit card,Problem with a purchase shown on your statement,Credit card,Problem with a purchase shown on your statement,0.8410722156503332,0.7496196411563383,5
8274626,2024-02-02,train,Checking or savings account,Closing an account,Checking or savings account,Closing an account,0.7368167442035255,0.244776384255174,0
8275058,2024-02-02,train,Checking or savings account,Problem with a lender or other company charging your account,Checking or savings account,Other issue,0.6556361848369193,0.2573548527171746,6
8269773,2024-02-03,train,Credit card,Fees or interest,Credit card,Fees or interest,0.9821815253576331,0.2946857070648348,1
8271316,2024-02-03,train,Checking or savings account,Managing an account,Checking or savings account,Managing an account,0.6079232795667009,0.4961616856691216,3
8271321,2024-02-03,train,Credit card,Problem with a purchase shown on your statement,Credit card,Problem with a purchase shown on your statement,0.7106596905230951,0.37319369535732416,3
8271384,2024-02-03,train,Checking or savings account,Problem with a lender or other company charging your account,Checking or savings account,Problem with a lender or other company charging your account,0.5657625311961479,0.28776736795977775,1
8277538,2024-02-03,train,Credit card,Closing your account,Credit card,Other issue,0.7710144648372462,0.2040836545268534,5
8277769,2024-02-03,train,Checking or savings account,Closing an account,Checking or savings account,Closing an account,0.8230667625034422,0.4857451941643845,2
8277775,2024-02-03,train,Credit card,Closing your account,Credit card,Problem with a purchase shown on your statement,0.9205962053998499,0.35425047856557423,1
8277823,2024-02-03,train,Checking or savings account,Problem caused by your funds being low,Checking or savings account,Other issue,0.5832817733164688,0.37599270814249003,5
8277904,2024-02-03,train,Checking or savings account,Managing an account,Checking or savings account,Managing an account,0.6297120443028945,0.5088659083786435,5
8278673,2024-02-03,train,"Money transfer, virtual currency, or money service",Fraud or scam,Checking or savings account,Managing an account,0.604016921285669,0.37671947138098666,0
8275903,2024-02-04,train,Credit card,Fees or interest,Credit card,Fees or interest,0.8942116616539892,0.404330610157689,3
8276119,2024-02-04,train,Checking or savings account,Closing an account,Checking or savings account,Closing an account,0.8585447757204482,0.6960125246042286,0
8276313,2024-02-04,train,Checking or savings account,Managing an account,Checking or savings account,Managing an account,0.8881629511314794,0.6913741251862344,2
8276359,2024-02-04,train,Checking or savings account,Opening an account,Checking or savings account,Opening an account,0.9127082947121197,0.41607800544456497,0
8276401,2024-02-04,train,Checking or savings account,Managing an account,Checking or savings account,Managing an account,0.9579188394222022,0.8224181246808903,0
8281643,2024-02-04,train,Checking or savings account,Managing an account,Checking or savings account,Managing an account,0.5215668041536194,0.31004844860194547,3
8282043,2024-02-04,train,Credit card,Problem with a purchase shown on your statement,Credit card,Problem with a purchase shown on your statement,0.8084620844687569,0.38311551412809774,5
8282075,2024-02-04,train,"Money transfer, virtual currency, or money service",Trouble accessing funds in your mobile or digital wallet,"Money transfer, virtual currency, or money service",Other issue,0.5128917139174518,0.49876238499793474,0
8280753,2024-02-05,train,Checking or savings account,Managing an account,Checking or savings account,Managing an account,0.8917961231069549,0.6526338384234486,0
8281373,2024-02-05,train,Checking or savings account,Problem with a lender or other company charging your account,Checking or savings account,Problem with a lender or other company charging your account,0.788918064655593,0.24853889650557398,6
8285057,2024-02-05,train,Credit card,Trouble using your card,Credit card,Other issue,0.862329734883053,0.7231012055305274,1
8285137,2024-02-05,train,Credit card,Trouble using your card,Credit card,Other issue,0.8939457765497967,0.5318541583026802,4
8285303,2024-02-05,train,"Money transfer, virtual currency, or money service",Money was not available when promised,"Money transfer, virtual currency, or money service",Other issue,0.7316888133526064,0.5919159665396833,0
8285525,2024-02-05,train,Credit card,"Other features, terms, or problems",Credit card,"Other features, terms, or problems",0.9228186772823368,0.3803536891234304,1
8285880,2024-02-05,train,"Money transfer, virtual currency, or money service",Other transaction problem,"Money transfer, virtual currency, or money service",Other issue,0.6462524643599746,0.4708561444151669,0
8285936,2024-02-05,train,Credit card,Problem with a purchase shown on your statement,Credit card,Other issue,0.6928652146543448,0.21348179468457504,4
8286192,2024-02-05,train,Checking or savings account,Closing an account,Checking or savings account,Closing an account,0.6743850759601513,0.3657614798815696,0
8286992,2024-02-05,train,Credit card,"Advertising and marketing, including promotional offers",Credit card,Other issue,0.8791811224178124,0.4126780490878721,4
8287356,2024-02-05,train,Credit card,Getting a credit card,Credit card,Getting a credit card,0.8600251706524915,0.43799316601975175,0
8288891,2024-02-05,train,Credit card,Problem with a purchase shown on your statement,Credit card,Problem with a purchase shown on your statement,0.8495294265666391,0.5158031237167885,4
8288934,2024-02-05,train,Credit card,Closing your account,Credit card,Other issue,0.7023524564576445,0.30622282717165883,6
8289619,2024-02-05,train,Credit card,Getting a credit card,Credit card,Getting a credit card,0.958443377435315,0.4568812191931778,1
8289629,2024-02-05,train,Credit card,Fees or interest,Credit card,Fees or interest,0.9616420033138597,0.4074528863902273,1
8282775,2024-02-06,train,Checking or savings account,Managing an account,Checking or savings account,Managing an account,0.8747063256000162,0.6150231950799703,7
8283271,2024-02-06,train,"Money transfer, virtual currency, or money service",Fraud or scam,"Money transfer, virtual currency, or money service",Fraud or scam,0.6456455468068478,0.2986505314260951,5
8284251,2024-02-06,train,Checking or savings account,Managing an account,Checking or savings account,Managing an account,0.9381276361413047,0.6617202428459376,2
8284412,2024-02-06,train,Checking or savings account,Managing an account,Checking or savings account,Managing an account,0.771553346950871,0.660564380330788,0
8290707,2024-02-06,train,Credit card,"Other features, terms, or problems",Credit card,"Other features, terms, or problems",0.8536269070476598,0.3012992316404261,5
8291232,2024-02-06,train,Checking or savings account,Managing an account,Checking or savings account,Managing an account,0.555132621752166,0.3146831918708341,1
8294860,2024-02-06,train,Checking or savings account,Managing an account,Checking or savings account,Managing an account,0.8745848647773489,0.7480400249645611,5
8295864,2024-02-06,train,Credit card,Closing your account,Credit card,Closing your account,0.9078245840899649,0.37139770768050523,4
8295878,2024-02-06,train,Credit card,Fees or interest,Credit card,Fees or interest,0.9882196809524008,0.7762963253758176,3
8295964,2024-02-06,train,"Money transfer, virtual currency, or money service",Trouble accessing funds in your mobile or digital wallet,Checking or savings account,Other issue,0.48551859356679133,0.48591075326998356,0
8297366,2024-02-06,train,Checking or savings account,Closing an account,Checking or savings account,Closing an account,0.8510373445278019,0.3671141443546355,0
8297408,2024-02-06,train,Checking or savings account,Problem with a lender or other company charging your account,Checking or savings account,Problem with a lender or other company charging your account,0.5800085962366954,0.3170614433420947,5
8291617,2024-02-07,train,Credit card,Closing your account,Credit card,Closing your account,0.8818346480664261,0.31995709685328916,1
8292090,2024-02-07,train,Credit card,Problem with a purchase shown on your statement,Credit card,Problem with a purchase shown on your statement,0.8037179433789194,0.48856879726465874,5
8292465,2024-02-07,train,"Money transfer, virtual currency, or money service",Unexpected or other fees,"Money transfer, virtual currency, or money service",Other issue,0.6042163015267553,0.5233354818745195,5
8293366,2024-02-07,train,Credit card,Problem with a purchase shown on your statement,Credit card,Problem with a purchase shown on your statement,0.772716221099389,0.5936062469523987,6
8293673,2024-02-07,train,"Money transfer, virtual currency, or money service",Fraud or scam,"Money transfer, virtual currency, or money service",Fraud or scam,0.5854725421145508,0.36589222068186744,0
8297541,2024-02-07,train,Checking or savings account,Managing an account,Checking or savings account,Managing an account,0.887489124080907,0.62891812482172,5
8299657,2024-02-07,train,Checking or savings account,Managing an account,Checking or savings account,Managing an account,0.8385572704961065,0.6941893964676396,5
8300472,2024-02-07,train,Checking or savings account,Managing an account,Checking or savings account,Managing an account,0.9242825155617245,0.7037856874845764,0
8300618,2024-02-07,train,Credit card,Getting a credit card,Credit card,Getting a credit card,0.9912983932744357,0.5095764317199658,1
8300684,2024-02-07,train,Checking or savings account,Managing an account,Checking or savings account,Managing an account,0.7010764321753895,0.5308015992765188,0
8300900,2024-02-07,train,Checking or savings account,Problem with a lender or other company charging your account,Checking or savings account,Problem with a lender or other company charging your account,0.7213945563735465,0.3844951069550434,5
8301286,2024-02-07,train,Checking or savings account,Managing an account,Checking or savings account,Managing an account,0.8014671080506753,0.7054299952068874,0
8301306,2024-02-07,train,Checking or savings account,Opening an account,Checking or savings account,Opening an account,0.8101324500454937,0.3535454959320774,6
8301665,2024-02-07,train,Credit card,Fees or interest,Credit card,Fees or interest,0.840904960611941,0.48629412060367627,5
8302381,2024-02-07,train,"Money transfer, virtual currency, or money service",Fraud or scam,"Money transfer, virtual currency, or money service",Fraud or scam,0.5469611301983717,0.3800684078401236,2
8302887,2024-02-07,train,Credit card,Problem when making payments,Credit card,Other issue,0.8370934568371456,0.5397002325847623,3
8302959,2024-02-07,train,Credit card,"Other features, terms, or problems",Credit card,"Other features, terms, or problems",0.8619509851430761,0.31507572412628504,1
8303247,2024-02-07,train,Checking or savings account,Managing an account,Checking or savings account,Managing an account,0.8462901097697885,0.6497316537235633,5
8304475,2024-02-07,train,Checking or savings account,Closing an account,Checking or savings account,Closing an account,0.8269021965878707,0.5408207891692387,0
8304539,2024-02-07,train,Checking or savings account,Problem caused by your funds being low,Checking or savings account,Other issue,0.9182821992985734,0.638402204920841,5
8305168,2024-02-07,train,Checking or savings account,Managing an account,Checking or savings account,Managing an account,0.8155968862255952,0.6754276608832576,2
8298599,2024-02-08,train,Credit card,Problem when making payments,Credit card,Other issue,0.8475434469155745,0.5681957994431837,3
8299192,2024-02-08,train,Credit card,Fees or interest,Credit card,Fees or interest,0.8901030671576681,0.546045773866073,3
8299352,2024-02-08,train,Credit card,Trouble using your card,Credit card,Other issue,0.7322889586628679,0.46221172420525153,1
8305470,2024-02-08,train,Credit card,"Other features, terms, or problems",Credit card,"Other features, terms, or problems",0.7413130314725468,0.33037755520459655,2
8306068,2024-02-08,train,Credit card,Getting a credit card,Credit card,Getting a credit card,0.8728487740829382,0.5776432409597567,4
8306603,2024-02-08,train,"Money transfer, virtual currency, or money service",Fraud or scam,"Money transfer, virtual currency, or money service",Fraud or scam,0.49814245979126726,0.2871161405048086,5
8306784,2024-02-08,train,Credit card,Closing your account,Credit card,Closing your account,0.8819893615808928,0.32306028261876146,1
8310899,2024-02-08,train,Checking or savings account,Managing an account,Checking or savings account,Managing an account,0.8819449712105931,0.7634537167157748,0
8311288,2024-02-08,train,"Money transfer, virtual currency, or money service",Fraud or scam,"Money transfer, virtual currency, or money service",Fraud or scam,0.5291919455207956,0.3553257676125413,2
8312084,2024-02-08,train,Checking or savings account,Managing an account,Checking or savings account,Managing an account,0.8574319543454912,0.5877931333255195,2
8312877,2024-02-08,train,Checking or savings account,Managing an account,Checking or savings account,Managing an account,0.7704001127605856,0.6524601200513132,0
8313173,2024-02-08,train,"Money transfer, virtual currency, or money service",Fraud or scam,"Money transfer, virtual currency, or money service",Managing an account,0.5051884395833978,0.2970791881944768,0
8313229,2024-02-08,train,Checking or savings account,Managing an account,Checking or savings account,Managing an account,0.8831389332084936,0.593809952460698,0
8308193,2024-02-09,train,Credit card,"Other features, terms, or problems",Credit card,"Other features, terms, or problems",0.717425648717634,0.3710985275924114,5
8313327,2024-02-09,train,Checking or savings account,Closing an account,Checking or savings account,Closing an account,0.6403781989375216,0.3344773571810585,0
8313629,2024-02-09,train,Checking or savings account,Managing an account,Checking or savings account,Managing an account,0.7697920851127444,0.6162815761382452,1
8314083,2024-02-09,train,Checking or savings account,Closing an account,Checking or savings account,Closing an account,0.8457296380514583,0.3777455106016763,0
8314736,2024-02-09,train,Checking or savings account,Closing an account,Checking or savings account,Closing an account,0.8688857612628316,0.398969161863991,0
8314758,2024-02-09,train,Credit card,Problem with a purchase shown on your statement,Credit card,Problem with a purchase shown on your statement,0.8246666525442518,0.34201668465836316,4
8315709,2024-02-09,train,"Money transfer, virtual currency, or money service",Fraud or scam,Checking or savings account,Managing an account,0.4878621285207259,0.26779898201218516,7
8315965,2024-02-09,train,Checking or savings account,Opening an account,Checking or savings account,Opening an account,0.8575132165071353,0.33132799193213874,0
8316550,2024-02-09,train,Credit card,"Other features, terms, or problems",Credit card,Managing an account,0.725002154673352,0.21874300241455177,5
8316577,2024-02-09,train,Credit card,Getting a credit card,Credit card,Getting a credit card,0.8087586970741146,0.3531243283860828,6
8317088,2024-02-09,train,Credit card,Trouble using your card,Credit card,Other issue,0.9045815883294863,0.49182817425962005,4
8317917,2024-02-09,train,Credit card,Problem with a purchase shown on your statement,Credit card,Problem with a purchase shown on your statement,0.851148711040997,0.7175935433377032,5
8318263,2024-02-09,train,Checking or savings account,Problem with a lender or other company charging your account,Checking or savings account,Problem with a lender or other company charging your account,0.8297743664948989,0.2773553526693439,7
8319517,2024-02-09,train,Credit card,Fees or interest,Credit card,Fees or interest,0.9597634901626826,0.5760029596887315,1
8319584,2024-02-09,train,Checking or savings account,Managing an account,Checking or savings account,Managing an account,0.7771677384543181,0.5440506303759244,0
8319733,2024-02-09,train,Checking or savings account,Managing an account,Checking or savings account,Managing an account,0.7648130451798896,0.6031585961112551,2
8319746,2024-02-09,train,Checking or savings account,Managing an account,Checking or savings account,Managing an account,0.8584927810602596,0.5236159947907365,2
8319748,2024-02-09,train,Checking or savings account,Managing an account,Checking or savings account,Managing an account,0.887450885891421,0.5478031965940169,5
8319847,2024-02-09,train,Credit card,Closing your account,Credit card,Other issue,0.7838615235358455,0.21602596155763235,1
8319925,2024-02-09,train,Credit card,Problem with a purchase shown on your statement,Credit card,Problem with a purchase shown on your statement,0.9275737570781413,0.5728420709539035,1
8319059,2024-02-10,train,Credit card,Getting a credit card,Credit card,Getting a credit card,0.9548196817472242,0.4345571430546425,1
8322510,2024-02-10,train,Credit card,Problem with a purchase shown on your statement,Credit card,Problem with a purchase shown on your statement,0.8824321745686557,0.6027241006771191,5
8322200,2024-02-11,train,Credit card,Problem with a purchase shown on your statement,Credit card,Problem with a purchase shown on your statement,0.9269775275947246,0.6590103232757423,5
8323816,2024-02-11,train,Credit card,Problem with a company's investigation into an existing problem,Credit card,Other issue,0.9343497255389461,0.4930947915586706,1
8324037,2024-02-11,train,Credit card,Trouble using your card,Credit card,Other issue,0.9074122927280905,0.5319765155886119,1
8324182,2024-02-11,train,Credit card,Incorrect information on your report,Credit card,Other issue,0.9077887543388722,0.6918729363319872,3
8324211,2024-02-11,train,Credit card,"Advertising and marketing, including promotional offers",Credit card,Other issue,0.9369099530077399,0.6034608285587034,1
8324324,2024-02-11,train,Credit card,Problem with a purchase shown on your statement,Credit card,Problem with a purchase shown on your statement,0.9723988044620213,0.8569429428909977,1
8325538,2024-02-11,train,Credit card,Improper use of your report,Credit card,Other issue,0.8733252263361955,0.5457694972783337,4
8325760,2024-02-11,train,Credit card,Closing your account,Credit card,Closing your account,0.8513240648447503,0.3874423786802657,1
8326019,2024-02-11,train,Checking or savings account,Opening an account,Checking or savings account,Opening an account,0.9518204442985718,0.29861261892711943,7
8326381,2024-02-11,train,"Money transfer, virtual currency, or money service",Confusing or misleading advertising or marketing,"Money transfer, virtual currency, or money service",Other issue,0.54970116048808,0.5048639471710493,5
8326433,2024-02-11,train,Checking or savings account,Managing an account,Checking or savings account,Managing an account,0.8824280680073424,0.6805255319108897,0
8326499,2024-02-11,train,Checking or savings account,Managing an account,Checking or savings account,Managing an account,0.8177362177197379,0.4414956625251639,3
8326677,2024-02-12,train,Credit card,Problem with a purchase shown on your statement,Credit card,Problem with a purchase shown on your statement,0.9398276862601604,0.2852080141733733,3
8326794,2024-02-12,train,Checking or savings account,Problem with a lender or other company charging your account,Checking or savings account,Problem with a lender or other company charging your account,0.87198594083435,0.4994265276211633,5
8326811,2024-02-12,train,Credit card,Fees or interest,Credit card,Fees or interest,0.9069633347618427,0.41319442904704373,1
8330177,2024-02-12,train,"Money transfer, virtual currency, or money service",Other transaction problem,"Money transfer, virtual currency, or money service",Other issue,0.5437414635512751,0.45050488715625325,6
8331059,2024-02-12,train,Checking or savings account,Problem caused by your funds being low,Checking or savings account,Other issue,0.7853235827035043,0.5314222546060766,2
8331070,2024-02-12,train,Credit card,Getting a credit card,Credit card,Getting a credit card,0.9757589768586885,0.7513412660991585,4
8331572,2024-02-12,train,"Money transfer, virtual currency, or money service","Managing, opening, or closing your mobile wallet account","Money transfer, virtual currency, or money service",Other issue,0.5775663248712855,0.6146743465269843,1
8331967,2024-02-12,train,Credit card,Getting a credit card,Credit card,Getting a credit card,0.9429934123149069,0.7039876052928007,7
8332284,2024-02-12,train,Checking or savings account,Managing an account,Checking or savings account,Managing an account,0.8605240859614479,0.5984396144238112,0
8332311,2024-02-12,train,Credit card,Problem with a purchase shown on your statement,Credit card,Problem with a purchase shown on your statement,0.902642960097842,0.6316072622074876,5
8332433,2024-02-12,train,Credit card,Fees or interest,Credit card,Fees or interest,0.8015776560002181,0.5942672988747093,6
8332685,2024-02-12,train,"Money transfer, virtual currency, or money service",Other transaction problem,"Money transfer, virtual currency, or money service",Other issue,0.42376631348257143,0.5636499657253333,5
8332810,2024-02-12,train,Credit card,Problem with a purchase shown on your statement,Credit card,Problem with a purchase shown on your statement,0.9183522150616911,0.47869349967844305,3
8333185,2024-02-12,train,Checking or savings account,Managing an account,Checking or savings account,Managing an account,0.7535206317406227,0.509614548304172,0
8333227,2024-02-12,train,Credit card,Closing your account,Credit card,Closing your account,0.9744987577732334,0.44997165786465654,1
8333398,2024-02-12,train,Checking or savings account,Managing an account,Checking or savings account,Managing an account,0.8073528468237245,0.6106280346125402,0
8333434,2024-02-12,train,Credit card,Getting a credit card,Credit card,Getting a credit card,0.8777371427162406,0.6098110414202714,1
8333523,2024-02-12,train,Credit card,Problem with a purchase shown on your statement,Credit card,Problem with a purchase shown on your statement,0.9462858654612119,0.7130868549123628,1
8328002,2024-02-13,train,Checking or savings account,Managing an account,Checking or savings account,Managing an account,0.8653414789065185,0.38797716252176295,4
8329722,2024-02-13,train,"Money transfer, virtual currency, or money service",Fraud or scam,"Money transfer, virtual currency, or money service",Fraud or scam,0.6586692980733635,0.4868182885208218,0
8330160,2024-02-13,train,Credit card,Problem with a purchase shown on your statement,Credit card,Problem with a purchase shown on your statement,0.7555574413806105,0.608323250512345,5
8330170,2024-02-13,train,Credit card,Problem with a purchase shown on your statement,Credit card,Problem with a purchase shown on your statement,0.8282340466150921,0.41859944046600667,1
8334420,2024-02-13,train,Checking or savings account,Closing an account,Checking or savings account,Closing an account,0.902692223645858,0.3974976383004315,2
8334513,2024-02-13,train,"Money transfer, virtual currency, or money service",Fraud or scam,"Money transfer, virtual currency, or money service",Fraud or scam,0.7002357500480639,0.43978835020611495,3
8334789,2024-02-13,train,"Money transfer, virtual currency, or money service",Unauthorized transactions or other transaction problem,"Money transfer, virtual currency, or money service",Other issue,0.7609743668488866,0.4317501911112331,5
8334878,2024-02-13,train,Credit card,Problem when making payments,Credit card,Other issue,0.9522511999398086,0.5987132069500448,3
8337721,2024-02-13,train,Checking or savings account,Opening an account,Checking or savings account,Opening an account,0.8804812020303247,0.4482282476003888,0
8337777,2024-02-13,train,Credit card,"Other features, terms, or problems",Credit card,"Other features, terms, or problems",0.6470940781809192,0.30579455947790213,0
8337859,2024-02-13,train,Credit card,Problem with a purchase shown on your statement,Credit card,Problem with a purchase shown on your statement,0.9750499842704656,0.5368454444322089,1
8337880,2024-02-13,train,"Money transfer, virtual currency, or money service",Fraud or scam,"Money transfer, virtual currency, or money service",Fraud or scam,0.6456439069160229,0.32604328276829037,3
8338104,2024-02-13,train,Checking or savings account,Opening an account,Checking or savings account,Other issue,0.6534740605211263,0.2570711986549716,4
8338311,2024-02-13,train,Credit card,"Other features, terms, or problems",Credit card,"Other features, terms, or problems",0.6587075803231865,0.3338876190529666,1
8338657,2024-02-13,train,Credit card,Getting a credit card,Credit card,Getting a credit card,0.9377315535470848,0.5163758429162028,1
8338752,2024-02-13,train,"Money transfer, virtual currency, or money service",Trouble accessing funds in your mobile or digital wallet,"Money transfer, virtual currency, or money service",Other issue,0.5590173196099162,0.5226584381765604,0
8339168,2024-02-13,train,Checking or savings account,Problem with a lender or other company charging your account,Checking or savings account,Problem with a lender or other company charging your account,0.7059275193671694,0.384990003862319,5
8339555,2024-02-13,train,"Money transfer, virtual currency, or money service",Fraud or scam,"Money transfer, virtual currency, or money service",Other issue,0.6220230741858733,0.24479744267856524,0
8340081,2024-02-13,train,Credit card,Problem with a purchase shown on your statement,Credit card,Problem with a purchase shown on your statement,0.6714583512422302,0.3575004221376687,5
8336368,2024-02-14,train,Credit card,Problem with a purchase shown on your statement,Credit card,Problem with a purchase shown on your statement,0.9502963512771427,0.7768664037410913,1
8342169,2024-02-14,train,Credit card,Problem with a company's investigation into an existing problem,Credit card,Other issue,0.9179700113128177,0.7678949788530932,4
8343629,2024-02-14,train,Credit card,"Advertising and marketing, including promotional offers",Credit card,Other issue,0.870836407099478,0.350650797804464,5
8343649,2024-02-14,train,Credit card,"Other features, terms, or problems",Credit card,"Other features, terms, or problems",0.9393166052125115,0.374169700820292,1
8343975,2024-02-14,train,Credit card,"Other features, terms, or problems",Credit card,"Other features, terms, or problems",0.7938806866988425,0.343000019248554,1
8344462,2024-02-14,train,Credit card,Fees or interest,Credit card,Fees or interest,0.9679843562571677,0.62262093134116,3
8345003,2024-02-14,train,Credit card,Problem with a company's investigation into an existing problem,Credit card,Other issue,0.7286534111984,0.4640884873047243,4
8345521,2024-02-14,train,Credit card,Credit monitoring or identity theft protection services,Credit card,Other issue,0.7095075681374085,0.5636527725497479,4
8345576,2024-02-14,train,"Money transfer, virtual currency, or money service",Fraud or scam,"Money transfer, virtual currency, or money service",Fraud or scam,0.578590834328192,0.300849616590853,0
8345668,2024-02-14,train,Credit card,Fees or interest,Credit card,Fees or interest,0.944468029823992,0.37160799508370707,1
8346272,2024-02-14,train,Checking or savings account,Problem caused by your funds being low,Checking or savings account,Other issue,0.8995267890096289,0.5287613811357827,7
8346506,2024-02-14,train,Credit card,Problem when making payments,Credit card,Other issue,0.9320490739651419,0.5300782312843706,3
8346787,2024-02-14,train,Credit card,Problem with a company's investigation into an existing problem,Credit card,Other issue,0.9557537350723669,0.8296711932307979,4
8347038,2024-02-14,train,Credit card,Problem with a company's investigation into an existing problem,Credit card,Other issue,0.9206859440764273,0.767364911181983,4
8347108,2024-02-14,train,Credit card,Problem with a company's investigation into an existing problem,Credit card,Other issue,0.9461952167849782,0.8383368014676337,4
8347120,2024-02-14,train,Credit card,Problem with a company's investigation into an existing problem,Credit card,Other issue,0.934448886058373,0.8046572318571364,4
8347227,2024-02-14,train,Credit card,Problem with a company's investigation into an existing problem,Credit card,Other issue,0.9311374685528444,0.8194094910333042,4
8347637,2024-02-14,train,Credit card,Fees or interest,Credit card,Fees or interest,0.9714897438916676,0.6988689071533649,3
8347944,2024-02-15,train,Checking or savings account,Managing an account,Checking or savings account,Managing an account,0.927570141020814,0.6028531062264962,0
8348360,2024-02-15,train,Credit card,"Other features, terms, or problems",Credit card,"Other features, terms, or problems",0.9098312397180286,0.49917563947896476,1
8348616,2024-02-15,train,"Money transfer, virtual currency, or money service",Fraud or scam,"Money transfer, virtual currency, or money service",Fraud or scam,0.7623196492863945,0.5154598498972347,0
8352468,2024-02-15,train,Credit card,Problem with a purchase shown on your statement,Credit card,Problem with a purchase shown on your statement,0.8539062096021055,0.6775693821633636,1
8353516,2024-02-15,train,Credit card,Problem with a purchase shown on your statement,Credit card,Problem with a purchase shown on your statement,0.8789610071096221,0.5287499621522231,5
8354428,2024-02-15,train,"Money transfer, virtual currency, or money service",Money was not available when promised,Checking or savings account,Managing an account,0.643561703728775,0.3999946778490507,0
8355102,2024-02-15,train,Credit card,Incorrect information on your report,Credit card,Other issue,0.818599923268156,0.6632259653345968,3
8355165,2024-02-15,train,Checking or savings account,Problem with a lender or other company charging your account,Checking or savings account,Problem with a lender or other company charging your account,0.7350242874816899,0.36032130144385394,5
8355334,2024-02-15,train,"Money transfer, virtual currency, or money service",Unauthorized transactions or other transaction problem,"Money transfer, virtual currency, or money service",Other issue,0.6025862711591233,0.4824277981855995,5
8355445,2024-02-15,train,Checking or savings account,Managing an account,Checking or savings account,Managing an account,0.6034953359649874,0.38370901574473365,5
8356422,2024-02-15,train,Checking or savings account,Managing an account,Checking or savings account,Managing an account,0.8614011056577943,0.5919231394164972,0
8350990,2024-02-16,train,Credit card,"Advertising and marketing, including promotional offers",Credit card,Other issue,0.9626689969218067,0.4649597080317189,1
8351059,2024-02-16,train,Checking or savings account,Managing an account,Checking or savings account,Managing an account,0.9200284874297902,0.8215094571509329,0
8351084,2024-02-16,train,Checking or savings account,Managing an account,Checking or savings account,Managing an account,0.7513387792506934,0.55015986806837,6
8351289,2024-02-16,train,Credit card,Fees or interest,Credit card,Fees or interest,0.9327402435574028,0.5446548400901055,3
8351469,2024-02-16,train,"Money transfer, virtual currency, or money service",Fraud or scam,"Money transfer, virtual currency, or money service",Fraud or scam,0.5163300366651066,0.3968987018956047,0
8358077,2024-02-16,train,Credit card,Problem with a purchase shown on your statement,Credit card,Problem with a purchase shown on your statement,0.8033571009922096,0.7817258759920314,5
8361528,2024-02-16,train,Checking or savings account,Problem with a lender or other company charging your account,Checking or savings account,Problem with a lender or other company charging your account,0.869820891751536,0.3847948133468595,5
8361609,2024-02-16,train,Credit card,"Other features, terms, or problems",Credit card,"Other features, terms, or problems",0.86665450586657,0.3631690164216763,3
8362359,2024-02-16,train,Checking or savings account,Opening an account,Checking or savings account,Opening an account,0.8540897050631603,0.2987443772897837,2
8362868,2024-02-16,train,Checking or savings account,Opening an account,Checking or savings account,Managing an account,0.9128712395926196,0.34811282530101134,0
8362881,2024-02-16,train,Credit card,Problem with a purchase shown on your statement,Credit card,Problem with a purchase shown on your statement,0.806102723054122,0.7846151142073339,5
8358552,2024-02-17,train,Checking or savings account,Managing an account,Checking or savings account,Managing an account,0.9270848059130529,0.7688537159910639,0
8359016,2024-02-17,train,Checking or savings account,Managing an account,Checking or savings account,Managing an account,0.8235113936187338,0.6704218828564927,0
8364101,2024-02-17,train,Credit card,Problem with a purchase shown on your statement,Credit card,Problem with a purchase shown on your statement,0.8686230458306362,0.5515559952379101,5
8364126,2024-02-17,train,Credit card,Problem when making payments,Credit card,Other issue,0.7172813196053919,0.5153507112173635,0
8365878,2024-02-17,train,Checking or savings account,Managing an account,Checking or savings account,Managing an account,0.7756948073657192,0.5952564762015792,0
8365881,2024-02-17,train,Credit card,Problem with a purchase shown on your statement,Credit card,Problem with a purchase shown on your statement,0.7900694505870199,0.52054875512961,5
8366163,2024-02-17,train,Credit card,Fees or interest,Credit card,Fees or interest,0.9329286029643711,0.5887133003539192,2
8366179,2024-02-17,train,Checking or savings account,Managing an account,Checking or savings account,Managing an account,0.9012303881631144,0.8083514456914235,0
8366792,2024-02-17,train,Credit card,Fees or interest,Credit card,Fees or interest,0.8930289234342472,0.51779011857361,1
8367577,2024-02-18,train,Credit card,"Advertising and marketing, including promotional offers",Credit card,Other issue,0.8773592299933877,0.5265543336791823,4
8370518,2024-02-18,train,Checking or savings account,Managing an account,Checking or savings account,Managing an account,0.9365545960562465,0.7915275211982122,0
8370713,2024-02-18,train,Credit card,Fees or interest,Credit card,Fees or interest,0.916110746279343,0.32616759751911273,1
8371024,2024-02-18,train,Credit card,Problem with a purchase shown on your statement,Credit card,Other issue,0.8812899299684155,0.3133954460107034,3
8371048,2024-02-18,train,Credit card,Problem with a purchase shown on your statement,Credit card,Problem with a purchase shown on your statement,0.916838830628709,0.5965410847754798,1
8371290,2024-02-19,train,Credit card,Getting a credit card,Credit card,Getting a credit card,0.9245718946794487,0.5759004935147244,1
8373571,2024-02-19,train,Checking or savings account,Managing an account,Checking or savings account,Managing an account,0.8220502033543502,0.5982333369755726,6
8375064,2024-02-19,train,Credit card,Problem with a purchase shown on your statement,Credit card,Problem with a purchase shown on your statement,0.8755138228414056,0.45426059070244346,2
8375765,2024-02-19,train,Checking or savings account,Closing an account,Checking or savings account,Closing an account,0.8174094601498288,0.3394763512908028,6
8376084,2024-02-19,train,"Money transfer, virtual currency, or money service",Other transaction problem,"Money transfer, virtual currency, or money service",Other issue,0.7115464421837053,0.47536302275680775,0
8378426,2024-02-19,train,Credit card,Problem with a purchase shown on your statement,Credit card,Problem with a purchase shown on your statement,0.9348292710472468,0.8330968989746513,5
8379808,2024-02-20,train,Checking or savings account,Problem with a lender or other company charging your account,Checking or savings account,Problem with a lender or other company charging your account,0.8504442566414957,0.420535428495442,7
8382718,2024-02-20,train,Credit card,Problem with a purchase shown on your statement,Credit card,Problem with a purchase shown on your statement,0.8131926852457302,0.7166773241701653,2
8382924,2024-02-20,train,"Money transfer, virtual currency, or money service",Money was not available when promised,"Money transfer, virtual currency, or money service",Other issue,0.5609372195884653,0.5508915846237984,5
8383967,2024-02-20,train,Credit card,Fees or interest,Credit card,Fees or interest,0.9460796609380833,0.5619502449036896,3
8385073,2024-02-20,train,Credit card,"Other features, terms, or problems",Credit card,"Other features, terms, or problems",0.9473406788074175,0.3673705657982448,1
8385369,2024-02-20,train,Credit card,"Other features, terms, or problems",Credit card,"Other features, terms, or problems",0.7151141023503629,0.21989004775187088,0
8385659,2024-02-20,train,Checking or savings account,Managing an account,Checking or savings account,Managing an account,0.8440580354744693,0.5477455022493284,5
8385992,2024-02-20,train,Credit card,Closing your account,Credit card,Other issue,0.9338888462128567,0.36561547124596694,4
8386290,2024-02-20,train,Credit card,Problem when making payments,Credit card,Other issue,0.8892816794728742,0.511845961068651,3
8386312,2024-02-20,train,Credit card,Improper use of your report,Credit card,Other issue,0.9560659075659708,0.7305402821340854,4
8386531,2024-02-20,train,Checking or savings account,Managing an account,Checking or savings account,Managing an account,0.8383507882414417,0.6294518991308576,0
8386827,2024-02-20,train,Checking or savings account,Managing an account,Checking or savings account,Managing an account,0.7993438373853752,0.6748088330878484,1
8386828,2024-02-20,train,Checking or savings account,Problem with a lender or other company charging your account,Checking or savings account,Problem with a lender or other company charging your account,0.902868881251131,0.3037586819384425,0
8392676,2024-02-20,train,Checking or savings account,Problem with a lender or other company charging your account,Checking or savings account,Problem with a lender or other company charging your account,0.5794275996790593,0.29536633904308385,5
8381503,2024-02-21,train,Checking or savings account,Opening an account,Checking or savings account,Opening an account,0.8292260368770559,0.2827888826433425,6
8381577,2024-02-21,train,Checking or savings account,Problem with a lender or other company charging your account,Checking or savings account,Problem with a lender or other company charging your account,0.626801347100673,0.330666578192963,1
8382486,2024-02-21,train,Credit card,Problem with a company's investigation into an existing problem,Credit card,Other issue,0.9934445473715707,0.7644854389228198,4
8382695,2024-02-21,train,Credit card,Problem with a purchase shown on your statement,Credit card,Problem with a purchase shown on your statement,0.9409716712917422,0.5654609095485722,1
8383164,2024-02-21,train,Checking or savings account,Opening an account,Checking or savings account,Opening an account,0.9235409435504092,0.40735211005773886,0
8387071,2024-02-21,train,Checking or savings account,Closing an account,Checking or savings account,Closing an account,0.841671413288736,0.4618916252419122,0
8387171,2024-02-21,train,Checking or savings account,Managing an account,Checking or savings account,Managing an account,0.8953756162488193,0.7292431459844163,0
8387338,2024-02-21,train,Checking or savings account,Managing an account,Checking or savings account,Managing an account,0.8498639687007997,0.44392958304559443,0
8387921,2024-02-21,train,Credit card,Fees or interest,Credit card,Fees or interest,0.9582848039617193,0.45786788279476154,1
8388506,2024-02-21,train,Checking or savings account,Closing an account,Checking or savings account,Closing an account,0.9345444846118456,0.4927326792360294,2
8388733,2024-02-21,train,"Money transfer, virtual currency, or money service",Money was not available when promised,"Money transfer, virtual currency, or money service",Other issue,0.5025517868849255,0.5367558996085275,0
8389111,2024-02-21,train,Checking or savings account,Problem caused by your funds being low,Checking or savings account,Other issue,0.8577868265232944,0.42367849563393734,1
8391947,2024-02-21,train,Checking or savings account,Closing an account,Checking or savings account,Closing an account,0.8749867337772418,0.46403361585965774,2
8392618,2024-02-21,train,Checking or savings account,Problem with a lender or other company charging your account,Checking or savings account,Other issue,0.6682664433009725,0.2474795257350774,2
8393345,2024-02-21,train,Credit card,Incorrect information on your report,Credit card,Other issue,0.8192086480678421,0.8756879832005887,3
8393444,2024-02-21,train,Checking or savings account,Managing an account,Checking or savings account,Managing an account,0.7009937394477832,0.5023058689780348,0
8393915,2024-02-21,train,Credit card,Problem with a purchase shown on your statement,Credit card,Problem with a purchase shown on your statement,0.839129245072283,0.3838762820333676,2
8394275,2024-02-21,train,Credit card,Problem with a purchase shown on your statement,Credit card,Problem with a purchase shown on your statement,0.7397801283572406,0.595990675498892,5
8394328,2024-02-21,train,"Money transfer, virtual currency, or money service",Fraud or scam,"Money transfer, virtual currency, or money service",Fraud or scam,0.5208275643915761,0.336851820734781,2
8394729,2024-02-21,train,Credit card,Problem with a purchase shown on your statement,Credit card,Problem with a purchase shown on your statement,0.9816165098195919,0.6924863448047895,1
8394769,2024-02-21,train,"Money transfer, virtual currency, or money service",Fraud or scam,"Money transfer, virtual currency, or money service",Fraud or scam,0.7734575093154402,0.6446172407808283,6
8395130,2024-02-21,train,Credit card,Problem with a purchase shown on your statement,Credit card,Problem with a purchase shown on your statement,0.9237479983387435,0.6497817579536826,1
8389476,2024-02-22,train,Credit card,Fees or interest,Credit card,Fees or interest,0.9466275516144671,0.5486554400883048,1
8390320,2024-02-22,train,Checking or savings account,Problem with a lender or other company charging your account,Checking or savings account,Problem with a lender or other company charging your account,0.7574137603652934,0.29914217388298764,7
8390907,2024-02-22,train,Checking or savings account,Managing an account,Checking or savings account,Managing an account,0.7864073035244291,0.6280474658842711,0
8390958,2024-02-22,train,Credit card,Fees or interest,Credit card,Fees or interest,0.9435469070066763,0.6837950000795038,3
8395979,2024-02-22,train,Credit card,Incorrect information on your report,Credit card,Other issue,0.7848204178319244,0.6977201809497785,4
8400372,2024-02-22,train,Credit card,"Advertising and marketing, including promotional offers",Credit card,Other issue,0.9217912730282886,0.5763356251872106,3
8401693,2024-02-22,train,Checking or savings account,Managing an account,Checking or savings account,Managing an account,0.8491781386809747,0.4620486688245861,0
8402387,2024-02-22,train,Credit card,Fees or interest,Credit card,Fees or interest,0.98509433867116,0.6547345530985622,3
8403002,2024-02-22,train,Credit card,"Other features, terms, or problems",Credit card,"Other features, terms, or problems",0.7963095331419429,0.3261061619381548,0
8403504,2024-02-22,train,Checking or savings account,Managing an account,Checking or savings account,Managing an account,0.8909192475312128,0.8158515678148379,0
8403519,2024-02-22,train,Credit card,Incorrect information on your report,Credit card,Other issue,0.8756796385021891,0.3651786066514015,4
8403690,2024-02-22,train,Credit card,Closing your account,Credit card,Other issue,0.9241158225582184,0.286750221205929,4
8398935,2024-02-23,train,Credit card,Closing your account,Credit card,Closing your account,0.7739953770485427,0.31159243854733876,0
8399143,2024-02-23,train,Credit card,Incorrect information on your report,Credit card,Other issue,0.9905087231490045,0.6813585710753831,1
8399803,2024-02-23,train,Checking or savings account,Managing an account,Checking or savings account,Managing an account,0.6983692160802145,0.47204160577069076,4
8404127,2024-02-23,train,Credit card,Credit monitoring or identity theft protection services,Credit card,Other issue,0.8853335617487827,0.5261285949396423,1
8405777,2024-02-23,train,Checking or savings account,Problem caused by your funds being low,Checking or savings account,Other issue,0.8678408637575954,0.43005593540475473,2
8408090,2024-02-23,train,Credit card,"Other features, terms, or problems",Credit card,"Other features, terms, or problems",0.8433955069803307,0.2596795696070134,1
8408362,2024-02-23,train,Credit card,Fees or interest,Credit card,Fees or interest,0.7729747837333022,0.29942523906416507,3
8408642,2024-02-23,train,"Money transfer, virtual currency, or money service","Managing, opening, or closing your mobile wallet account","Money transfer, virtual currency, or money service",Other issue,0.5927628234914006,0.5185004020526951,0
8408667,2024-02-23,train,Checking or savings account,Managing an account,Checking or savings account,Managing an account,0.9062308125797051,0.7681032748706987,0
8408809,2024-02-23,train,Credit card,Getting a credit card,Credit card,Getting a credit card,0.9714966935054152,0.3985981376929928,1
8409521,2024-02-23,train,Checking or savings account,Closing an account,Checking or savings account,Closing an account,0.8605648317590576,0.35036075090079627,2
8409537,2024-02-23,train,Checking or savings account,Opening an account,Checking or savings account,Opening an account,0.8989992868861046,0.4385995237266162,0
8410023,2024-02-23,train,Credit card,Trouble using your card,Credit card,Other issue,0.4763562683147352,0.6169605400706464,5
8410329,2024-02-23,train,"Money transfer, virtual currency, or money service",Other transaction problem,"Money transfer, virtual currency, or money service",Other issue,0.7110304231344884,0.6525045927474228,0
8410338,2024-02-23,train,"Money transfer, virtual currency, or money service","Managing, opening, or closing your mobile wallet account","Money transfer, virtual currency, or money service",Other issue,0.663545683250645,0.6733795013273415,5
8410749,2024-02-23,train,Checking or savings account,Opening an account,Checking or savings account,Opening an account,0.8276147513944833,0.3822819498249379,0
8411325,2024-02-23,train,Checking or savings account,Managing an account,Checking or savings account,Managing an account,0.8331423846281787,0.5580958890744827,2
8408021,2024-02-24,train,Checking or savings account,Closing an account,Checking or savings account,Closing an account,0.8234089211378776,0.35888318240015044,0
8413675,2024-02-24,train,Checking or savings account,Problem with a lender or other company charging your account,Checking or savings account,Problem with a purchase shown on your statement,0.5468218907909466,0.30716753304749894,5
8413801,2024-02-24,train,Credit card,Problem with a purchase shown on your statement,Credit card,Problem with a purchase shown on your statement,0.952875601500842,0.7203256258712403,1
8413868,2024-02-24,train,Credit card,Trouble using your card,Credit card,Other issue,0.5548194709473723,0.40973601587130626,5
8414695,2024-02-24,train,"Money transfer, virtual currency, or money service",Fraud or scam,"Money transfer, virtual currency, or money service",Problem with a purchase shown on your statement,0.4266377526102799,0.3070183504891139,5
8415842,2024-02-25,train,Credit card,Problem with a purchase shown on your statement,Credit card,Problem with a purchase shown on your statement,0.7957882793765925,0.6873679247664491,5
8415882,2024-02-25,train,Checking or savings account,Closing an account,Checking or savings account,Closing an account,0.9024112539406325,0.4443153692351951,2
8417450,2024-02-25,train,Checking or savings account,Managing an account,Checking or savings account,Managing an account,0.8156800756701704,0.5727180004446804,2
8417581,2024-02-25,train,Credit card,Problem with a purchase shown on your statement,Credit card,Problem with a purchase shown on your statement,0.9457948868585109,0.6927843009722549,1
8417761,2024-02-25,train,Credit card,Trouble using your card,Credit card,Other issue,0.7640987462644279,0.5070608931208741,1
8418642,2024-02-25,train,Credit card,Closing your account,Credit card,Closing your account,0.9833829253693908,0.27164157137288747,1
8418940,2024-02-26,train,Credit card,"Other features, terms, or problems",Credit card,"Other features, terms, or problems",0.772529914350718,0.3176417027545377,5
8418949,2024-02-26,train,Checking or savings account,Managing an account,Checking or savings account,Managing an account,0.7611694184042288,0.5051224973406312,0
8419286,2024-02-26,train,Credit card,Getting a credit card,Credit card,Getting a credit card,0.9750295474369888,0.8243538838106813,4
8419870,2024-02-26,train,Credit card,Problem with a purchase shown on your statement,Credit card,Problem with a purchase shown on your statement,0.85991592329688,0.6197691800242734,5
8420077,2024-02-26,train,Credit card,"Other features, terms, or problems",Credit card,"Other features, terms, or problems",0.826179897337813,0.31279537359864307,3
8420314,2024-02-26,train,Credit card,Fees or interest,Credit card,Fees or interest,0.9363245993666829,0.4286625152977543,1
8421153,2024-02-26,train,"Money transfer, virtual currency, or money service",Trouble accessing funds in your mobile or digital wallet,"Money transfer, virtual currency, or money service",Other issue,0.7458010703945589,0.6072280739431856,0
8423568,2024-02-26,train,Checking or savings account,Problem with a lender or other company charging your account,Checking or savings account,Problem with a lender or other company charging your account,0.8671205801634921,0.4450942816083056,2
8423684,2024-02-26,train,Credit card,Getting a credit card,Credit card,Getting a credit card,0.9629849632042995,0.522785037108865,1
8423816,2024-02-26,train,Checking or savings account,Managing an account,Checking or savings account,Managing an account,0.7007866164551231,0.42966962183564694,7
8423890,2024-02-26,train,Credit card,Problem with a purchase shown on your statement,Credit card,Problem with a purchase shown on your statement,0.9070743120799234,0.7200685632546757,5
8423919,2024-02-26,train,Checking or savings account,Managing an account,Checking or savings account,Managing an account,0.8056731208554354,0.5928260110667776,2
8424060,2024-02-26,train,Credit card,Getting a credit card,Credit card,Getting a credit card,0.8167483489661742,0.5144508514104945,1
8424339,2024-02-26,train,Credit card,Getting a credit card,Credit card,Getting a credit card,0.9628561241500616,0.6641343174739387,1
8424547,2024-02-26,train,Checking or savings account,Problem with a lender or other company charging your account,Checking or savings account,Problem with a lender or other company charging your account,0.6653705423583558,0.23197239440729242,5
8424573,2024-02-26,train,Credit card,"Advertising and marketing, including promotional offers",Credit card,Other issue,0.8528647390277156,0.47518933274925645,1
8424592,2024-02-26,train,Checking or savings account,Managing an account,Checking or savings account,Managing an account,0.8919861133569251,0.684506512414591,0
8426050,2024-02-26,train,Credit card,Problem when making payments,Credit card,Other issue,0.9467937679211753,0.6233889820795444,1
8426165,2024-02-26,train,Credit card,Problem when making payments,Credit card,Other issue,0.7784449369997019,0.5838879781193395,3
8426227,2024-02-26,train,Checking or savings account,Opening an account,Checking or savings account,Opening an account,0.7267729596259731,0.31086011623222815,4
8426551,2024-02-26,train,Credit card,Fees or interest,Credit card,Fees or interest,0.9048540282715557,0.32299647819411736,1
8426830,2024-02-26,train,Credit card,"Advertising and marketing, including promotional offers",Credit card,Other issue,0.9626755789357966,0.4866720381497317,1
8426872,2024-02-26,train,Checking or savings account,Problem with a lender or other company charging your account,Checking or savings account,Problem with a lender or other company charging your account,0.8761234044101723,0.4251213359421262,5
8427058,2024-02-26,train,Checking or savings account,Opening an account,Checking or savings account,Opening an account,0.5955261784027776,0.2494010012564752,6
8422318,2024-02-27,train,Credit card,"Other features, terms, or problems",Credit card,"Other features, terms, or problems",0.9142593234668154,0.47207618951074687,1
8423104,2024-02-27,train,Credit card,"Other features, terms, or problems",Credit card,"Other features, terms, or problems",0.7465880173595562,0.4554703778194955,2
8423229,2024-02-27,train,Checking or savings account,Problem with a lender or other company charging your account,Checking or savings account,Problem with a lender or other company charging your account,0.7657826383071245,0.3124366180459639,0
8429527,2024-02-27,train,Checking or savings account,Managing an account,Checking or savings account,Managing an account,0.7462093929726729,0.3982237238919965,6
8429818,2024-02-27,train,Checking or savings account,Managing an account,Checking or savings account,Managing an account,0.6697788210004112,0.4331288459294253,3
8430096,2024-02-27,train,Checking or savings account,Closing an account,Checking or savings account,Closing an account,0.9125072370581087,0.5001750622980672,0
8430237,2024-02-27,train,Credit card,Problem with a company's investigation into an existing problem,Credit card,Other issue,0.903130189331269,0.3724862779447743,4
8430399,2024-02-27,train,Checking or savings account,Managing an account,Checking or savings account,Managing an account,0.643900842872013,0.4406498480096266,2
8431089,2024-02-27,train,Credit card,Problem with a purchase shown on your statement,Credit card,Problem with a purchase shown on your statement,0.9578670178594052,0.5518117832364842,1
8431808,2024-02-27,train,Credit card,Problem with a purchase shown on your statement,Credit card,Problem with a purchase shown on your statement,0.6604901858446264,0.4576130519757343,6
8432856,2024-02-27,train,Checking or savings account,Managing an account,Checking or savings account,Managing an account,0.9830435036929773,0.8490349524275393,2
8432983,2024-02-27,train,"Money transfer, virtual currency, or money service",Unauthorized transactions or other transaction problem,"Money transfer, virtual currency, or money service",Other issue,0.6622644850948795,0.6447314590865798,3
8433008,2024-02-27,train,Credit card,Problem with a purchase shown on your statement,Credit card,Problem with a purchase shown on your statement,0.9058023596845145,0.8021724671946922,5
8433395,2024-02-27,train,Checking or savings account,Managing an account,Checking or savings account,Managing an account,0.6978876902770006,0.5732575115029934,0
8433869,2024-02-27,train,Credit card,Problem with a purchase shown on your statement,Credit card,Problem with a purchase shown on your statement,0.9144980546359867,0.7601332921414145,5
8434150,2024-02-28,train,Checking or savings account,Problem with a lender or other company charging your account,Checking or savings account,Problem with a lender or other company charging your account,0.7470341441769511,0.2988038190810355,6
8434153,2024-02-28,train,Checking or savings account,Problem caused by your funds being low,Checking or savings account,Other issue,0.8113109090768033,0.45847748945963795,6
8434167,2024-02-28,train,Credit card,Trouble using your card,Credit card,Other issue,0.9355255343243154,0.6819080010806806,4
8434349,2024-02-28,train,Checking or savings account,Opening an account,Checking or savings account,Opening an account,0.9340903736584835,0.46396828691602365,4
8435070,2024-02-28,train,Checking or savings account,Problem with a lender or other company charging your account,Checking or savings account,Problem with a lender or other company charging your account,0.5760326021812946,0.33368511606954016,5
8435813,2024-02-28,train,Checking or savings account,Opening an account,Checking or savings account,Opening an account,0.8977133438960805,0.37478487830699925,0
8435943,2024-02-28,train,Checking or savings account,Managing an account,Checking or savings account,Managing an account,0.7740961800522483,0.48864893423145,5
8435954,2024-02-28,train,Checking or savings account,Closing an account,Checking or savings account,Closing an account,0.8613650945437789,0.42813449158675854,0
8436434,2024-02-28,train,Credit card,Problem when making payments,Credit card,Other issue,0.8644443305063009,0.4532702748540836,5
8438051,2024-02-28,train,Credit card,"Other features, terms, or problems",Credit card,"Other features, terms, or problems",0.9387050778823203,0.45223671378108266,1
8440728,2024-02-28,train,Credit card,Problem with a purchase shown on your statement,Credit card,Problem with a purchase shown on your statement,0.7845691753282698,0.6241124669199253,5
8441060,2024-02-28,train,Checking or savings account,Managing an account,Checking or savings account,Managing an account,0.8454538404322939,0.5741340743096585,0
8441190,2024-02-28,train,Checking or savings account,Managing an account,Checking or savings account,Managing an account,0.8701618520265307,0.634368007539243,2
8441371,2024-02-28,train,Credit card,Closing your account,Credit card,Closing your account,0.9581039125331546,0.3643787111787327,1
8441439,2024-02-28,train,"Money transfer, virtual currency, or money service",Unauthorized transactions or other transaction problem,Checking or savings account,Other issue,0.4831299064024959,0.3836672855019946,2
8441544,2024-02-28,train,Checking or savings account,Managing an account,Checking or savings account,Managing an account,0.9080092470558928,0.8464449734658732,0
8441728,2024-02-28,train,"Money transfer, virtual currency, or money service",Fraud or scam,"Money transfer, virtual currency, or money service",Fraud or scam,0.5992528619286321,0.393554126870437,0
8441770,2024-02-28,train,Credit card,Incorrect information on your report,Credit card,Other issue,0.9101775316733477,0.9083203120769519,3
8441860,2024-02-28,train,Checking or savings account,Managing an account,Checking or savings account,Managing an account,0.9395689839732805,0.7464970768590292,2
8442913,2024-02-28,train,Credit card,Problem with a purchase shown on your statement,Credit card,Problem with a purchase shown on your statement,0.711973880239593,0.5234174540536817,6
8443334,2024-02-28,train,Checking or savings account,Managing an account,Checking or savings account,Managing an account,0.5986253838807906,0.28585951376237834,5
8443397,2024-02-28,train,"Money transfer, virtual currency, or money service",Other transaction problem,"Money transfer, virtual currency, or money service",Other issue,0.7267501437227337,0.6114852095935447,0
8443623,2024-02-28,train,Credit card,"Other features, terms, or problems",Credit card,"Other features, terms, or problems",0.8257065639009841,0.3031670813134186,5
8443765,2024-02-28,train,Credit card,Problem with a purchase shown on your statement,Credit card,Problem with a purchase shown on your statement,0.8380847077708514,0.74748301901481,5
8444007,2024-02-28,train,Credit card,Closing your account,Credit card,Closing your account,0.8398616333424036,0.4581325192698513,1
8438792,2024-02-29,train,Checking or savings account,Opening an account,Credit card,Other issue,0.5452141160861135,0.22260523432631238,4
8439045,2024-02-29,train,Checking or savings account,Closing an account,Checking or savings account,Closing an account,0.8354748994462159,0.398683405701871,0
8444658,2024-02-29,train,Checking or savings account,Problem with a lender or other company charging your account,Checking or savings account,Managing an account,0.9038075974954345,0.3949900016294692,0
8445049,2024-02-29,train,Checking or savings account,Managing an account,Checking or savings account,Managing an account,0.7989123737228386,0.4874031803837904,0
8445636,2024-02-29,train,"Money transfer, virtual currency, or money service",Fraud or scam,"Money transfer, virtual currency, or money service",Fraud or scam,0.8843790845490542,0.7346624177506467,5
8445638,2024-02-29,train,Checking or savings account,Problem with a lender or other company charging your account,Checking or savings account,Problem with a purchase shown on your statement,0.493296165824836,0.34804151546992884,5
8445823,2024-02-29,train,Credit card,Incorrect information on your report,Credit card,Other issue,0.931487829686631,0.8705153867792012,3
8446241,2024-02-29,train,Credit card,"Other features, terms, or problems",Credit card,"Other features, terms, or problems",0.8841690029808948,0.2990849291017809,1
8446319,2024-02-29,train,"Money transfer, virtual currency, or money service",Other service problem,"Money transfer, virtual currency, or money service",Other issue,0.6309512519667464,0.6588837347415434,5
8447118,2024-02-29,train,Checking or savings account,Closing an account,Checking or savings account,Closing an account,0.8204338132482611,0.5732881251378595,0
8447573,2024-02-29,train,Credit card,Problem with a purchase shown on your statement,Credit card,Problem with a purchase shown on your statement,0.9426982175403642,0.7286370626367547,1
8448140,2024-02-29,train,Credit card,Problem when making payments,Credit card,Other issue,0.986035473566326,0.45125971291046285,3
8453789,2024-02-29,train,Credit card,"Other features, terms, or problems",Credit card,"Other features, terms, or problems",0.9139492780181809,0.434296666173133,1
8445724,2024-03-01,train,Checking or savings account,Managing an account,Checking or savings account,Managing an account,0.7046379499624599,0.5742236184054262,5
8447554,2024-03-01,train,Credit card,Getting a credit card,Credit card,Getting a credit card,0.7027502132989386,0.3883645389589892,4
8447613,2024-03-01,train,Checking or savings account,Opening an account,Checking or savings account,Opening an account,0.7638847814371263,0.41276699647304316,4
8447888,2024-03-01,train,"Money transfer, virtual currency, or money service",Unexpected or other fees,"Money transfer, virtual currency, or money service",Other issue,0.6690142751826279,0.5388365512867399,6
8448754,2024-03-01,train,Credit card,Trouble using your card,Credit card,Other issue,0.7976625952370464,0.5122925591257833,3
8450979,2024-03-01,train,Credit card,Problem with a purchase shown on your statement,Credit card,Problem with a purchase shown on your statement,0.8657842068699937,0.822482318750551,5
8453599,2024-03-01,train,Credit card,Fees or interest,Credit card,Fees or interest,0.9729361083381436,0.6761454713758779,3
8455228,2024-03-01,train,"Money transfer, virtual currency, or money service",Fraud or scam,"Money transfer, virtual currency, or money service",Fraud or scam,0.7771830690704352,0.6752210206656543,6
8455736,2024-03-01,train,Checking or savings account,Problem caused by your funds being low,Checking or savings account,Other issue,0.8328010809171563,0.46043919466670624,0
8456118,2024-03-01,train,Checking or savings account,Managing an account,Checking or savings account,Managing an account,0.6710439256750302,0.445226660059866,5
8456159,2024-03-01,train,Credit card,Incorrect information on your report,Credit card,Other issue,0.891917990277305,0.49022223268693726,1
8456657,2024-03-01,train,Credit card,Getting a credit card,Credit card,Getting a credit card,0.9680281413859098,0.5288427948518144,4
8456844,2024-03-01,train,Checking or savings account,Managing an account,Checking or savings account,Managing an account,0.9115865308933427,0.7749320649465808,0
8456851,2024-03-01,train,Credit card,Fees or interest,Credit card,Fees or interest,0.6310126952961475,0.35533873825440354,3
8457163,2024-03-01,train,Checking or savings account,Closing an account,Checking or savings account,Closing an account,0.8559733408731438,0.3330033953799595,0
8460012,2024-03-01,train,Credit card,Problem with a purchase shown on your statement,Credit card,Problem with a purchase shown on your statement,0.9731299602639546,0.8144945790982986,5
8460119,2024-03-01,train,Credit card,Problem with a purchase shown on your statement,Credit card,Problem with a purchase shown on your statement,0.8081291470399058,0.5709903902814529,5
8451799,2024-03-02,train,Checking or savings account,Managing an account,Checking or savings account,Managing an account,0.874120452431016,0.6138404720344528,0
8453056,2024-03-02,train,Credit card,"Advertising and marketing, including promotional offers",Credit card,Other issue,0.8256988286939134,0.48614554433556484,5
8454586,2024-03-02,train,Credit card,Closing your account,Credit card,Other issue,0.8851373983738211,0.31355810417444696,3
8454873,2024-03-02,train,Credit card,Closing your account,Credit card,Closing your account,0.9865595244214496,0.35039058802743256,1
8455074,2024-03-02,train,Checking or savings account,Managing an account,Checking or savings account,Managing an account,0.740964631829761,0.5331419526654808,7
8460595,2024-03-02,train,Credit card,Incorrect information on your report,Credit card,Other issue,0.8966359223445044,0.47907039059330386,4
8460610,2024-03-02,train,Checking or savings account,Managing an account,Checking or savings account,Managing an account,0.9156558163694327,0.6529712183060494,5
8460799,2024-03-02,train,Checking or savings account,Opening an account,Checking or savings account,Opening an account,0.7405741619560039,0.3686803693363538,4
8460926,2024-03-02,train,Credit card,Fees or interest,Credit card,Fees or interest,0.9648565379553519,0.6298229740870681,1
8461081,2024-03-02,train,"Money transfer, virtual currency, or money service",Problem with customer service,Checking or savings account,Managing an account,0.6415886177074261,0.38025631336974286,2
8463055,2024-03-02,train,Credit card,Incorrect information on your report,Credit card,Other issue,0.9607042876797267,0.7667094483030161,3
8463501,2024-03-02,train,Checking or savings account,Opening an account,Checking or savings account,Other issue,0.6816196845114536,0.22446757539300846,3
8463640,2024-03-02,train,Credit card,Credit monitoring or identity theft protection services,Credit card,Other issue,0.893480199267837,0.39348165252886097,4
8463858,2024-03-02,train,Credit card,Getting a credit card,Credit card,Getting a credit card,0.902373740429681,0.3742443508811383,1
8461596,2024-03-03,train,"Money transfer, virtual currency, or money service",Unauthorized transactions or other transaction problem,"Money transfer, virtual currency, or money service",Other issue,0.4778965280024681,0.27581311109277357,2
8461675,2024-03-03,train,"Money transfer, virtual currency, or money service",Money was not available when promised,"Money transfer, virtual currency, or money service",Other issue,0.5815890806103737,0.5320227318540718,0
8461741,2024-03-03,train,Credit card,Problem with a purchase shown on your statement,Credit card,Problem with a purchase shown on your statement,0.8670650818241671,0.7882551678144758,5
8461975,2024-03-03,train,Credit card,Problem when making payments,Credit card,Other issue,0.5507549489617395,0.5521334783599422,6
8462100,2024-03-03,train,Checking or savings account,Managing an account,Checking or savings account,Managing an account,0.7888259842770078,0.4867422426903634,0
8462260,2024-03-03,train,Checking or savings account,Managing an account,Checking or savings account,Managing an account,0.8130578370695016,0.5183499817319294,5
8464195,2024-03-03,train,Credit card,Fees or interest,Credit card,Fees or interest,0.9500846676470478,0.38486772870270186,3
8464289,2024-03-03,train,Checking or savings account,Closing an account,Checking or savings account,Closing an account,0.8389104431297245,0.32977783876945427,0
8464645,2024-03-03,train,Credit card,Trouble using your card,Credit card,Other issue,0.8212959354716652,0.5916041194044696,4
8464974,2024-03-03,train,Checking or savings account,Managing an account,Checking or savings account,Managing an account,0.7537654918790807,0.6052687422442884,0
8465285,2024-03-03,train,Credit card,Fees or interest,Credit card,Fees or interest,0.9252724000109621,0.48118582735716037,3
8465360,2024-03-03,train,"Money transfer, virtual currency, or money service","Managing, opening, or closing your mobile wallet account","Money transfer, virtual currency, or money service",Other issue,0.6153264293367032,0.5266972692962673,0
8467533,2024-03-03,train,Checking or savings account,Managing an account,Checking or savings account,Managing an account,0.9095126758868388,0.7132325901618433,0
8465622,2024-03-04,train,Checking or savings account,Closing an account,Checking or savings account,Closing an account,0.9613287752908072,0.5677954124512864,2
8465805,2024-03-04,train,"Money transfer, virtual currency, or money service",Problem with customer service,"Money transfer, virtual currency, or money service",Other issue,0.401240269292173,0.4356870906067618,5
8466032,2024-03-04,train,Credit card,Closing your account,Credit card,Closing your account,0.9825770352060262,0.2894880245617033,1
8467701,2024-03-04,train,Checking or savings account,Opening an account,Checking or savings account,Opening an account,0.8070859320253582,0.20982323150528404,0
8467703,2024-03-04,train,"Money transfer, virtual currency, or money service",Unexpected or other fees,"Money transfer, virtual currency, or money service",Other issue,0.5290211967519731,0.5845504840936044,6
8467889,2024-03-04,train,Credit card,Problem with a purchase shown on your statement,Credit card,Problem with a purchase shown on your statement,0.8744177597114532,0.7006375805518245,6
8468248,2024-03-04,train,Credit card,Problem with a purchase shown on your statement,Credit card,Problem with a purchase shown on your statement,0.8046240025416772,0.6911124457904179,5
8468251,2024-03-04,train,Credit card,Incorrect information on your report,Credit card,Other issue,0.9814860311927399,0.8310854782651859,3
8469360,2024-03-04,train,Credit card,Problem with a purchase shown on your statement,Credit card,Problem with a purchase shown on your statement,0.666847451275858,0.432897494345345,2
8478016,2024-03-04,train,Credit card,Getting a credit card,Credit card,Getting a credit card,0.9718171877488636,0.46579688112674433,1
8479148,2024-03-04,train,Credit card,Problem when making payments,Credit card,Other issue,0.9799052987383399,0.6554630907874832,3
8480079,2024-03-04,train,"Money transfer, virtual currency, or money service",Fraud or scam,"Money transfer, virtual currency, or money service",Fraud or scam,0.8119312773144937,0.5521437971917691,5
8472641,2024-03-05,train,"Money transfer, virtual currency, or money service",Money was not available when promised,"Money transfer, virtual currency, or money service",Other issue,0.4749443267157436,0.5094179928392859,0
8473359,2024-03-05,train,Credit card,Closing your account,Credit card,Closing your account,0.6894586832783491,0.2182089194167008,6
8473778,2024-03-05,train,Credit card,Problem with a purchase shown on your statement,Credit card,Problem with a purchase shown on your statement,0.7984971654127144,0.4860856515320364,5
8474807,2024-03-05,train,Checking or savings account,Managing an account,Checking or savings account,Managing an account,0.6749466710032209,0.4374052130082124,3
8475834,2024-03-05,train,Checking or savings account,Problem caused by your funds being low,Checking or savings account,Other issue,0.7840463944414029,0.41311236230254866,2
8476012,2024-03-05,train,Checking or savings account,Managing an account,Checking or savings account,Managing an account,0.7258093612721103,0.6400829181569173,0
8477420,2024-03-05,train,"Money transfer, virtual currency, or money service",Fraud or scam,"Money transfer, virtual currency, or money service",Fraud or scam,0.6542135857056917,0.43779607099300805,0
8478486,2024-03-05,train,Credit card,Fees or interest,Credit card,Fees or interest,0.9455516088492929,0.6479408536491714,7
8479889,2024-03-05,train,Credit card,Problem with a purchase shown on your statement,Credit card,Problem with a purchase shown on your statement,0.8754417027890079,0.6485486112581554,5
8480413,2024-03-05,train,Credit card,"Other features, terms, or problems",Credit card,"Other features, terms, or problems",0.8181870747905197,0.2953207236854339,1
8481193,2024-03-05,train,Checking or savings account,Closing an account,Checking or savings account,Closing an account,0.8663527307379856,0.5661050439772712,0
8481548,2024-03-05,train,Credit card,Improper use of your report,Credit card,Other issue,0.9326873155296016,0.6069298972363449,6
8481871,2024-03-05,train,Credit card,Fees or interest,Credit card,Fees or interest,0.9927472113899409,0.6094970419344222,1
8482352,2024-03-05,train,Checking or savings account,Closing an account,Checking or savings account,Closing an account,0.8011130974642158,0.39973744611500645,4
8474589,2024-03-06,train,Checking or savings account,Managing an account,Checking or savings account,Managing an account,0.7712029096349724,0.496062913558467,0
8483813,2024-03-06,train,Credit card,Fees or interest,Credit card,Fees or interest,0.9395418391877777,0.5518486491542779,1
8484825,2024-03-06,train,Checking or savings account,Problem caused by your funds being low,Checking or savings account,Other issue,0.8697168731215471,0.704766048340987,3
8485602,2024-03-06,train,Credit card,Closing your account,Credit card,Other issue,0.9589378144003567,0.3092119424186256,1
8485903,2024-03-06,train,Checking or savings account,Managing an account,Checking or savings account,Managing an account,0.7980443749932469,0.5454693331349559,0
8486096,2024-03-06,train,Checking or savings account,Managing an account,Checking or savings account,Managing an account,0.8301301522395907,0.6458002953952856,0
8486318,2024-03-06,train,Checking or savings account,Managing an account,Checking or savings account,Managing an account,0.8576312400447208,0.696663343039635,0
8486380,2024-03-06,train,Credit card,Incorrect information on your report,Credit card,Other issue,0.8366979310195152,0.7607777778588972,3
8486647,2024-03-06,train,Credit card,Getting a credit card,Credit card,Getting a credit card,0.9609266421079655,0.5704168204480737,1
8486669,2024-03-06,train,Checking or savings account,Closing an account,Checking or savings account,Closing an account,0.8439968595531417,0.42017276130137965,4
8486737,2024-03-06,train,Credit card,Problem with a purchase shown on your statement,Credit card,Problem with a purchase shown on your statement,0.7378482390814748,0.31633351561681966,5
8486740,2024-03-06,train,Checking or savings account,Managing an account,Checking or savings account,Managing an account,0.8640527009074196,0.6363759721447088,0
8487483,2024-03-06,train,"Money transfer, virtual currency, or money service",Other transaction problem,"Money transfer, virtual currency, or money service",Other issue,0.6131474953982881,0.44822171665182675,6
8487621,2024-03-06,train,Credit card,Getting a credit card,Credit card,Getting a credit card,0.951420686721594,0.5867422276453598,4
8489988,2024-03-06,train,"Money transfer, virtual currency, or money service",Fraud or scam,"Money transfer, virtual currency, or money service",Fraud or scam,0.5583650545982636,0.4049043075872149,2
8492928,2024-03-06,train,Credit card,Fees or interest,Credit card,Fees or interest,0.950784131324282,0.5249014469770065,3
8490328,2024-03-07,train,Credit card,Getting a credit card,Credit card,Getting a credit card,0.7848878218737518,0.3411870445672076,1
8490521,2024-03-07,train,Credit card,"Other features, terms, or problems",Credit card,"Other features, terms, or problems",0.8958356268451643,0.43132311003624724,1
8490634,2024-03-07,train,Checking or savings account,Managing an account,Checking or savings account,Managing an account,0.9592387467412254,0.6710668811367441,2
8490940,2024-03-07,train,Checking or savings account,Opening an account,Checking or savings account,Opening an account,0.7518046706008735,0.2730866936584176,4
8491073,2024-03-07,train,Checking or savings account,Managing an account,Checking or savings account,Managing an account,0.6093213733775266,0.41967858316807877,1
8492553,2024-03-07,train,"Money transfer, virtual currency, or money service",Problem with customer service,"Money transfer, virtual currency, or money service",Other issue,0.63714165568663,0.5791078237034318,0
8494268,2024-03-07,train,Checking or savings account,Managing an account,Checking or savings account,Managing an account,0.7454186153707426,0.5075917276522779,0
8494389,2024-03-07,train,Credit card,Problem with a purchase shown on your statement,Credit card,Problem with a purchase shown on your statement,0.8824792221476977,0.7519433346786788,5
8496624,2024-03-07,train,"Money transfer, virtual currency, or money service",Money was not available when promised,"Money transfer, virtual currency, or money service",Other issue,0.6438416722353547,0.5778484863363667,0
8498563,2024-03-07,train,Checking or savings account,Managing an account,Checking or savings account,Managing an account,0.8478635097057046,0.6243646272912075,2
8499589,2024-03-07,train,Checking or savings account,Managing an account,Checking or savings account,Managing an account,0.5695644729486665,0.4027733741421184,4
8500825,2024-03-07,train,Checking or savings account,Opening an account,Checking or savings account,Opening an account,0.9009773888513496,0.32635763212399804,6
8500968,2024-03-07,train,Checking or savings account,Managing an account,Checking or savings account,Managing an account,0.7221103885720673,0.5489440262929125,1
8501365,2024-03-07,train,Checking or savings account,Managing an account,Checking or savings account,Managing an account,0.7518903698842099,0.5182720776556552,1
8501631,2024-03-07,train,Credit card,Problem when making payments,Credit card,Other issue,0.9168596445230663,0.6215508276523862,3
8502143,2024-03-07,train,Checking or savings account,Managing an account,Checking or savings account,Managing an account,0.8391527469897765,0.5708611497182032,6
8502261,2024-03-07,train,Credit card,"Other features, terms, or problems",Credit card,"Other features, terms, or problems",0.5881069906567936,0.2847250599069356,0
8502274,2024-03-07,train,Checking or savings account,Managing an account,Checking or savings account,Managing an account,0.8257629586821369,0.5947478682414273,5
8502324,2024-03-07,train,Checking or savings account,Managing an account,Checking or savings account,Managing an account,0.8911667033521555,0.625526709262466,6
8494751,2024-03-08,train,"Money transfer, virtual currency, or money service",Money was not available when promised,"Money transfer, virtual currency, or money service",Other issue,0.4492021703941969,0.4759068913775394,3
8496913,2024-03-08,train,Credit card,"Other features, terms, or problems",Credit card,"Other features, terms, or problems",0.6984108332974718,0.2700301959340172,0
8497255,2024-03-08,train,Credit card,"Advertising and marketing, including promotional offers",Credit card,Other issue,0.9345972141839319,0.638471758165943,1
8497694,2024-03-08,train,Checking or savings account,Problem with a lender or other company charging your account,Checking or savings account,Problem with a lender or other company charging your account,0.8067012822560979,0.28138098987917987,2
8497729,2024-03-08,train,"Money transfer, virtual currency, or money service",Fraud or scam,"Money transfer, virtual currency, or money service",Fraud or scam,0.5711173423588406,0.28208162947215654,0
8502863,2024-03-08,train,Checking or savings account,Managing an account,Checking or savings account,Managing an account,0.8797694614634853,0.6456317437938509,5
8504039,2024-03-08,train,Checking or savings account,Problem caused by your funds being low,Checking or savings account,Other issue,0.7851371071364118,0.5943528971190859,3
8504213,2024-03-08,train,Credit card,Credit monitoring or identity theft protection services,Credit card,Other issue,0.8431787918201205,0.4648865149134753,4
8507307,2024-03-08,train,Checking or savings account,Closing an account,Checking or savings account,Closing an account,0.872405304476938,0.5550583541682035,2
8507328,2024-03-08,train,Checking or savings account,Problem with a lender or other company charging your account,Checking or savings account,Problem with a lender or other company charging your account,0.7492762231048726,0.3564191068997096,5
8507857,2024-03-08,train,"Money transfer, virtual currency, or money service",Fraud or scam,"Money transfer, virtual currency, or money service",Fraud or scam,0.3756745745804252,0.19106260238378153,5
8508433,2024-03-08,train,"Money transfer, virtual currency, or money service",Other transaction problem,"Money transfer, virtual currency, or money service",Other issue,0.4034642084344182,0.40969026300427386,0
8508781,2024-03-08,train,Checking or savings account,Closing an account,Checking or savings account,Closing an account,0.7290635120580569,0.2801564912587927,0
8509121,2024-03-08,train,"Money transfer, virtual currency, or money service",Fraud or scam,"Money transfer, virtual currency, or money service",Other issue,0.7782124430666325,0.39582768513670685,5
8509955,2024-03-08,train,Checking or savings account,Managing an account,Checking or savings account,Managing an account,0.8777690931104704,0.644920183770394,2
8504653,2024-03-09,train,Checking or savings account,Closing an account,Checking or savings account,Closing an account,0.7629181055196983,0.3104291093936095,7
8505892,2024-03-09,train,Credit card,Closing your account,Credit card,Closing your account,0.7972017053994064,0.1978573493137279,3
8505915,2024-03-09,train,Checking or savings account,Managing an account,Checking or savings account,Managing an account,0.8544200723891425,0.6810194058309375,0
8510486,2024-03-09,train,Checking or savings account,Managing an account,Checking or savings account,Managing an account,0.7751839399137738,0.5006365148364217,2
8510558,2024-03-09,train,Checking or savings account,Managing an account,Checking or savings account,Managing an account,0.9097429686336365,0.7358601292168384,0
8510678,2024-03-09,train,Checking or savings account,Managing an account,Checking or savings account,Managing an account,0.7845100716626442,0.6105007205211536,0
8510942,2024-03-09,train,Checking or savings account,Opening an account,Checking or savings account,Opening an account,0.9066118201129152,0.4915140071175859,0
8512159,2024-03-09,train,Checking or savings account,Closing an account,Checking or savings account,Closing an account,0.888061461261154,0.5614266817971119,0
8512202,2024-03-09,train,Checking or savings account,Managing an account,Checking or savings account,Managing an account,0.782007080243509,0.4983725093517469,7
8512680,2024-03-09,train,Checking or savings account,Problem caused by your funds being low,Checking or savings account,Other issue,0.8142709633139347,0.3021718571877396,1
8513667,2024-03-09,train,Checking or savings account,Closing an account,Checking or savings account,Closing an account,0.8931276476465916,0.552319632351095,0
8511281,2024-03-10,train,Checking or savings account,Managing an account,Checking or savings account,Managing an account,0.7622186805973334,0.47994242713201113,5
8511310,2024-03-10,train,Credit card,Problem with a purchase shown on your statement,Credit card,Problem with a purchase shown on your statement,0.8286952882717813,0.69604304315956,5
8511314,2024-03-10,train,Credit card,Problem with a company's investigation into an existing problem,Credit card,Other issue,0.9612315474030256,0.30621030074087896,1
8513992,2024-03-10,train,Checking or savings account,Managing an account,Checking or savings account,Managing an account,0.6300682972159489,0.4492026690220302,0
8514416,2024-03-10,train,Checking or savings account,Closing an account,Checking or savings account,Closing an account,0.9560234407874463,0.4827333538244247,0
8514866,2024-03-10,train,Checking or savings account,Managing an account,Checking or savings account,Managing an account,0.8814820774087725,0.6315621796599564,0
8514881,2024-03-10,train,Credit card,Problem with a purchase shown on your statement,Credit card,Problem with a purchase shown on your statement,0.777269684921707,0.7031275374471367,5
8515043,2024-03-10,train,"Money transfer, virtual currency, or money service",Money was not available when promised,Checking or savings account,Other issue,0.49520819226829027,0.4275815252589462,2
8516200,2024-03-10,train,Checking or savings account,Problem with a lender or other company charging your account,Checking or savings account,Other issue,0.5554454097545082,0.24847226759295205,1
8516622,2024-03-10,train,Credit card,Problem when making payments,Credit card,Other issue,0.8575678884402822,0.49978112249134454,1
8516137,2024-03-11,train,Credit card,Problem with a purchase shown on your statement,Credit card,Problem with a purchase shown on your statement,0.759798182336975,0.4832588472924469,6
8516256,2024-03-11,train,Credit card,"Other features, terms, or problems",Credit card,Other issue,0.9216837215761877,0.27215644664581845,4
8516264,2024-03-11,train,Credit card,Fees or interest,Credit card,Fees or interest,0.9300973979553852,0.46425561523754055,1
8522023,2024-03-11,train,"Money transfer, virtual currency, or money service",Confusing or missing disclosures,"Money transfer, virtual currency, or money service",Other issue,0.5771327137609836,0.6466198391050165,5
8523017,2024-03-11,train,Credit card,Getting a credit card,Credit card,Getting a credit card,0.5780123835279009,0.38355646378570746,4
8523117,2024-03-11,train,Checking or savings account,Managing an account,Checking or savings account,Managing an account,0.7531473414112653,0.6164990610103298,2
8523476,2024-03-11,train,Checking or savings account,Opening an account,Checking or savings account,Opening an account,0.8554089684614776,0.23031028746993382,6
8523815,2024-03-11,train,Checking or savings account,Problem caused by your funds being low,Checking or savings account,Other issue,0.5330465175581809,0.6788598423195923,3
8524298,2024-03-11,train,Checking or savings account,Problem caused by your funds being low,Checking or savings account,Other issue,0.5809728014850541,0.471717575352676,5
8525306,2024-03-11,train,Credit card,Problem with a purchase shown on your statement,Credit card,Problem with a purchase shown on your statement,0.8877039366068197,0.7141371510315545,5
8526013,2024-03-11,train,Credit card,"Other features, terms, or problems",Credit card,"Other features, terms, or problems",0.8104810700199846,0.3973813854313557,5
8518604,2024-03-12,train,Credit card,Problem with a purchase shown on your statement,Credit card,Problem with a purchase shown on your statement,0.8552038330518479,0.7142923657196056,5
8518752,2024-03-12,train,Credit card,Problem with a purchase shown on your statement,Credit card,Problem with a purchase shown on your statement,0.8565647169210753,0.6524776929220456,5
8521391,2024-03-12,train,Credit card,Fees or interest,Credit card,Fees or interest,0.9169250086348385,0.5126972620262095,3
8521430,2024-03-12,train,Checking or savings account,Managing an account,Checking or savings account,Managing an account,0.9007195929514328,0.7076334168153975,2
8521496,2024-03-12,train,Credit card,"Advertising and marketing, including promotional offers",Credit card,Other issue,0.958969840814554,0.5502340503027764,1
8526539,2024-03-12,train,"Money transfer, virtual currency, or money service",Fraud or scam,"Money transfer, virtual currency, or money service",Fraud or scam,0.536650715138276,0.33813770874462146,0
8528726,2024-03-12,train,Credit card,Getting a credit card,Credit card,Getting a credit card,0.9305635760556301,0.5997305584796547,1
8528957,2024-03-12,train,Checking or savings account,Closing an account,Checking or savings account,Closing an account,0.5920091465320213,0.2598539195000728,2
8529194,2024-03-12,train,Checking or savings account,Managing an account,Checking or savings account,Managing an account,0.8300728051249799,0.6757966937811355,0
8530001,2024-03-12,train,Checking or savings account,Managing an account,Checking or savings account,Managing an account,0.9447611127389798,0.6635865677792155,0
8530138,2024-03-12,train,Credit card,Problem with a purchase shown on your statement,Credit card,Problem with a purchase shown on your statement,0.9139750185333578,0.7452303223423753,5
8530678,2024-03-12,train,Checking or savings account,Managing an account,Checking or savings account,Managing an account,0.8495965147777499,0.660644707934037,0
8532138,2024-03-12,train,Credit card,Problem with a purchase shown on your statement,Credit card,Problem with a purchase shown on your statement,0.8368970687290181,0.7253457251072737,5
8532167,2024-03-12,train,Credit card,Closing your account,Credit card,Closing your account,0.8597208100850242,0.321722232746307,3
8532435,2024-03-12,train,Credit card,Fees or interest,Credit card,Fees or interest,0.9348142318508255,0.40559109031441,1
8532928,2024-03-12,train,Checking or savings account,Problem with a lender or other company charging your account,Checking or savings account,Problem with a lender or other company charging your account,0.6561439548530064,0.3373751901851072,5
8534511,2024-03-12,train,"Money transfer, virtual currency, or money service",Fraud or scam,"Money transfer, virtual currency, or money service",Managing an account,0.38806740286325236,0.23716604893985985,6
8534870,2024-03-12,train,Credit card,Problem with a purchase shown on your statement,Credit card,Problem with a purchase shown on your statement,0.740483177245484,0.5216171832869847,5
8535020,2024-03-12,train,Checking or savings account,Managing an account,Checking or savings account,Managing an account,0.8568362420617437,0.5849188092281298,2
8535100,2024-03-12,train,Checking or savings account,Managing an account,Checking or savings account,Managing an account,0.7298493525104859,0.6059633216525839,0
8527148,2024-03-13,train,"Money transfer, virtual currency, or money service",Other service problem,Checking or savings account,Managing an account,0.6510926732108355,0.39255951130726013,0
8527866,2024-03-13,train,Checking or savings account,Problem with a lender or other company charging your account,Checking or savings account,Problem with a lender or other company charging your account,0.6564825099719322,0.41512850026820686,5
8537529,2024-03-13,train,Credit card,Getting a credit card,Credit card,Getting a credit card,0.8118980059950043,0.4219116853880673,4
8537568,2024-03-13,train,Credit card,"Advertising and marketing, including promotional offers",Credit card,Other issue,0.915538756857966,0.5882259023814869,4
8537571,2024-03-13,train,Credit card,Problem when making payments,Credit card,Other issue,0.7311494089185092,0.510036692580516,3
8537677,2024-03-13,train,Credit card,Trouble using your card,Credit card,Other issue,0.6343496135158257,0.4103364847038574,5
8537792,2024-03-13,train,"Money transfer, virtual currency, or money service",Fraud or scam,"Money transfer, virtual currency, or money service",Fraud or scam,0.6449499642732456,0.43367904023079545,5
8537900,2024-03-13,train,Credit card,"Other features, terms, or problems",Credit card,"Other features, terms, or problems",0.7842666260356953,0.48050736357796575,1
8538033,2024-03-13,train,Credit card,Problem when making payments,Credit card,Other issue,0.860168112961867,0.6713920044661338,3
8538627,2024-03-13,train,Credit card,Problem with a company's investigation into an existing problem,Credit card,Getting a credit card,0.9493240072950875,0.36087121516781945,6
8538909,2024-03-13,train,Credit card,Fees or interest,Credit card,Fees or interest,0.9333385826720307,0.3339508153156376,4
8538965,2024-03-13,train,Credit card,Fees or interest,Credit card,Fees or interest,0.8531158925695392,0.3655691045646411,4
8539302,2024-03-13,train,Credit card,Problem when making payments,Credit card,Other issue,0.7982249516921194,0.48657805667873943,3
8540101,2024-03-13,train,Credit card,Problem with a purchase shown on your statement,Credit card,Problem with a purchase shown on your statement,0.8155988399658084,0.8190725939281823,5
8541210,2024-03-13,train,Credit card,Problem with fraud alerts or security freezes,Credit card,Other issue,0.8701273523180428,0.4597917321060859,1
8541399,2024-03-13,train,Checking or savings account,Closing an account,Checking or savings account,Closing an account,0.7722308069221808,0.3051679667061292,5
8541404,2024-03-13,train,Credit card,Problem with a company's investigation into an existing problem,Credit card,Other issue,0.9571613098656031,0.8959277407650583,3
8541815,2024-03-13,train,"Money transfer, virtual currency, or money service",Fraud or scam,"Money transfer, virtual currency, or money service",Fraud or scam,0.6245495872633283,0.5295330322672872,0
8541862,2024-03-13,train,"Money transfer, virtual currency, or money service",Trouble accessing funds in your mobile or digital wallet,Credit card,Other issue,0.43872005694150173,0.5324128412994046,1
8542191,2024-03-13,train,Checking or savings account,Problem with a lender or other company charging your account,Checking or savings account,Problem with a lender or other company charging your account,0.5844519212381186,0.33857145617505113,5
8542440,2024-03-13,train,Credit card,Problem when making payments,Credit card,Other issue,0.9767166871497004,0.6144244238906518,3
8543380,2024-03-13,train,Checking or savings account,Problem with a lender or other company charging your account,Checking or savings account,Problem with a lender or other company charging your account,0.7903623611426256,0.3112191310502758,5
8535680,2024-03-14,train,Checking or savings account,Managing an account,Checking or savings account,Managing an account,0.8782546933026011,0.6727241104358533,0
8536855,2024-03-14,train,Credit card,Problem with a purchase shown on your statement,Credit card,Problem with a purchase shown on your statement,0.8336455798741141,0.5730993171199424,5
8545305,2024-03-14,train,Credit card,Problem with a purchase shown on your statement,Credit card,Problem with a purchase shown on your statement,0.5515111672579515,0.3083113176588819,1
8545852,2024-03-14,train,Credit card,Fees or interest,Credit card,Fees or interest,0.9243198077967953,0.5970146919264399,3
8545863,2024-03-14,train,Checking or savings account,Managing an account,Checking or savings account,Managing an account,0.9091524454972262,0.7706111521894448,0
8546044,2024-03-14,train,Credit card,Problem with a purchase shown on your statement,Credit card,Problem with a purchase shown on your statement,0.9087362087109485,0.572109381413375,2
8546501,2024-03-14,train,Credit card,Closing your account,Credit card,Managing an account,0.5872599001200812,0.2490007254982204,0
8547514,2024-03-14,train,Credit card,"Advertising and marketing, including promotional offers",Credit card,Other issue,0.8606643193970204,0.5199240782808725,1
8549190,2024-03-14,train,Checking or savings account,Managing an account,Checking or savings account,Managing an account,0.7651528302555014,0.579818811216525,0
8549390,2024-03-14,train,Checking or savings account,Managing an account,Checking or savings account,Managing an account,0.7725885439812715,0.5232026465362931,0
8549608,2024-03-14,train,Credit card,Closing your account,Credit card,Other issue,0.9088429066184667,0.2780382858729682,4
8550175,2024-03-14,train,Checking or savings account,Problem with a lender or other company charging your account,Checking or savings account,Problem with a lender or other company charging your account,0.6297135423825021,0.31081120861358896,5
8550715,2024-03-14,train,Credit card,"Other features, terms, or problems",Credit card,"Other features, terms, or problems",0.971605371746692,0.383052675078081,1
8551011,2024-03-14,train,Credit card,Problem with a purchase shown on your statement,Credit card,Problem with a purchase shown on your statement,0.935589364321137,0.5735977907933,1
8551025,2024-03-14,train,Credit card,"Other features, terms, or problems",Checking or savings account,Closing an account,0.49339364618320314,0.29088014470808804,0
8551172,2024-03-14,train,Checking or savings account,Closing an account,Checking or savings account,Closing an account,0.469331496847929,0.2873637618957479,0
8552013,2024-03-14,train,Checking or savings account,Problem caused by your funds being low,Checking or savings account,Other issue,0.724775103246219,0.7060513067852568,6
8544512,2024-03-15,train,Checking or savings account,Opening an account,Checking or savings account,Other issue,0.7090213793195553,0.2758662734958736,0
8547975,2024-03-15,train,Checking or savings account,Managing an account,Checking or savings account,Managing an account,0.8466135374287728,0.6642169517718434,2
8548401,2024-03-15,train,Checking or savings account,Closing an account,Checking or savings account,Closing an account,0.9055038543748684,0.3908615296676894,0
8548666,2024-03-15,train,Checking or savings account,Closing an account,Checking or savings account,Closing an account,0.948433453588339,0.5663191698468583,0
8552588,2024-03-15,train,Credit card,Incorrect information on your report,Credit card,Other issue,0.9709014021737247,0.7668099706465701,4
8552692,2024-03-15,train,"Money transfer, virtual currency, or money service",Other transaction problem,"Money transfer, virtual currency, or money service",Other issue,0.6900108576833118,0.7350918917728777,5
8552834,2024-03-15,train,Checking or savings account,Managing an account,Checking or savings account,Managing an account,0.9120059402879137,0.42430964626167234,0
8553091,2024-03-15,train,Credit card,Problem when making payments,Credit card,Other issue,0.8944438792332203,0.5739268739923548,4
8553330,2024-03-15,train,Checking or savings account,Problem caused by your funds being low,Checking or savings account,Other issue,0.8184237244342947,0.40912895402724386,6
8553612,2024-03-15,train,Checking or savings account,Opening an account,Checking or savings account,Opening an account,0.6043314726164223,0.21800226302259312,0
8556916,2024-03-15,train,Checking or savings account,Managing an account,Checking or savings account,Managing an account,0.7363930121982014,0.6283112063798166,0
8557035,2024-03-15,train,Credit card,Problem with a purchase shown on your statement,Credit card,Problem with a purchase shown on your statement,0.7457972406435966,0.6142685107403252,5
8557338,2024-03-15,train,Checking or savings account,Opening an account,Checking or savings account,Opening an account,0.7440314894377082,0.2682870642685563,6
8558085,2024-03-15,train,Credit card,Getting a credit card,Credit card,Getting a credit card,0.9307656685842409,0.46845012879567227,4
8558129,2024-03-15,train,Checking or savings account,Problem with a lender or other company charging your account,Checking or savings account,Problem with a lender or other company charging your account,0.67021601080493,0.2134998121770059,4
8558918,2024-03-15,train,Credit card,"Advertising and marketing, including promotional offers",Credit card,Other issue,0.7727842543686765,0.3353525661969907,5
8559223,2024-03-15,train,Checking or savings account,Managing an account,Checking or savings account,Managing an account,0.9032286725645438,0.7747378122787794,0
8555847,2024-03-16,train,Credit card,"Other features, terms, or problems",Credit card,"Other features, terms, or problems",0.9276567255068802,0.3190136365092906,3
8560524,2024-03-16,train,Credit card,Getting a credit card,Credit card,Getting a credit card,0.9264540464212259,0.6715685339935822,4
8560774,2024-03-16,train,Credit card,Problem with a purchase shown on your statement,Credit card,Problem with a purchase shown on your statement,0.8266553447384214,0.5954277044406159,5
8561182,2024-03-16,train,"Money transfer, virtual currency, or money service",Problem with customer service,"Money transfer, virtual currency, or money service",Other issue,0.6533048734093364,0.48002662717255096,5
8561193,2024-03-16,train,Checking or savings account,Closing an account,Checking or savings account,Closing an account,0.8166362603696182,0.5503184394186348,0
8561220,2024-03-16,train,"Money transfer, virtual currency, or money service",Fraud or scam,"Money transfer, virtual currency, or money service",Managing an account,0.5574782600566356,0.2715556820701316,6
8561502,2024-03-16,train,Checking or savings account,Opening an account,Checking or savings account,Opening an account,0.8406336616435611,0.2744628902125764,0
8561747,2024-03-16,train,Checking or savings account,Closing an account,Checking or savings account,Closing an account,0.8976822647753293,0.5206951888778032,0
8562932,2024-03-17,train,Checking or savings account,Managing an account,Checking or savings account,Managing an account,0.8561000390162674,0.665303471883437,0
8563158,2024-03-17,train,Credit card,"Advertising and marketing, including promotional offers",Credit card,Other issue,0.9421526365759044,0.3991598015004501,3
8564514,2024-03-17,train,"Money transfer, virtual currency, or money service",Unauthorized transactions or other transaction problem,"Money transfer, virtual currency, or money service",Other issue,0.6008862960759422,0.4163818663426,5
8566073,2024-03-17,train,Credit card,"Other features, terms, or problems",Credit card,"Other features, terms, or problems",0.9020818452238667,0.314681575721299,6
8566381,2024-03-17,train,"Money transfer, virtual currency, or money service",Unexpected or other fees,"Money transfer, virtual currency, or money service",Other issue,0.6918872826058894,0.6386334509121234,5
8566662,2024-03-17,train,Credit card,Problem with a purchase shown on your statement,Credit card,Problem with a purchase shown on your statement,0.867147236264377,0.7239701492572305,5
8567146,2024-03-18,train,Credit card,Closing your account,Credit card,Closing your account,0.7655307728037953,0.27430755065186263,1
8568602,2024-03-18,train,Credit card,"Advertising and marketing, including promotional offers",Credit card,Other issue,0.9426650679305905,0.5738814879513147,3
8568702,2024-03-18,train,Checking or savings account,Managing an account,Checking or savings account,Managing an account,0.8557250209015793,0.6171228543101278,0
8568777,2024-03-18,train,"Money transfer, virtual currency, or money service",Fraud or scam,"Money transfer, virtual currency, or money service",Fraud or scam,0.5455786307159785,0.32496780680320064,0
8568885,2024-03-18,train,Credit card,Problem with a purchase shown on your statement,Credit card,Problem with a purchase shown on your statement,0.7307515833254967,0.617570038352885,6
8569105,2024-03-18,train,"Money transfer, virtual currency, or money service",Trouble accessing funds in your mobile or digital wallet,"Money transfer, virtual currency, or money service",Other issue,0.6255194968795581,0.6887386333886532,5
8571586,2024-03-18,train,Checking or savings account,Managing an account,Checking or savings account,Managing an account,0.8370288355562563,0.6361911285465521,2
8571771,2024-03-18,train,Checking or savings account,Managing an account,Checking or savings account,Managing an account,0.8199965002175676,0.6272067729541454,5
8571794,2024-03-18,train,"Money transfer, virtual currency, or money service",Fraud or scam,"Money transfer, virtual currency, or money service",Fraud or scam,0.5906224841105225,0.3127156248844856,2
8572087,2024-03-18,train,Checking or savings account,Managing an account,Checking or savings account,Managing an account,0.7888784481650347,0.5615943822973549,2
8572299,2024-03-18,train,"Money transfer, virtual currency, or money service",Unauthorized transactions or other transaction problem,"Money transfer, virtual currency, or money service",Other issue,0.7366677028761561,0.5801305802089995,6
8573797,2024-03-18,train,"Money transfer, virtual currency, or money service",Unauthorized transactions or other transaction problem,Checking or savings account,Other issue,0.34325246648160845,0.3896239561521712,1
8574081,2024-03-18,train,Checking or savings account,Managing an account,Checking or savings account,Managing an account,0.852915175317723,0.6579233738463783,5
8574472,2024-03-18,train,Checking or savings account,Managing an account,Checking or savings account,Managing an account,0.7555819819181434,0.6648531496702127,0
8574637,2024-03-18,train,Checking or savings account,Opening an account,Checking or savings account,Opening an account,0.9073902824605904,0.4032365089946813,0
8574846,2024-03-18,train,Credit card,Fees or interest,Credit card,Fees or interest,0.9201058448821057,0.6098931317409256,3
8574862,2024-03-18,train,"Money transfer, virtual currency, or money service",Unauthorized transactions or other transaction problem,"Money transfer, virtual currency, or money service",Other issue,0.6979359702363257,0.5907154992514242,5
8575322,2024-03-18,train,Checking or savings account,Closing an account,Checking or savings account,Closing an account,0.709543182625431,0.396299979474469,0
8567490,2024-03-19,train,Credit card,Getting a credit card,Credit card,Getting a credit card,0.9147388928274487,0.575877501334329,4
8570475,2024-03-19,train,Checking or savings account,Managing an account,Checking or savings account,Managing an account,0.9011764189175906,0.688137486598793,2
8570885,2024-03-19,train,Credit card,Problem with a purchase shown on your statement,Credit card,Problem with a purchase shown on your statement,0.6617496403274419,0.4458520800027615,5
8570956,2024-03-19,train,Credit card,Problem with a purchase shown on your statement,Credit card,Problem with a purchase shown on your statement,0.6883331708218855,0.6031811497431628,5
8571110,2024-03-19,train,Credit card,Problem with a purchase shown on your statement,Credit card,Problem with a purchase shown on your statement,0.8711484955429705,0.7151541782205215,5
8576712,2024-03-19,train,Credit card,Problem with a purchase shown on your statement,Credit card,Problem with a purchase shown on your statement,0.9397840599180762,0.6451167822074905,1
8576760,2024-03-19,train,Checking or savings account,Problem with a lender or other company charging your account,Checking or savings account,Problem with a lender or other company charging your account,0.800266270549389,0.3504901765120564,1
8576802,2024-03-19,train,Credit card,Incorrect information on your report,Credit card,Other issue,0.8399795937685615,0.8615874311942198,3
8576882,2024-03-19,train,Checking or savings account,Managing an account,Checking or savings account,Managing an account,0.780093799336647,0.5810032930603835,0
8576936,2024-03-19,train,"Money transfer, virtual currency, or money service",Other transaction problem,"Money transfer, virtual currency, or money service",Other issue,0.7007277584540978,0.5838109599371217,5
8576976,2024-03-19,train,Checking or savings account,Closing an account,Checking or savings account,Closing an account,0.8752965082889251,0.45765315061529155,0
8577424,2024-03-19,train,Credit card,"Other features, terms, or problems",Credit card,"Other features, terms, or problems",0.9329647024970665,0.35339298297678945,1
8577486,2024-03-19,train,"Money transfer, virtual currency, or money service",Fraud or scam,"Money transfer, virtual currency, or money service",Fraud or scam,0.7879197034459979,0.7191021364566177,4
8577579,2024-03-19,train,Credit card,"Other features, terms, or problems",Credit card,"Other features, terms, or problems",0.7483906151572133,0.23248782634933335,1
8577600,2024-03-19,train,Credit card,Problem with a purchase shown on your statement,Credit card,Problem with a purchase shown on your statement,0.8171118327743156,0.4761946775316859,5
8577625,2024-03-19,train,Checking or savings account,Closing an account,Checking or savings account,Closing an account,0.8921147209052477,0.49996262398951835,0
8578192,2024-03-19,train,Checking or savings account,Problem caused by your funds being low,Checking or savings account,Other issue,0.7853589947583131,0.436897407804602,5
8578339,2024-03-19,train,Credit card,Improper use of your report,Credit card,Other issue,0.9353437558037524,0.7418506656427514,4
8578623,2024-03-19,train,Credit card,Problem when making payments,Credit card,Other issue,0.8443478273837418,0.6311432614623464,4
8578635,2024-03-19,train,"Money transfer, virtual currency, or money service",Confusing or missing disclosures,"Money transfer, virtual currency, or money service",Other issue,0.5424141295760625,0.4889579089274962,5
8579078,2024-03-19,train,"Money transfer, virtual currency, or money service",Other transaction problem,Checking or savings account,Other issue,0.4865285211639467,0.35428329067473563,6
8579087,2024-03-19,train,Credit card,Getting a credit card,Credit card,Getting a credit card,0.9515974975761023,0.6287430969063034,4
8579412,2024-03-19,train,Credit card,"Other features, terms, or problems",Credit card,Other issue,0.40266520033099235,0.2195375215354327,0
8580175,2024-03-19,train,Credit card,"Other features, terms, or problems",Credit card,"Other features, terms, or problems",0.8725006038294083,0.7489756089563213,7
8580191,2024-03-19,train,Credit card,"Other features, terms, or problems",Credit card,"Other features, terms, or problems",0.8915220440118062,0.7461341126904346,5
8580332,2024-03-19,train,Credit card,Incorrect information on your report,Credit card,Other issue,0.8715526815676157,0.6288356488201816,4
8580378,2024-03-19,train,Credit card,Problem with a company's investigation into an existing problem,Credit card,Other issue,0.927248920459512,0.7814389773258208,4
8580513,2024-03-19,train,Credit card,Getting a credit card,Credit card,Getting a credit card,0.8626600604152025,0.6027911692626842,4
8582556,2024-03-19,train,Credit card,Closing your account,Credit card,Closing your account,0.8891416673734217,0.26268949477217884,4
8586934,2024-03-19,train,Credit card,Improper use of your report,Credit card,Other issue,0.8368834735211164,0.5505756367584005,4
8581163,2024-03-20,train,Credit card,"Other features, terms, or problems",Credit card,"Other features, terms, or problems",0.905910198404901,0.4127416666918795,4
8585342,2024-03-20,train,Checking or savings account,Managing an account,Checking or savings account,Managing an account,0.8542220811247099,0.6766825967534725,0
8586212,2024-03-20,train,Credit card,"Other features, terms, or problems",Credit card,"Other features, terms, or problems",0.7426873056334872,0.3249444713444742,5
8586853,2024-03-20,train,Checking or savings account,Managing an account,Checking or savings account,Managing an account,0.8592456335018946,0.6782902603477292,0
8586887,2024-03-20,train,"Money transfer, virtual currency, or money service",Unauthorized transactions or other transaction problem,"Money transfer, virtual currency, or money service",Other issue,0.34122962450185623,0.37511776170198535,2
8588582,2024-03-20,train,Checking or savings account,Managing an account,Checking or savings account,Managing an account,0.8736626426232882,0.6794340941571191,0
8589036,2024-03-20,train,"Money transfer, virtual currency, or money service",Unauthorized transactions or other transaction problem,"Money transfer, virtual currency, or money service",Other issue,0.4887821555501331,0.5724246882493345,0
8589134,2024-03-20,train,Credit card,Problem when making payments,Credit card,Other issue,0.5757855410032265,0.4481026136185084,0
8589345,2024-03-20,train,"Money transfer, virtual currency, or money service",Other transaction problem,"Money transfer, virtual currency, or money service",Other issue,0.4453392663030438,0.6435465481628347,2
8589751,2024-03-20,train,Checking or savings account,Closing an account,Checking or savings account,Managing an account,0.7605282074454709,0.2494165581301438,5
8589853,2024-03-20,train,Checking or savings account,Closing an account,Checking or savings account,Closing an account,0.7970778369833915,0.35886968756746684,7
8590228,2024-03-20,train,Checking or savings account,Managing an account,Checking or savings account,Managing an account,0.7670840185308174,0.62632623908021,0
8590898,2024-03-20,train,Checking or savings account,Managing an account,Checking or savings account,Managing an account,0.8740522563140987,0.6764650314075528,6
8590932,2024-03-20,train,Credit card,"Other features, terms, or problems",Credit card,Managing an account,0.6581652181264256,0.3048186107040208,1
8591400,2024-03-20,train,Credit card,Closing your account,Credit card,Closing your account,0.921494658365376,0.29063838093319855,1
8591566,2024-03-20,train,Checking or savings account,Managing an account,Checking or savings account,Managing an account,0.916943148562556,0.5211032139686861,2
8591794,2024-03-20,train,Checking or savings account,Problem with a company's investigation into an existing problem,Checking or savings account,Other issue,0.5580058325973489,0.4210441112207499,5
8592294,2024-03-20,train,Credit card,"Other features, terms, or problems",Credit card,"Other features, terms, or problems",0.8348501177394028,0.32931378365047353,3
8592853,2024-03-20,train,Credit card,Trouble using your card,Credit card,Other issue,0.8918423777621727,0.6234835056667344,3
8584644,2024-03-21,train,Checking or savings account,Closing an account,Checking or savings account,Closing an account,0.8892096352196617,0.3470887104459832,0
8592967,2024-03-21,train,Checking or savings account,Opening an account,Checking or savings account,Opening an account,0.8550571841403576,0.2533775217849723,7
8594012,2024-03-21,train,Credit card,Trouble using your card,Credit card,Other issue,0.8278212435655347,0.5080738396846904,1
8594174,2024-03-21,train,Credit card,Fees or interest,Credit card,Fees or interest,0.8684536472942361,0.5859104623836598,3
8594694,2024-03-21,train,Credit card,"Advertising and marketing, including promotional offers",Credit card,Other issue,0.9732695669452134,0.5018383427073981,1
8594880,2024-03-21,train,"Money transfer, virtual currency, or money service",Fraud or scam,"Money transfer, virtual currency, or money service",Fraud or scam,0.5539772595364031,0.3393320176792709,0
8595067,2024-03-21,train,Credit card,Problem with a company's investigation into an existing problem,Credit card,Other issue,0.98099874158593,0.6957011743823712,1
8595269,2024-03-21,train,Credit card,"Advertising and marketing, including promotional offers",Credit card,Other issue,0.9400028392032342,0.8720375104270391,3
8595422,2024-03-21,train,Credit card,Closing your account,Credit card,Closing your account,0.8645927268445127,0.25912786993503445,4
8596113,2024-03-21,train,Checking or savings account,Problem with a lender or other company charging your account,Checking or savings account,Managing an account,0.9387156593204526,0.3372242998146737,6
8598991,2024-03-21,train,Checking or savings account,Managing an account,Checking or savings account,Managing an account,0.7314761567987051,0.6669302403032445,0
8599194,2024-03-21,train,Checking or savings account,Managing an account,Checking or savings account,Managing an account,0.7756286388771385,0.5759498265829003,0
8599537,2024-03-21,train,Credit card,Problem when making payments,Credit card,Other issue,0.8629114210406182,0.4443428884356212,1
8599899,2024-03-21,train,Checking or savings account,Closing an account,Checking or savings account,Closing an account,0.8691335724312773,0.5446586337839893,2
8600449,2024-03-21,train,Checking or savings account,Managing an account,Checking or savings account,Managing an account,0.8016480708403023,0.5518311925645533,0
8601133,2024-03-21,train,Credit card,Fees or interest,Credit card,Fees or interest,0.9209099060065576,0.670561082973208,3
8601289,2024-03-21,train,Checking or savings account,Managing an account,Checking or savings account,Managing an account,0.7645510994209805,0.43573738793299205,3
8602026,2024-03-21,train,Checking or savings account,Managing an account,Checking or savings account,Managing an account,0.8326695720709343,0.6148899210368294,0
8593674,2024-03-22,train,Credit card,Problem with a purchase shown on your statement,Credit card,Problem with a purchase shown on your statement,0.9210776267409005,0.5715195026446072,4
8597623,2024-03-22,train,Credit card,Struggling to pay your bill,Credit card,Other issue,0.7429550757959184,0.5499700024183918,3
8597830,2024-03-22,train,Checking or savings account,Managing an account,Checking or savings account,Managing an account,0.7951863443764999,0.5139736656585732,0
8603007,2024-03-22,train,Checking or savings account,Problem with a lender or other company charging your account,Checking or savings account,Managing an account,0.8041002523408844,0.44606077959904344,0
8603697,2024-03-22,train,Checking or savings account,Managing an account,Checking or savings account,Managing an account,0.7159019324325495,0.5527043630730628,3
8603791,2024-03-22,train,Checking or savings account,Managing an account,Checking or savings account,Managing an account,0.8466639816359964,0.56377097640976,0
8604082,2024-03-22,train,Checking or savings account,Problem with a lender or other company charging your account,Checking or savings account,Problem with a lender or other company charging your account,0.8147768965817793,0.35544235358249227,4
8604407,2024-03-22,train,Credit card,Problem with a purchase shown on your statement,Credit card,Problem with a purchase shown on your statement,0.8089613043251744,0.6113043175311693,5
8605640,2024-03-22,train,"Money transfer, virtual currency, or money service",Fraud or scam,"Money transfer, virtual currency, or money service",Fraud or scam,0.6463442109131194,0.31777442480419243,5
8606881,2024-03-22,train,Checking or savings account,Problem with a lender or other company charging your account,Checking or savings account,Problem with a lender or other company charging your account,0.830790810721689,0.3311769468634927,6
8607833,2024-03-22,train,Credit card,"Other features, terms, or problems",Credit card,"Other features, terms, or problems",0.8057360313659934,0.504463333099576,2
8608369,2024-03-22,train,Checking or savings account,Opening an account,Checking or savings account,Opening an account,0.9416814613820272,0.48348733002005423,2
8609097,2024-03-22,train,Credit card,"Other features, terms, or problems",Credit card,"Other features, terms, or problems",0.8645171773659303,0.34380603731328035,1
8605789,2024-03-23,train,"Money transfer, virtual currency, or money service",Fraud or scam,Credit card,Fraud or scam,0.415010710978975,0.23665951244401376,3
8606240,2024-03-23,train,Checking or savings account,Managing an account,Checking or savings account,Managing an account,0.8501092636667388,0.46100712330931176,6
8610091,2024-03-23,train,Checking or savings account,Problem with a lender or other company charging your account,Checking or savings account,Problem with a lender or other company charging your account,0.777100171011317,0.33141227775575594,6
8610155,2024-03-23,train,Checking or savings account,Managing an account,Checking or savings account,Managing an account,0.6064685020799945,0.47142996126250586,6
8610493,2024-03-23,train,Credit card,Improper use of your report,Credit card,Other issue,0.9423337156105248,0.6922302990957863,4
8612349,2024-03-23,train,Checking or savings account,Managing an account,Checking or savings account,Managing an account,0.8938175532297137,0.5801517732330008,0
8612447,2024-03-23,train,Checking or savings account,Managing an account,Checking or savings account,Managing an account,0.8910510887426045,0.5887164889441739,7
8612586,2024-03-23,train,Credit card,Problem with a purchase shown on your statement,Credit card,Problem with a purchase shown on your statement,0.8366546918982646,0.6976481167125219,5
8612618,2024-03-23,train,Checking or savings account,Credit monitoring or identity theft protection services,Checking or savings account,Other issue,0.6944284209105134,0.46014590191818455,6
8612888,2024-03-23,train,Checking or savings account,Managing an account,Checking or savings account,Managing an account,0.8755908488993877,0.6482851197376177,0
8613845,2024-03-23,train,Checking or savings account,Managing an account,Checking or savings account,Managing an account,0.8319491622022989,0.6663122143327015,2
8618813,2024-03-23,train,Credit card,Getting a credit card,Credit card,Getting a credit card,0.8476979227241952,0.35583911862611906,1
8625663,2024-03-23,train,Credit card,Fees or interest,Credit card,Fees or interest,0.9912438904093599,0.7642542655845646,3
8626248,2024-03-23,train,Credit card,Problem with a purchase shown on your statement,Credit card,Problem with a purchase shown on your statement,0.7755078320310258,0.6083097725972529,2
8614144,2024-03-24,train,Checking or savings account,Problem with a lender or other company charging your account,Checking or savings account,Problem with a lender or other company charging your account,0.6428883330525091,0.35688286821281384,2
8614733,2024-03-24,train,Checking or savings account,Managing an account,Checking or savings account,Managing an account,0.8023816675988262,0.545015280893378,6
8617772,2024-03-24,train,Checking or savings account,Closing an account,Checking or savings account,Closing an account,0.8889205880935406,0.3914925608064043,0
8618821,2024-03-24,train,Credit card,Problem when making payments,Credit card,Other issue,0.6756081097407007,0.5155798787440538,5
8621110,2024-03-24,train,Credit card,"Other features, terms, or problems",Credit card,"Other features, terms, or problems",0.676479698943507,0.32409291957917985,6
8625146,2024-03-24,train,Checking or savings account,Managing an account,Checking or savings account,Managing an account,0.6236189384739158,0.41455700768370746,2
8625977,2024-03-24,train,Credit card,"Other features, terms, or problems",Credit card,Getting a credit card,0.8809157793111229,0.2499531821476507,4
8613191,2024-03-25,train,Credit card,Fees or interest,Credit card,Fees or interest,0.9590095381816661,0.6607242967485902,3
8616229,2024-03-25,train,Credit card,Incorrect information on your report,Credit card,Other issue,0.9023452876600386,0.8902660430835578,3
8616380,2024-03-25,train,Credit card,Incorrect information on your report,Credit card,Other issue,0.816652792513972,0.6583232303863272,4
8616891,2024-03-25,train,"Money transfer, virtual currency, or money service",Lost or stolen money order,"Money transfer, virtual currency, or money service",Other issue,0.6451459441750372,0.5863216788366821,3
8621261,2024-03-25,train,Checking or savings account,Closing an account,Checking or savings account,Closing an account,0.9504444782998774,0.5086853711657677,0
8623223,2024-03-25,train,Checking or savings account,Closing an account,Checking or savings account,Closing an account,0.8656696346651154,0.4341068413547125,2
8623859,2024-03-25,train,Checking or savings account,Opening an account,Checking or savings account,Opening an account,0.8887956783044852,0.3103490342003686,0
8624716,2024-03-25,train,Credit card,Problem with a company's investigation into an existing problem,Credit card,Other issue,0.9490229221507184,0.9013762480668579,3
8625962,2024-03-25,train,Checking or savings account,Managing an account,Checking or savings account,Managing an account,0.5774278282823923,0.45298961201961613,3
8618176,2024-03-26,train,Checking or savings account,Closing an account,Checking or savings account,Closing an account,0.7629935376635929,0.49422983974941626,0
8618327,2024-03-26,train,Checking or savings account,Closing an account,Checking or savings account,Closing an account,0.886087890738584,0.4498555350788989,0
8619501,2024-03-26,train,Credit card,Struggling to pay your bill,Credit card,Other issue,0.8571206123124829,0.7392726437053253,3
8619513,2024-03-26,train,Credit card,Struggling to pay your bill,Credit card,Other issue,0.8767707482767404,0.5985110672552474,3
8619551,2024-03-26,train,Credit card,Struggling to pay your bill,Credit card,Other issue,0.8895859844324596,0.5147615624813776,4
8619899,2024-03-26,train,Checking or savings account,Managing an account,Checking or savings account,Managing an account,0.6540517402925042,0.4726232353394829,1
8621473,2024-03-26,train,"Money transfer, virtual currency, or money service",Fraud or scam,"Money transfer, virtual currency, or money service",Fraud or scam,0.7504134757899504,0.4635923132760968,5
8628087,2024-03-26,train,"Money transfer, virtual currency, or money service",Fraud or scam,"Money transfer, virtual currency, or money service",Fraud or scam,0.6487020317785732,0.3254018589649696,5
8629395,2024-03-26,train,Credit card,"Advertising and marketing, including promotional offers",Credit card,Other issue,0.9130949952387782,0.6204378166777035,1
8629525,2024-03-26,train,Credit card,Problem with a purchase shown on your statement,Credit card,Problem with a purchase shown on your statement,0.871786269411045,0.6100222197442461,5
8630513,2024-03-26,train,Credit card,Incorrect information on your report,Credit card,Other issue,0.8968641056221734,0.8911588539248323,3
8631102,2024-03-26,train,Checking or savings account,Managing an account,Checking or savings account,Managing an account,0.9222767990134391,0.7731063243925239,0
8631477,2024-03-26,train,Credit card,"Advertising and marketing, including promotional offers",Credit card,Other issue,0.8062491385821452,0.6712925455324525,5
8632169,2024-03-26,train,Checking or savings account,Managing an account,Checking or savings account,Managing an account,0.7396127222295771,0.6084828731990142,2
8632363,2024-03-26,train,Credit card,Problem when making payments,Credit card,Other issue,0.8486325034544401,0.3615780629569886,1
8632931,2024-03-26,train,Credit card,"Other features, terms, or problems",Credit card,"Other features, terms, or problems",0.9751278288281219,0.32570657526618596,1
8632993,2024-03-26,train,Credit card,Fees or interest,Credit card,Fees or interest,0.9321711523143287,0.61601561720646,3
8633327,2024-03-26,train,"Money transfer, virtual currency, or money service",Trouble accessing funds in your mobile or digital wallet,"Money transfer, virtual currency, or money service",Other issue,0.5320807104877882,0.6112360872014375,5
8633626,2024-03-26,train,Credit card,"Advertising and marketing, including promotional offers",Credit card,Other issue,0.7146706067824928,0.4635110884545476,1
8633908,2024-03-26,train,Credit card,"Other features, terms, or problems",Credit card,"Other features, terms, or problems",0.8463004696558366,0.27094428210036026,1
8634591,2024-03-26,train,Credit card,Closing your account,Credit card,Closing your account,0.6955663995407397,0.21280203712165222,1
8634760,2024-03-26,train,Credit card,Problem with a purchase shown on your statement,Credit card,Problem with a purchase shown on your statement,0.9423892589406586,0.7238526163249225,6
8634764,2024-03-26,train,Credit card,"Other features, terms, or problems",Credit card,"Other features, terms, or problems",0.9308427982487246,0.38905457970984325,6
8635900,2024-03-26,train,Credit card,"Advertising and marketing, including promotional offers",Credit card,Other issue,0.9471349342401757,0.6433377114091178,1
8629226,2024-03-27,train,Checking or savings account,Closing an account,Checking or savings account,Closing an account,0.898755832391794,0.5575944690589956,0
8629781,2024-03-27,train,Checking or savings account,Problem with a lender or other company charging your account,Checking or savings account,Problem with a lender or other company charging your account,0.7661670140672453,0.3446507641446624,5
8630988,2024-03-27,train,Credit card,Problem with a purchase shown on your statement,Credit card,Problem with a purchase shown on your statement,0.7954940503397779,0.6454492846663777,2
8632023,2024-03-27,train,Checking or savings account,Managing an account,Checking or savings account,Managing an account,0.6872158286773132,0.46589808234124763,0
8634714,2024-03-27,train,Checking or savings account,Problem with a lender or other company charging your account,Checking or savings account,Problem with a lender or other company charging your account,0.6121123194177216,0.310524814978206,5
8635078,2024-03-27,train,"Money transfer, virtual currency, or money service",Problem with customer service,"Money transfer, virtual currency, or money service",Other issue,0.6148111079471403,0.5830256938563565,0
8640361,2024-03-27,train,Checking or savings account,Closing an account,Checking or savings account,Closing an account,0.8295475722548022,0.470771402089204,0
8640369,2024-03-27,train,Checking or savings account,Managing an account,Checking or savings account,Managing an account,0.9142503296677056,0.7101286982494669,7
8640402,2024-03-27,train,"Money transfer, virtual currency, or money service",Unauthorized transactions or other transaction problem,"Money transfer, virtual currency, or money service",Other issue,0.7787953719940371,0.5991157218602992,5
8641115,2024-03-27,train,Checking or savings account,Closing an account,Checking or savings account,Closing an account,0.9187507715867737,0.4133838247031079,0
8643407,2024-03-27,train,Checking or savings account,Managing an account,Checking or savings account,Managing an account,0.807711176833997,0.5584621859686991,5
8643465,2024-03-27,train,Credit card,Fees or interest,Credit card,Fees or interest,0.8616778814888603,0.6770338518998245,3
8643759,2024-03-27,train,Credit card,Getting a credit card,Credit card,Getting a credit card,0.956697514971849,0.6415765488337933,1
8643927,2024-03-27,train,Checking or savings account,Managing an account,Checking or savings account,Managing an account,0.7871778131202829,0.6514393966554701,0
8644144,2024-03-27,train,Credit card,Closing your account,Credit card,Closing your account,0.7181850614568596,0.21470573616726085,0
8644695,2024-03-28,train,Checking or savings account,Closing an account,Checking or savings account,Closing an account,0.916768309059447,0.5261612120432934,0
8644827,2024-03-28,train,Checking or savings account,Managing an account,Checking or savings account,Managing an account,0.7690592978534592,0.5889122231216144,2
8647347,2024-03-28,train,Credit card,Problem with a company's investigation into an existing problem,Credit card,Other issue,0.9171896344871132,0.905341590506745,3
8648020,2024-03-28,train,Credit card,Problem with a company's investigation into an existing problem,Credit card,Other issue,0.9201322403306088,0.8828822280804922,3
8648070,2024-03-28,train,Checking or savings account,Problem with a lender or other company charging your account,Checking or savings account,Problem with a lender or other company charging your account,0.6673760283762047,0.30779967033276695,5
8648295,2024-03-28,train,Checking or savings account,Managing an account,Checking or savings account,Managing an account,0.9204178986508177,0.7723872875916589,0
8648877,2024-03-28,train,Checking or savings account,Problem with a lender or other company charging your account,Credit card,Problem with a purchase shown on your statement,0.45805366915451556,0.33367660810152194,5
8648910,2024-03-28,train,Checking or savings account,Managing an account,Checking or savings account,Managing an account,0.9110518243254,0.7061979971710327,0
8649010,2024-03-28,train,Credit card,Getting a credit card,Credit card,Getting a credit card,0.8490376332149663,0.48112618047670486,4
8649247,2024-03-28,train,Checking or savings account,Managing an account,Checking or savings account,Managing an account,0.817659570784707,0.5334170159003936,6
8649658,2024-03-28,train,Credit card,"Advertising and marketing, including promotional offers",Credit card,Other issue,0.8721791451497972,0.6006823938598538,4
8649766,2024-03-28,train,"Money transfer, virtual currency, or money service",Other transaction problem,"Money transfer, virtual currency, or money service",Other issue,0.7108217504582068,0.5361214703827631,6
8649948,2024-03-28,train,"Money transfer, virtual currency, or money service",Trouble accessing funds in your mobile or digital wallet,"Money transfer, virtual currency, or money service",Other issue,0.4527695707189864,0.4894777478355617,0
8651826,2024-03-28,train,Credit card,Problem with a purchase shown on your statement,Credit card,Problem with a purchase shown on your statement,0.8207058588756857,0.5221677416961463,1
8651833,2024-03-28,train,Credit card,Fees or interest,Credit card,Other issue,0.6080321602170586,0.24437811537891876,3
8645619,2024-03-29,train,Credit card,Trouble using your card,Credit card,Other issue,0.938017807038928,0.5276091528281472,1
8646489,2024-03-29,train,Credit card,"Other features, terms, or problems",Credit card,"Other features, terms, or problems",0.8734131001694989,0.41014710234955437,4
8646692,2024-03-29,train,Credit card,Incorrect information on your report,Credit card,Other issue,0.8503182870452247,0.8806964852656023,3
8647324,2024-03-29,train,Checking or savings account,Opening an account,Checking or savings account,Opening an account,0.9215061724815918,0.5411653950094774,0
8652357,2024-03-29,train,Credit card,Problem when making payments,Credit card,Other issue,0.8653366270813887,0.49837316306311114,3
8652413,2024-03-29,train,Checking or savings account,Managing an account,Checking or savings account,Managing an account,0.7562863988930136,0.631136582055638,5
8655915,2024-03-29,train,Checking or savings account,Closing an account,Checking or savings account,Closing an account,0.8818537106994732,0.4417397720406458,6
8656491,2024-03-29,train,Checking or savings account,Opening an account,Checking or savings account,Opening an account,0.8786924689598626,0.49450698635756357,7
8657086,2024-03-29,train,Credit card,"Other features, terms, or problems",Credit card,"Other features, terms, or problems",0.5629229400200026,0.24149132761987996,0
8657101,2024-03-29,train,Checking or savings account,Closing an account,Checking or savings account,Closing an account,0.9147263800555967,0.6073307828996565,0
8657180,2024-03-29,train,Checking or savings account,Managing an account,Checking or savings account,Managing an account,0.8571374235807615,0.6106564740097337,0
8657260,2024-03-29,train,Credit card,Getting a credit card,Credit card,Getting a credit card,0.7555058282405215,0.5426785230975076,4
8657388,2024-03-29,train,Checking or savings account,Managing an account,Checking or savings account,Managing an account,0.7952459982456629,0.6031353813207938,0
8657965,2024-03-29,train,Credit card,Getting a credit card,Credit card,Getting a credit card,0.9376245665536523,0.578120118265766,1
8658177,2024-03-29,train,Credit card,Getting a credit card,Credit card,Getting a credit card,0.7889327373713804,0.3794811468087842,4
8658672,2024-03-29,train,Checking or savings account,Managing an account,Checking or savings account,Managing an account,0.9427052512126575,0.5893647623617473,0
8658837,2024-03-29,train,Checking or savings account,Managing an account,Checking or savings account,Managing an account,0.8940550326375158,0.7006614846222179,5
8655008,2024-03-30,train,Checking or savings account,Managing an account,Checking or savings account,Managing an account,0.7765991684682246,0.661293618451148,0
8655242,2024-03-30,train,Credit card,Problem with a purchase shown on your statement,Credit card,Problem with a purchase shown on your statement,0.9209472007872874,0.6131345804194525,1
8659460,2024-03-30,train,Credit card,Problem with a purchase shown on your statement,Credit card,Problem with a purchase shown on your statement,0.8706483302140605,0.7325115766787518,5
8659753,2024-03-30,train,Checking or savings account,Closing an account,Checking or savings account,Closing an account,0.8981027260051279,0.4516727882375628,2
8660931,2024-03-30,train,Credit card,"Other features, terms, or problems",Credit card,"Other features, terms, or problems",0.6345640768355277,0.23632581130825564,5
8661885,2024-03-30,train,Checking or savings account,Managing an account,Checking or savings account,Managing an account,0.6100249317379279,0.37287482789971294,2
8661951,2024-03-30,train,Credit card,"Advertising and marketing, including promotional offers",Credit card,Other issue,0.9581296906663388,0.5761850849254877,1
8662258,2024-03-30,train,"Money transfer, virtual currency, or money service",Confusing or missing disclosures,Checking or savings account,Other issue,0.5619537335948147,0.4520688285093911,7
8662400,2024-03-30,train,Credit card,Problem with a purchase shown on your statement,Credit card,Problem with a purchase shown on your statement,0.9236252412612448,0.705475701374871,5
8660713,2024-03-31,train,Credit card,"Advertising and marketing, including promotional offers",Credit card,Other issue,0.9094792997476887,0.4952023315528465,1
8662543,2024-03-31,train,Credit card,Getting a credit card,Credit card,Getting a credit card,0.9246121773732008,0.64393719383814,4
8662581,2024-03-31,train,Checking or savings account,Closing an account,Checking or savings account,Closing an account,0.7204851144400383,0.3119587219818882,2
8662693,2024-03-31,train,Checking or savings account,Closing an account,Checking or savings account,Closing an account,0.944297959170912,0.5749179101702616,2
8662732,2024-03-31,train,Credit card,"Advertising and marketing, including promotional offers",Credit card,Other issue,0.6826033680779687,0.5939604231781083,1
8664629,2024-03-31,train,Credit card,Getting a credit card,Credit card,Getting a credit card,0.9816841533790818,0.6614544473312391,4
8664637,2024-03-31,train,Credit card,Fees or interest,Credit card,Fees or interest,0.9606776372680145,0.44791896238592893,1
8664985,2024-03-31,train,Credit card,Problem with a purchase shown on your statement,Credit card,Problem with a purchase shown on your statement,0.793083832008009,0.7167531375055748,5
8665399,2024-03-31,train,Checking or savings account,Managing an account,Checking or savings account,Managing an account,0.7715478214950153,0.6198307647454799,5
8665578,2024-04-01,train,Checking or savings account,Managing an account,Checking or savings account,Managing an account,0.8832899608120601,0.7523474826764169,0
8666325,2024-04-01,train,"Money transfer, virtual currency, or money service",Other transaction problem,"Money transfer, virtual currency, or money service",Other issue,0.7869113468586667,0.687651901131537,0
8666392,2024-04-01,train,Checking or savings account,Managing an account,Checking or savings account,Managing an account,0.8953091002567838,0.7010760522315145,0
8667028,2024-04-01,train,Credit card,"Advertising and marketing, including promotional offers",Credit card,Other issue,0.9150822368650267,0.5915265087100712,3
8667559,2024-04-01,train,Checking or savings account,Managing an account,Checking or savings account,Managing an account,0.6713754926593852,0.48939246306692724,5
8668109,2024-04-01,train,Credit card,"Other features, terms, or problems",Credit card,"Other features, terms, or problems",0.7938423863639039,0.36889072211235857,5
8670517,2024-04-01,train,Checking or savings account,Problem with a lender or other company charging your account,Checking or savings account,Problem with a lender or other company charging your account,0.7630846180765675,0.4224597855161898,5
8671434,2024-04-01,train,Checking or savings account,Problem with a lender or other company charging your account,Checking or savings account,Problem with a lender or other company charging your account,0.792934086675443,0.3401442172876561,2
8671863,2024-04-01,train,"Money transfer, virtual currency, or money service",Fraud or scam,Checking or savings account,Managing an account,0.4673662811469647,0.2501000760939279,2
8671891,2024-04-01,train,Checking or savings account,Managing an account,Checking or savings account,Managing an account,0.6631152754629759,0.5014118489124655,5
8672090,2024-04-01,train,"Money transfer, virtual currency, or money service",Fraud or scam,"Money transfer, virtual currency, or money service",Fraud or scam,0.493024121209244,0.29627983029992294,1
8672438,2024-04-01,train,Credit card,"Advertising and marketing, including promotional offers",Credit card,Other issue,0.8873760499950469,0.6114739716480568,1
8672515,2024-04-01,train,Credit card,Getting a credit card,Credit card,Getting a credit card,0.9539353270281781,0.4745024639499019,1
8674067,2024-04-01,train,Checking or savings account,Managing an account,Checking or savings account,Managing an account,0.8836417450092168,0.6345779711821496,6
8667395,2024-04-02,train,"Money transfer, virtual currency, or money service",Money was not available when promised,"Money transfer, virtual currency, or money service",Other issue,0.4977173183223374,0.579385726450392,4
8674364,2024-04-02,train,Credit card,Problem with a purchase shown on your statement,Credit card,Problem with a purchase shown on your statement,0.9164073759164053,0.49048731907967014,7
8674887,2024-04-02,train,Checking or savings account,Managing an account,Checking or savings account,Managing an account,0.7128055296532406,0.6664815401777557,1
8675143,2024-04-02,train,Checking or savings account,Managing an account,Checking or savings account,Managing an account,0.6806393441722767,0.4787818320426253,1
8675391,2024-04-02,train,Credit card,"Advertising and marketing, including promotional offers",Credit card,Other issue,0.9481444511479618,0.8803224026024186,3
8679087,2024-04-02,train,Credit card,Getting a credit card,Credit card,Getting a credit card,0.9057377103251593,0.46533418805615095,4
8679275,2024-04-02,train,Credit card,"Other features, terms, or problems",Credit card,"Other features, terms, or problems",0.8253467001820219,0.355712411808959,5
8679482,2024-04-02,train,Credit card,Closing your account,Credit card,Closing your account,0.8893292415707471,0.4057344013615069,7
8679506,2024-04-02,train,Checking or savings account,Problem with a lender or other company charging your account,Checking or savings account,Problem with a lender or other company charging your account,0.8063423018881596,0.3244768155230772,2
8679761,2024-04-02,train,Checking or savings account,Managing an account,Checking or savings account,Managing an account,0.8769137984464295,0.7199604032167035,0
8680488,2024-04-02,train,Credit card,Credit monitoring or identity theft protection services,Credit card,Getting a credit card,0.9483732276640449,0.4321716843527302,1
8680579,2024-04-02,train,Checking or savings account,Managing an account,Checking or savings account,Managing an account,0.9267933434981468,0.6028402222235422,0
8680965,2024-04-02,train,Credit card,Problem with a purchase shown on your statement,Credit card,Problem with a purchase shown on your statement,0.7712369841515271,0.5882261418915774,2
8681084,2024-04-02,train,"Money transfer, virtual currency, or money service",Fraud or scam,"Money transfer, virtual currency, or money service",Fraud or scam,0.4043477005763044,0.24133924766395204,3
8681460,2024-04-02,train,Credit card,Problem with a purchase shown on your statement,Credit card,Problem with a purchase shown on your statement,0.8648128868263876,0.8140436476363689,5
8681584,2024-04-02,train,Checking or savings account,Problem caused by your funds being low,Checking or savings account,Other issue,0.868416076428385,0.3454620338312907,2
8682080,2024-04-02,train,"Money transfer, virtual currency, or money service",Other transaction problem,"Money transfer, virtual currency, or money service",Other issue,0.424098716282898,0.6095747977320365,5
8682598,2024-04-02,train,Checking or savings account,Managing an account,Checking or savings account,Managing an account,0.7491546685738691,0.48078555293232506,0
8682668,2024-04-02,train,Checking or savings account,Managing an account,Checking or savings account,Managing an account,0.7472809138414531,0.48238054998867586,5
8683048,2024-04-02,train,Credit card,Problem with a purchase shown on your statement,Credit card,Problem with a purchase shown on your statement,0.7371536790019102,0.5724307397095608,1
8676805,2024-04-03,train,"Money transfer, virtual currency, or money service",Other transaction problem,"Money transfer, virtual currency, or money service",Other issue,0.4782751276389028,0.39963550890597244,0
8676952,2024-04-03,train,Credit card,Closing your account,Credit card,Closing your account,0.6776955947728268,0.2580640566556814,0
8677576,2024-04-03,train,Credit card,"Advertising and marketing, including promotional offers",Credit card,Other issue,0.8335993061613646,0.5023046536764879,1
8677723,2024-04-03,train,Credit card,Problem with a purchase shown on your statement,Credit card,Problem with a purchase shown on your statement,0.8608597003389372,0.604215868276408,2
8678399,2024-04-03,train,Checking or savings account,Opening an account,Checking or savings account,Opening an account,0.7467707896566101,0.42183875113393277,4
8678730,2024-04-03,train,Checking or savings account,Opening an account,Checking or savings account,Opening an account,0.7763921225629434,0.3005734765219329,4
8688063,2024-04-03,train,Checking or savings account,Problem with a lender or other company charging your account,Checking or savings account,Problem with a lender or other company charging your account,0.7229609447616284,0.39277593863261434,5
8689716,2024-04-03,train,Checking or savings account,Closing an account,Checking or savings account,Closing an account,0.9393430976970192,0.6068952252689147,0
8689863,2024-04-03,train,Checking or savings account,Closing an account,Checking or savings account,Closing an account,0.8009435646946529,0.29160217558176305,2
8690385,2024-04-03,train,Credit card,Fees or interest,Credit card,Fees or interest,0.935945298025316,0.5730540426317788,7
8691974,2024-04-03,train,Checking or savings account,Managing an account,Checking or savings account,Managing an account,0.7391774780820989,0.6586669877108912,2
8693803,2024-04-03,train,Credit card,Problem with a purchase shown on your statement,Credit card,Problem with a purchase shown on your statement,0.9010144712145011,0.4375923627501083,4
8693889,2024-04-03,train,Checking or savings account,Managing an account,Checking or savings account,Managing an account,0.8220208407331383,0.5391156033429423,0
8694170,2024-04-03,train,Checking or savings account,Managing an account,Checking or savings account,Managing an account,0.6618437006604361,0.5729544435858898,5
8694408,2024-04-03,train,"Money transfer, virtual currency, or money service",Fraud or scam,"Money transfer, virtual currency, or money service",Fraud or scam,0.5667874487602199,0.30821234281017656,0
8696719,2024-04-03,train,"Money transfer, virtual currency, or money service",Other transaction problem,"Money transfer, virtual currency, or money service",Other issue,0.4314062721922457,0.4030359381577257,0
8684374,2024-04-04,train,Credit card,Problem with a purchase shown on your statement,Credit card,Problem with a purchase shown on your statement,0.9345984169181176,0.8250887012704157,5
8685439,2024-04-04,train,Credit card,Problem when making payments,Credit card,Other issue,0.866266124009647,0.5480126773249198,1
8687325,2024-04-04,train,Credit card,Struggling to pay your bill,Credit card,Other issue,0.8178769815126534,0.6055805609128112,3
8689754,2024-04-04,train,Checking or savings account,Managing an account,Checking or savings account,Managing an account,0.9008011503212313,0.7259019074406697,1
8694588,2024-04-04,train,Credit card,Fees or interest,Credit card,Fees or interest,0.9356556244577062,0.8007795191941266,3
8696249,2024-04-04,train,Checking or savings account,Managing an account,Checking or savings account,Managing an account,0.6041702426496207,0.39663453853472275,5
8696253,2024-04-04,train,Credit card,Problem when making payments,Credit card,Other issue,0.7912922524357733,0.5731616331280356,3
8696617,2024-04-04,train,Checking or savings account,Managing an account,Checking or savings account,Managing an account,0.7433430565970933,0.4202343222847891,7
8697472,2024-04-04,train,Checking or savings account,Opening an account,Checking or savings account,Opening an account,0.9075495557333214,0.5234223510794577,7
8697761,2024-04-04,train,Credit card,"Advertising and marketing, including promotional offers",Credit card,Other issue,0.9652581543749345,0.5874437686516262,1
8698655,2024-04-04,train,Checking or savings account,Managing an account,Checking or savings account,Managing an account,0.8701047068211326,0.6902029624373478,5
8699629,2024-04-04,train,Credit card,Problem with a purchase shown on your statement,Credit card,Problem with a purchase shown on your statement,0.8876390768815373,0.7071195242317159,5
8699781,2024-04-04,train,Checking or savings account,Managing an account,Checking or savings account,Managing an account,0.854654769354589,0.5587356146941174,5
8700645,2024-04-04,train,Checking or savings account,Managing an account,Checking or savings account,Managing an account,0.8089290914562117,0.6017292549031374,2
8687239,2024-04-05,train,Checking or savings account,Managing an account,Checking or savings account,Managing an account,0.769747179394488,0.5665387640616423,0
8688481,2024-04-05,train,Credit card,Closing your account,Credit card,Closing your account,0.8918971025795728,0.23290288598965822,1
8688731,2024-04-05,train,Credit card,Incorrect information on your report,Credit card,Other issue,0.9184874636398624,0.9078924732819761,3
8689388,2024-04-05,train,Credit card,Problem with a purchase shown on your statement,Credit card,Problem with a purchase shown on your statement,0.8874976125668147,0.7181539481760593,5
8691243,2024-04-05,train,Credit card,Problem with a purchase shown on your statement,Credit card,Problem with a purchase shown on your statement,0.881418010397241,0.4295854619404501,1
8692203,2024-04-05,train,Checking or savings account,Managing an account,Checking or savings account,Managing an account,0.8775463981352217,0.725069135883151,0
8705475,2024-04-05,train,Checking or savings account,Managing an account,Checking or savings account,Managing an account,0.872747989677787,0.6472894116975818,0
8705493,2024-04-05,train,Checking or savings account,Closing an account,Checking or savings account,Closing an account,0.9540243782177718,0.6571511082404132,0
8705567,2024-04-05,train,Credit card,Closing your account,Credit card,Closing your account,0.8680214806185611,0.3515391652857159,3
8706856,2024-04-05,train,"Money transfer, virtual currency, or money service",Other service problem,Checking or savings account,Other issue,0.5339582813948172,0.30489288902629264,6
8706865,2024-04-05,train,Checking or savings account,Problem with a lender or other company charging your account,Checking or savings account,Problem with a lender or other company charging your account,0.7405774568193365,0.3507446418755881,2
8707129,2024-04-05,train,Credit card,"Other features, terms, or problems",Credit card,"Other features, terms, or problems",0.9221589072654532,0.3829893732128659,2
8707135,2024-04-05,train,"Money transfer, virtual currency, or money service",Other transaction problem,"Money transfer, virtual currency, or money service",Other issue,0.6528789919219619,0.4528789308019579,0
8707188,2024-04-05,train,Checking or savings account,Managing an account,Checking or savings account,Managing an account,0.9070432049079878,0.6750513900337252,6
8708439,2024-04-05,train,Credit card,Problem with a purchase shown on your statement,Credit card,Problem with a purchase shown on your statement,0.8001079202253916,0.47712422347263245,5
8708722,2024-04-05,train,Credit card,Problem with a purchase shown on your statement,Credit card,Problem with a purchase shown on your statement,0.7990897500144721,0.5799467500030592,1
8709251,2024-04-05,train,Checking or savings account,Managing an account,Checking or savings account,Managing an account,0.8491719132579487,0.7078870774093075,0
8703712,2024-04-06,train,Checking or savings account,Closing an account,Checking or savings account,Closing an account,0.7916708579030761,0.41221185739231797,0
8712974,2024-04-06,train,Credit card,Problem with a purchase shown on your statement,Credit card,Problem with a purchase shown on your statement,0.9342808641537906,0.7271642555263675,5
8713113,2024-04-06,train,Checking or savings account,Managing an account,Checking or savings account,Managing an account,0.7050855265504626,0.6576322075367192,6
8713537,2024-04-06,train,Checking or savings account,Managing an account,Checking or savings account,Managing an account,0.722002887566812,0.46322837795023253,2
8713821,2024-04-06,train,Checking or savings account,Opening an account,Checking or savings account,Opening an account,0.834834111552756,0.2817771790368545,2
8713979,2024-04-06,train,"Money transfer, virtual currency, or money service",Trouble accessing funds in your mobile or digital wallet,Checking or savings account,Other issue,0.39733880185158715,0.2936419274435841,4
8714213,2024-04-06,train,Checking or savings account,Managing an account,Checking or savings account,Managing an account,0.7984239126800351,0.5342393410632984,4
8714253,2024-04-06,train,Credit card,Closing your account,Credit card,Closing your account,0.776200538546997,0.1999714192534588,4
8714362,2024-04-06,train,Credit card,Problem with a purchase shown on your statement,Credit card,Problem with a purchase shown on your statement,0.6721834483370298,0.4251080804095448,5
8714867,2024-04-06,train,"Money transfer, virtual currency, or money service",Money was not available when promised,"Money transfer, virtual currency, or money service",Other issue,0.5789240310988827,0.4993444852863104,0
8715725,2024-04-07,train,Credit card,Getting a credit card,Credit card,Getting a credit card,0.9584178978238509,0.8852408116546772,4
8715974,2024-04-07,train,Credit card,Getting a credit card,Credit card,Getting a credit card,0.9243398757251378,0.874313842808438,4
8715982,2024-04-07,train,Credit card,Getting a credit card,Credit card,Getting a credit card,0.9659633802942911,0.8932033552443267,4
8716064,2024-04-07,train,Credit card,Getting a credit card,Credit card,Getting a credit card,0.9377578175746489,0.7314449143484524,4
8719547,2024-04-08,train,Credit card,Closing your account,Credit card,Closing your account,0.927417668589101,0.3210523489732985,1
8722779,2024-04-08,train,Credit card,Getting a credit card,Credit card,Getting a credit card,0.9052659830261401,0.7731165338797372,4
8722959,2024-04-08,train,"Money transfer, virtual currency, or money service",Fraud or scam,"Money transfer, virtual currency, or money service",Fraud or scam,0.7462058275451964,0.37113849094607243,0
8722962,2024-04-08,train,Checking or savings account,Managing an account,Checking or savings account,Managing an account,0.8927989045038475,0.7371534958750169,2
8723036,2024-04-08,train,Credit card,Closing your account,Credit card,Closing your account,0.9414964250362908,0.31833610741513485,4
8723269,2024-04-08,train,Checking or savings account,Closing an account,Checking or savings account,Closing an account,0.8556178308513469,0.3891366291238219,2
8723898,2024-04-08,train,Credit card,Getting a credit card,Credit card,Getting a credit card,0.9409812924459185,0.8015931649555448,4
8724105,2024-04-08,train,Checking or savings account,Managing an account,Checking or savings account,Managing an account,0.7410572714718364,0.450606592172588,2
8724445,2024-04-08,train,"Money transfer, virtual currency, or money service",Lost or stolen money order,Checking or savings account,Other issue,0.46846207712083576,0.3461407078068577,6
8724768,2024-04-08,train,Credit card,"Other features, terms, or problems",Credit card,"Other features, terms, or problems",0.6805085889162968,0.24136385047386927,5
8724860,2024-04-08,train,Checking or savings account,Problem with a lender or other company charging your account,Checking or savings account,Problem with a lender or other company charging your account,0.6264629094567882,0.30853323728884646,5
8725481,2024-04-08,train,Credit card,Getting a credit card,Credit card,Getting a credit card,0.962515504268382,0.862359807092714,4
8725857,2024-04-08,train,Checking or savings account,Closing an account,Checking or savings account,Closing an account,0.8940836285596095,0.4130824173824525,0
8725871,2024-04-08,train,Credit card,Problem with a purchase shown on your statement,Credit card,Problem with a purchase shown on your statement,0.8484295360130945,0.7204175239780586,5
8720400,2024-04-09,train,Checking or savings account,Closing an account,Checking or savings account,Closing an account,0.8129602188425604,0.4198039641414074,0
8721124,2024-04-09,train,Credit card,Problem with a purchase shown on your statement,Credit card,Other issue,0.7631148028968718,0.26986786802256413,4
8721286,2024-04-09,train,"Money transfer, virtual currency, or money service",Money was not available when promised,"Money transfer, virtual currency, or money service",Other issue,0.795838865679091,0.6428054836049839,6
8721341,2024-04-09,train,Checking or savings account,Managing an account,Checking or savings account,Managing an account,0.8039932138537167,0.6124437741509117,0
8721641,2024-04-09,train,Credit card,Fees or interest,Credit card,Fees or interest,0.8829105721161973,0.4058242240069641,3
8727284,2024-04-09,train,Credit card,"Other features, terms, or problems",Credit card,Managing an account,0.6169949885125191,0.19493389555666168,5
8727734,2024-04-09,train,Credit card,"Other features, terms, or problems",Credit card,"Other features, terms, or problems",0.8648139135029143,0.7237788064880023,6
8728003,2024-04-09,train,Credit card,"Other features, terms, or problems",Credit card,"Other features, terms, or problems",0.9352840942352821,0.7758361662923325,4
8728012,2024-04-09,train,Credit card,"Other features, terms, or problems",Credit card,"Other features, terms, or problems",0.8830437278345883,0.7196563171620587,5
8728095,2024-04-09,train,"Money transfer, virtual currency, or money service",Trouble accessing funds in your mobile or digital wallet,Checking or savings account,Other issue,0.47976731895873115,0.4182444915710218,0
8729287,2024-04-09,train,Credit card,"Other features, terms, or problems",Credit card,"Other features, terms, or problems",0.9833578028052568,0.33815114941534086,1
8729411,2024-04-09,train,Checking or savings account,Managing an account,Checking or savings account,Managing an account,0.8592354275873457,0.6214736443836939,2
8729586,2024-04-09,train,Credit card,Getting a credit card,Credit card,Getting a credit card,0.9800673486234349,0.37771690358014165,1
8729730,2024-04-09,train,Credit card,Getting a credit card,Credit card,Getting a credit card,0.8656678429980719,0.43418351535631333,1
8730077,2024-04-09,train,Checking or savings account,Closing an account,Checking or savings account,Closing an account,0.5165218600364455,0.3499344106790525,1
8730285,2024-04-09,train,Checking or savings account,Managing an account,Checking or savings account,Managing an account,0.6276754288993336,0.43624175306607255,5
8732077,2024-04-09,train,Credit card,"Other features, terms, or problems",Credit card,"Other features, terms, or problems",0.8926875859570487,0.7470418568357192,5
8732098,2024-04-09,train,Checking or savings account,Managing an account,Checking or savings account,Managing an account,0.9308682067585183,0.6959923597951647,2
8732174,2024-04-09,train,Credit card,"Other features, terms, or problems",Credit card,"Other features, terms, or problems",0.9379320440644477,0.8096096853163286,5
8733697,2024-04-09,train,Credit card,Closing your account,Credit card,Closing your account,0.8273546492109153,0.3192251924907151,3
8734794,2024-04-09,train,Checking or savings account,Problem caused by your funds being low,Checking or savings account,Other issue,0.801375424867945,0.4171785214394254,6
8734965,2024-04-09,train,Checking or savings account,Problem with a lender or other company charging your account,Checking or savings account,Problem with a lender or other company charging your account,0.8655257801029212,0.399968879898595,5
8735235,2024-04-09,train,Credit card,Problem with a purchase shown on your statement,Credit card,Other issue,0.9210533669194572,0.3286473168333701,4
8735854,2024-04-09,train,Checking or savings account,Managing an account,Credit card,Managing an account,0.620552107480962,0.3367264134778914,3
8736306,2024-04-09,train,Credit card,Getting a credit card,Credit card,Getting a credit card,0.8693835115413365,0.5624330804602394,4
8736845,2024-04-09,train,Credit card,Problem with a purchase shown on your statement,Credit card,Problem with a purchase shown on your statement,0.8884049528240643,0.840855771144393,5
8730813,2024-04-10,train,Credit card,Incorrect information on your report,Credit card,Other issue,0.9508224279000234,0.5482404631345793,1
8730834,2024-04-10,train,Credit card,Trouble using your card,Credit card,Other issue,0.7438468196951268,0.4459562765941518,1
8730908,2024-04-10,train,"Money transfer, virtual currency, or money service",Other transaction problem,"Money transfer, virtual currency, or money service",Other issue,0.532761224464729,0.4463825698829465,2
8731058,2024-04-10,train,Credit card,Fees or interest,Credit card,Fees or interest,0.9722149697553947,0.5561713062641993,3
8731069,2024-04-10,train,Checking or savings account,Closing an account,Checking or savings account,Closing an account,0.8446669400182963,0.6267181964370979,0
8732609,2024-04-10,train,Checking or savings account,Managing an account,Checking or savings account,Managing an account,0.8591211261694525,0.5696583657078985,5
8733416,2024-04-10,train,Checking or savings account,Problem with a lender or other company charging your account,Checking or savings account,Problem with a lender or other company charging your account,0.6939983624133169,0.4072479767217196,5
8733724,2024-04-10,train,Checking or savings account,Managing an account,Checking or savings account,Managing an account,0.7242725092478661,0.5210406941953655,0
8737037,2024-04-10,train,"Money transfer, virtual currency, or money service",Fraud or scam,"Money transfer, virtual currency, or money service",Fraud or scam,0.6318745707072466,0.3022001326039237,5
8738461,2024-04-10,train,Checking or savings account,Problem caused by your funds being low,Checking or savings account,Other issue,0.793431432674643,0.40391282202238815,6
8738859,2024-04-10,train,Credit card,Getting a credit card,Credit card,Getting a credit card,0.829189515513754,0.47373420241672715,4
8738962,2024-04-10,train,Credit card,Getting a credit card,Credit card,Getting a credit card,0.9958899543383996,0.7481168966673807,1
8738983,2024-04-10,train,Credit card,"Other features, terms, or problems",Credit card,"Other features, terms, or problems",0.6997660122174235,0.4455320688064323,2
8739400,2024-04-10,train,Credit card,"Other features, terms, or problems",Credit card,"Other features, terms, or problems",0.8817187637537199,0.3596367153398571,1
8739749,2024-04-10,train,Credit card,Fees or interest,Credit card,Fees or interest,0.9222651139748397,0.4838047079002892,1
8741096,2024-04-10,train,Checking or savings account,Closing an account,Checking or savings account,Closing an account,0.935482224084162,0.5576149838013115,0
8741135,2024-04-10,train,Credit card,Getting a credit card,Credit card,Getting a credit card,0.9205806001610269,0.45025029017611845,1
8741837,2024-04-10,train,Checking or savings account,Closing an account,Checking or savings account,Closing an account,0.9056895243929672,0.5172657410948928,0
8743945,2024-04-10,train,"Money transfer, virtual currency, or money service",Fraud or scam,"Money transfer, virtual currency, or money service",Fraud or scam,0.6912645546052755,0.4731659228082964,5
8744714,2024-04-10,train,Credit card,"Other features, terms, or problems",Credit card,"Other features, terms, or problems",0.7472078934333581,0.23897029134108985,3
8745151,2024-04-10,train,Credit card,Problem with a purchase shown on your statement,Credit card,Problem with a purchase shown on your statement,0.8058095409663744,0.5800264097687611,1
8745777,2024-04-10,train,Checking or savings account,Managing an account,Checking or savings account,Managing an account,0.9229005872251391,0.6547457177958081,2
8740698,2024-04-11,train,Credit card,Problem with a purchase shown on your statement,Credit card,Problem with a purchase shown on your statement,0.8883859674753899,0.7479399525855768,5
8742205,2024-04-11,train,"Money transfer, virtual currency, or money service","Managing, opening, or closing your mobile wallet account","Money transfer, virtual currency, or money service",Other issue,0.54754966585446,0.48162218139153834,0
8742524,2024-04-11,train,Credit card,Trouble using your card,Credit card,Other issue,0.8671799854200155,0.5027710096431726,4
8742578,2024-04-11,train,Credit card,Fees or interest,Credit card,Fees or interest,0.8798795914145111,0.3537622871517073,1
8743061,2024-04-11,train,Credit card,"Other features, terms, or problems",Credit card,"Other features, terms, or problems",0.9428640002184814,0.4168536095320978,2
8743319,2024-04-11,train,Checking or savings account,Managing an account,Checking or savings account,Managing an account,0.7809993435420555,0.4710673495033045,0
8743533,2024-04-11,train,Credit card,Problem with a purchase shown on your statement,Credit card,Problem with a purchase shown on your statement,0.7929150600037618,0.6302570148375068,5
8747052,2024-04-11,train,Checking or savings account,Closing an account,Checking or savings account,Closing an account,0.6598081059925892,0.36940250284105786,0
8747312,2024-04-11,train,Credit card,Problem with a purchase shown on your statement,Credit card,Problem with a purchase shown on your statement,0.9197792132120545,0.728556053509675,5
8747374,2024-04-11,train,Checking or savings account,Problem with a lender or other company charging your account,Checking or savings account,Problem with a lender or other company charging your account,0.6354936511531981,0.34589389136840976,5
8747657,2024-04-11,train,Credit card,Fees or interest,Credit card,Fees or interest,0.9607695482032345,0.40000037008555334,3
8747924,2024-04-11,train,Checking or savings account,Managing an account,Checking or savings account,Managing an account,0.9468432994981533,0.8068567389739688,0
8748320,2024-04-11,train,Credit card,Getting a credit card,Credit card,Getting a credit card,0.7707329436601699,0.32041072890739897,4
8751945,2024-04-11,train,Credit card,Trouble using your card,Credit card,Other issue,0.7414438552348532,0.39960129610419676,2
8751958,2024-04-11,train,Checking or savings account,Managing an account,Checking or savings account,Managing an account,0.9078147194820508,0.710436444316079,6
8752146,2024-04-11,train,Credit card,"Advertising and marketing, including promotional offers",Credit card,Other issue,0.9277637477178878,0.4472694690687202,2
8752622,2024-04-11,train,Credit card,Problem with a purchase shown on your statement,Credit card,Problem with a purchase shown on your statement,0.6113894616150746,0.3772515163129305,5
8753668,2024-04-11,train,Checking or savings account,Managing an account,Checking or savings account,Managing an account,0.794025420746158,0.4862869951200607,0
8753793,2024-04-11,train,Credit card,"Other features, terms, or problems",Credit card,"Other features, terms, or problems",0.7458157864601312,0.2892869169180849,1
8753925,2024-04-11,train,Checking or savings account,Closing an account,Checking or savings account,Closing an account,0.8336979243732497,0.4945204155405006,0
8753929,2024-04-11,train,Credit card,"Other features, terms, or problems",Credit card,"Other features, terms, or problems",0.9407968800494331,0.7011063579031286,3
8753970,2024-04-11,train,Credit card,Getting a credit card,Credit card,Getting a credit card,0.7601907475845715,0.35787906485432486,4
8754001,2024-04-11,train,Credit card,"Other features, terms, or problems",Credit card,"Other features, terms, or problems",0.9369439214358799,0.6987783399367972,3
8754016,2024-04-11,train,Checking or savings account,Closing an account,Checking or savings account,Closing an account,0.777254675526972,0.522027664331165,0
8754413,2024-04-11,train,Credit card,Problem with a purchase shown on your statement,Credit card,Problem with a purchase shown on your statement,0.8271219811082627,0.6860763239044715,5
8749027,2024-04-12,train,Credit card,Problem with a purchase shown on your statement,Credit card,Problem with a purchase shown on your statement,0.8486797491434305,0.5568602033033504,5
8750482,2024-04-12,train,Credit card,Incorrect information on your report,Credit card,Other issue,0.9310727712214085,0.4789737579832567,4
8750733,2024-04-12,train,Credit card,Fees or interest,Credit card,Fees or interest,0.9541081627904503,0.3551025612623827,3
8751086,2024-04-12,train,Checking or savings account,Managing an account,Checking or savings account,Managing an account,0.8925100160917558,0.6443719739422714,0
8755725,2024-04-12,train,Checking or savings account,Problem with a lender or other company charging your account,Checking or savings account,Problem with a lender or other company charging your account,0.6280204886025951,0.38807224056607464,5
8755830,2024-04-12,train,Credit card,"Other features, terms, or problems",Credit card,"Other features, terms, or problems",0.8824957113832039,0.49789483279357777,1
8756235,2024-04-12,train,Credit card,Fees or interest,Credit card,Fees or interest,0.9571716726264321,0.5206768119676828,3
8756428,2024-04-12,train,Credit card,Getting a credit card,Credit card,Getting a credit card,0.8214189781878858,0.25521131465073915,1
8756457,2024-04-12,train,"Money transfer, virtual currency, or money service",Other transaction problem,"Money transfer, virtual currency, or money service",Other issue,0.4785606434597472,0.5692135580275293,3
8756490,2024-04-12,train,Credit card,Problem with a purchase shown on your statement,Credit card,Problem with a purchase shown on your statement,0.7236962720196388,0.4509911029479672,5
8757182,2024-04-12,train,Credit card,Getting a credit card,Credit card,Getting a credit card,0.9371235324829443,0.8228285510343091,4
8757447,2024-04-12,train,Credit card,Improper use of your report,Credit card,Other issue,0.9483407381189144,0.5599566834417348,4
8758018,2024-04-12,train,Checking or savings account,Managing an account,Checking or savings account,Managing an account,0.8304772973916934,0.7016702332859465,0
8760629,2024-04-12,train,Credit card,Problem with a company's investigation into an existing problem,Credit card,Other issue,0.8665208447765952,0.8019892593971412,3
8760630,2024-04-12,train,Credit card,Problem with a company's investigation into an existing problem,Credit card,Other issue,0.8716843149332396,0.852424115677082,3
8761357,2024-04-12,train,Checking or savings account,Closing an account,Checking or savings account,Closing an account,0.8929396442252776,0.5931442287786185,0
8761364,2024-04-12,train,Checking or savings account,Closing an account,Checking or savings account,Closing an account,0.8162462991247966,0.38716829584862095,0
8761663,2024-04-12,train,Checking or savings account,Managing an account,Checking or savings account,Managing an account,0.8188360153807696,0.6706122341793969,2
8761688,2024-04-12,train,Credit card,Problem with a purchase shown on your statement,Credit card,Problem with a purchase shown on your statement,0.867948797172117,0.6691522370381652,2
8762788,2024-04-12,train,Credit card,Problem with a purchase shown on your statement,Credit card,Problem with a purchase shown on your statement,0.7242731308477399,0.539234022590921,5
8758438,2024-04-13,train,Checking or savings account,Problem with a lender or other company charging your account,Checking or savings account,Problem with a lender or other company charging your account,0.723244080919925,0.22946175757591067,6
8759644,2024-04-13,train,Credit card,Problem with a purchase shown on your statement,Credit card,Problem with a purchase shown on your statement,0.7539074619612567,0.6179959622969776,2
8759930,2024-04-13,train,Credit card,Problem with a purchase shown on your statement,Credit card,Problem with a purchase shown on your statement,0.7609094510060819,0.6648773904873274,5
8760056,2024-04-13,train,Checking or savings account,Managing an account,Checking or savings account,Managing an account,0.8338407254462689,0.5595789709285596,0
8764217,2024-04-13,train,Credit card,Problem with a purchase shown on your statement,Credit card,Problem with a purchase shown on your statement,0.9057584248480588,0.6444969922241295,5
8765479,2024-04-13,train,Credit card,Trouble using your card,Credit card,Other issue,0.8873652441170455,0.5563007261750859,4
8765823,2024-04-13,train,Credit card,Problem with a purchase shown on your statement,Credit card,Problem with a purchase shown on your statement,0.8128678867269006,0.6437184222674692,5
8765977,2024-04-13,train,Credit card,"Other features, terms, or problems",Credit card,"Other features, terms, or problems",0.5982854468850779,0.2755703093429008,0
8766846,2024-04-13,train,Checking or savings account,Managing an account,Checking or savings account,Managing an account,0.878725162807913,0.7195452940929158,5
8766912,2024-04-13,train,Credit card,Fees or interest,Credit card,Fees or interest,0.8470218921920655,0.4700359164209856,1
8767926,2024-04-13,train,Checking or savings account,Managing an account,Checking or savings account,Managing an account,0.8964040297549789,0.6630109161683071,6
8764888,2024-04-14,train,Checking or savings account,Problem with a lender or other company charging your account,Checking or savings account,Problem with a lender or other company charging your account,0.8214206390881725,0.4180006601435103,2
8765270,2024-04-14,train,"Money transfer, virtual currency, or money service",Fraud or scam,"Money transfer, virtual currency, or money service",Fraud or scam,0.5395785185548982,0.36406655595645687,5
8768009,2024-04-14,train,Checking or savings account,Closing an account,Checking or savings account,Closing an account,0.6991473221449103,0.38350099107403285,5
8770375,2024-04-14,train,Credit card,Problem with a purchase shown on your statement,Credit card,Problem with a purchase shown on your statement,0.8225445927324935,0.46814576167366484,5
8770702,2024-04-14,train,Checking or savings account,Managing an account,Checking or savings account,Managing an account,0.803547009549347,0.5521684251120649,2
8770833,2024-04-14,train,Checking or savings account,Managing an account,Checking or savings account,Managing an account,0.8974488090588503,0.6886441758089988,0
8768112,2024-04-15,train,Credit card,Incorrect information on your report,Credit card,Other issue,0.8888984304237459,0.8619570895265513,3
8768136,2024-04-15,train,Credit card,Incorrect information on your report,Credit card,Other issue,0.8469292366168836,0.6012265954762568,4
8768337,2024-04-15,train,"Money transfer, virtual currency, or money service",Unauthorized transactions or other transaction problem,"Money transfer, virtual currency, or money service",Other issue,0.6637151876509507,0.7630378009571934,5
8768391,2024-04-15,train,Checking or savings account,Managing an account,Checking or savings account,Managing an account,0.8250485606540419,0.5818110146718113,6
8768425,2024-04-15,train,"Money transfer, virtual currency, or money service",Fraud or scam,"Money transfer, virtual currency, or money service",Fraud or scam,0.5934834071283515,0.3292436805336349,4
8769187,2024-04-15,train,Credit card,"Other features, terms, or problems",Credit card,"Other features, terms, or problems",0.712603288653602,0.3238109179272851,1
8769196,2024-04-15,train,Checking or savings account,Closing an account,Checking or savings account,Closing an account,0.8654623571415506,0.38769695021502754,4
8769303,2024-04-15,train,Credit card,Trouble using your card,Credit card,Other issue,0.8080057282871453,0.4975972684975942,1
8771244,2024-04-15,train,Checking or savings account,Problem with a lender or other company charging your account,Checking or savings account,Problem with a lender or other company charging your account,0.8710965807559119,0.5710943052587549,5
8771968,2024-04-15,train,Credit card,Problem with a company's investigation into an existing problem,Credit card,Other issue,0.9316132481433609,0.7349756984508529,3
8771991,2024-04-15,train,Checking or savings account,Problem with a lender or other company charging your account,Checking or savings account,Problem with a lender or other company charging your account,0.6544598204832718,0.37329563687248263,5
8772285,2024-04-15,train,Credit card,Problem with a company's investigation into an existing problem,Credit card,Other issue,0.8722780796556342,0.6728237357801087,3
8772450,2024-04-15,train,Checking or savings account,Managing an account,Checking or savings account,Managing an account,0.8246053807071868,0.6599537281753791,0
8772536,2024-04-15,train,Credit card,Problem with a company's investigation into an existing problem,Credit card,Other issue,0.8808689898718522,0.7616957336059756,3
8774429,2024-04-15,train,Checking or savings account,Managing an account,Checking or savings account,Managing an account,0.8188943981452631,0.626845914071169,0
8775520,2024-04-15,train,Credit card,Getting a credit card,Credit card,Getting a credit card,0.8793302872895059,0.4855804117919356,4
8775545,2024-04-15,train,Credit card,Getting a credit card,Credit card,Getting a credit card,0.9232081387242607,0.5877337080100528,4
8776193,2024-04-15,train,Checking or savings account,Managing an account,Checking or savings account,Managing an account,0.8414367442770394,0.7118300448528696,5
8776502,2024-04-15,train,Credit card,Improper use of your report,Credit card,Other issue,0.9535090425944907,0.6621601245661155,4
8776836,2024-04-15,train,Credit card,"Advertising and marketing, including promotional offers",Credit card,Other issue,0.8987299935844846,0.6101967147469244,4
8777061,2024-04-15,train,Credit card,Problem with a company's investigation into an existing problem,Credit card,Other issue,0.9440310203949055,0.9125852311745243,3
8777139,2024-04-15,train,Credit card,"Other features, terms, or problems",Credit card,"Other features, terms, or problems",0.9353996056121254,0.7396064210988215,3
8777990,2024-04-15,train,Credit card,Closing your account,Credit card,Other issue,0.7455592084473818,0.19898823330974066,5
8779077,2024-04-15,train,Credit card,Getting a credit card,Credit card,Getting a credit card,0.9757599354924021,0.3405709852848897,1
8779271,2024-04-15,train,Credit card,Fees or interest,Credit card,Fees or interest,0.9358792250818415,0.34212240608272787,1
8779620,2024-04-15,train,Credit card,"Other features, terms, or problems",Credit card,"Other features, terms, or problems",0.9377059410733145,0.7466570725560608,3
8779673,2024-04-15,train,Credit card,"Other features, terms, or problems",Credit card,"Other features, terms, or problems",0.9357853860440298,0.7421635469819313,3
8779760,2024-04-15,train,Credit card,Problem with a company's investigation into an existing problem,Credit card,Other issue,0.9603520508105687,0.8627629637270364,3
8779814,2024-04-15,train,Credit card,Getting a credit card,Credit card,Getting a credit card,0.6955257563026465,0.34967779672202154,0
8775371,2024-04-16,train,Checking or savings account,Closing an account,Checking or savings account,Closing an account,0.8720120925736977,0.5332292452532919,0
8780193,2024-04-16,train,Credit card,"Advertising and marketing, including promotional offers",Credit card,Other issue,0.858403234156423,0.5223769388117085,3
8780984,2024-04-16,train,Credit card,Getting a credit card,Credit card,Other issue,0.7184866964913637,0.22973397905122306,2
8780992,2024-04-16,train,"Money transfer, virtual currency, or money service",Money was not available when promised,"Money transfer, virtual currency, or money service",Other issue,0.5535426462660277,0.44249666388103565,2
8780993,2024-04-16,train,Checking or savings account,Managing an account,Checking or savings account,Managing an account,0.788762137471984,0.6127105402786402,2
8781288,2024-04-16,train,Checking or savings account,Managing an account,Checking or savings account,Managing an account,0.7951024394635714,0.5886152679335368,6
8783253,2024-04-16,train,Checking or savings account,Problem caused by your funds being low,Checking or savings account,Other issue,0.9428719744250974,0.5019183285055033,7
8784122,2024-04-16,train,Credit card,"Other features, terms, or problems",Credit card,"Other features, terms, or problems",0.9406672814554753,0.7328230480861415,3
8784151,2024-04-16,train,Credit card,Problem with a purchase shown on your statement,Credit card,Problem with a purchase shown on your statement,0.7606552369854581,0.6204906722057094,5
8784715,2024-04-16,train,Credit card,Closing your account,Credit card,Closing your account,0.943272752270065,0.44470146247520237,1
8784809,2024-04-16,train,Checking or savings account,Managing an account,Checking or savings account,Managing an account,0.7467300329202436,0.5938142352650547,0
8786456,2024-04-16,train,Checking or savings account,Managing an account,Checking or savings account,Managing an account,0.6873652598209561,0.6005368670949698,5
8786587,2024-04-16,train,Checking or savings account,Managing an account,Checking or savings account,Managing an account,0.7371033390851571,0.39844391412721203,2
8786657,2024-04-16,train,Credit card,Problem with a purchase shown on your statement,Credit card,Problem with a purchase shown on your statement,0.7215301300468178,0.44513862232708096,5
8787335,2024-04-16,train,Checking or savings account,Problem with a lender or other company charging your account,Checking or savings account,Problem with a lender or other company charging your account,0.8331573138870344,0.27991079649657624,2
8788008,2024-04-16,train,Credit card,Problem with a purchase shown on your statement,Credit card,Problem with a purchase shown on your statement,0.9124317197882981,0.6106863845623512,1
8788011,2024-04-16,train,Credit card,Problem with a purchase shown on your statement,Credit card,Problem with a purchase shown on your statement,0.8731710484364761,0.6865135925739647,5
8788093,2024-04-16,train,Checking or savings account,Managing an account,Checking or savings account,Managing an account,0.8802229372833107,0.658549902055772,0
8789167,2024-04-16,train,Credit card,Getting a credit card,Credit card,Getting a credit card,0.8738734830725085,0.46554981422859804,1
8789320,2024-04-16,train,Checking or savings account,Opening an account,Checking or savings account,Opening an account,0.6945765133248645,0.2335541039322466,4
8783817,2024-04-17,train,Credit card,Fees or interest,Credit card,Fees or interest,0.9011959909217232,0.6420890589652837,3
8784032,2024-04-17,train,Credit card,Problem with a purchase shown on your statement,Credit card,Problem with a purchase shown on your statement,0.8630281929013586,0.43212285997237315,1
8785443,2024-04-17,train,Credit card,Problem with a purchase shown on your statement,Credit card,Problem with a purchase shown on your statement,0.9090888029473376,0.4365668166279405,1
8785627,2024-04-17,train,Credit card,Getting a credit card,Credit card,Managing an account,0.5240907645790791,0.3066487547825123,2
8789455,2024-04-17,train,Credit card,Problem with a purchase shown on your statement,Credit card,Problem with a purchase shown on your statement,0.9637999495977653,0.8760887042828506,5
8789674,2024-04-17,train,Checking or savings account,Managing an account,Checking or savings account,Managing an account,0.8868707523991426,0.5824753085305777,0
8789956,2024-04-17,train,"Money transfer, virtual currency, or money service",Fraud or scam,"Money transfer, virtual currency, or money service",Managing an account,0.5675658367677423,0.2548834856422019,0
8790277,2024-04-17,train,"Money transfer, virtual currency, or money service",Fraud or scam,"Money transfer, virtual currency, or money service",Fraud or scam,0.4521761935787948,0.2793773732677327,5
8790520,2024-04-17,train,Checking or savings account,Closing an account,Checking or savings account,Closing an account,0.8746470081889284,0.4404322850309002,2
8790608,2024-04-17,train,Checking or savings account,Closing an account,Checking or savings account,Closing an account,0.9340722240461853,0.5012928667886397,0
8790825,2024-04-17,train,Checking or savings account,Closing an account,Checking or savings account,Closing an account,0.8943983619061775,0.4144068378254667,0
8791382,2024-04-17,train,Checking or savings account,Problem with a lender or other company charging your account,Checking or savings account,Managing an account,0.7965008714342642,0.3256576870141977,0
8791768,2024-04-17,train,"Money transfer, virtual currency, or money service",Other transaction problem,"Money transfer, virtual currency, or money service",Other issue,0.6573061433025743,0.5216948871410808,0
8791813,2024-04-17,train,Credit card,Fees or interest,Credit card,Fees or interest,0.9672610559244997,0.807144758131443,3
8791901,2024-04-17,train,Credit card,Problem with a purchase shown on your statement,Credit card,Problem with a purchase shown on your statement,0.8877128287996553,0.5623090065412317,4
8792045,2024-04-17,train,Credit card,"Other features, terms, or problems",Credit card,"Other features, terms, or problems",0.9835623385820059,0.30262481198649305,1
8792181,2024-04-17,train,Checking or savings account,Managing an account,Checking or savings account,Managing an account,0.9248727419111861,0.7722532323277943,0
8792330,2024-04-17,train,Credit card,Problem with a purchase shown on your statement,Credit card,Problem with a purchase shown on your statement,0.9261068314764762,0.8026360691531622,5
8793117,2024-04-17,train,Checking or savings account,Problem with a lender or other company charging your account,Checking or savings account,Problem with a lender or other company charging your account,0.7533245618530707,0.34494272019248756,5
8793265,2024-04-17,train,Credit card,"Other features, terms, or problems",Credit card,"Other features, terms, or problems",0.9013662745718244,0.43845242042045973,4
8795654,2024-04-17,train,Credit card,"Advertising and marketing, including promotional offers",Credit card,Other issue,0.982160894402974,0.6050652599448537,1
8795657,2024-04-17,train,Credit card,Trouble using your card,Credit card,Other issue,0.9445363696924309,0.6795682471453193,3
8795675,2024-04-17,train,Credit card,Problem with a purchase shown on your statement,Credit card,Problem with a purchase shown on your statement,0.9044857226311142,0.6272977751100823,4
8795983,2024-04-17,train,Credit card,"Advertising and marketing, including promotional offers",Credit card,Other issue,0.949726448621802,0.43813669480277545,1
8796473,2024-04-17,train,Credit card,"Other features, terms, or problems",Credit card,"Other features, terms, or problems",0.7869772780397044,0.2816341781911886,3
8797130,2024-04-17,train,"Money transfer, virtual currency, or money service",Other transaction problem,"Money transfer, virtual currency, or money service",Other issue,0.7758012413991819,0.6361098446853415,3
8792542,2024-04-18,train,Checking or savings account,Closing an account,Checking or savings account,Closing an account,0.7959386712614667,0.4942640353169637,0
8792851,2024-04-18,train,Credit card,Problem with a purchase shown on your statement,Credit card,Problem with a purchase shown on your statement,0.8576371548837559,0.5729619463170817,5
8792887,2024-04-18,train,Checking or savings account,Problem with a lender or other company charging your account,Checking or savings account,Problem with a lender or other company charging your account,0.8730175937184096,0.29016268779645193,0
8795469,2024-04-18,train,Credit card,Problem with a purchase shown on your statement,Credit card,Problem with a purchase shown on your statement,0.9507089363183969,0.7644135978903345,5
8795545,2024-04-18,train,Credit card,Fees or interest,Credit card,Other issue,0.9194404956906562,0.2640317917013546,1
8800155,2024-04-18,train,Credit card,Problem with a purchase shown on your statement,Credit card,Problem with a purchase shown on your statement,0.7538081131526091,0.4762201897990458,2
8800545,2024-04-18,train,Credit card,Problem with a purchase shown on your statement,Credit card,Problem with a purchase shown on your statement,0.962558543679605,0.7383854011323199,1
8800900,2024-04-18,train,Checking or savings account,Managing an account,Checking or savings account,Managing an account,0.9325924843221234,0.6531998995874571,2
8801894,2024-04-18,train,Checking or savings account,Managing an account,Checking or savings account,Managing an account,0.8297442821437371,0.5383731909375742,0
8802762,2024-04-18,train,Checking or savings account,Managing an account,Checking or savings account,Managing an account,0.835846294819354,0.7570665147208935,0
8802829,2024-04-18,train,Checking or savings account,Managing an account,Checking or savings account,Managing an account,0.5423412636950767,0.45709649474195807,5
8806048,2024-04-18,train,Checking or savings account,Problem with a lender or other company charging your account,Checking or savings account,Managing an account,0.6750751623469564,0.17980915521766813,0
8807927,2024-04-18,train,Checking or savings account,Problem with a lender or other company charging your account,Checking or savings account,Problem with a purchase shown on your statement,0.5627493431351324,0.2303443319308798,5
8802355,2024-04-19,train,Credit card,Fees or interest,Credit card,Fees or interest,0.9851388242773071,0.5421327480812409,1
8804128,2024-04-19,train,Checking or savings account,Managing an account,Checking or savings account,Managing an account,0.7388864577603004,0.4929160608568499,2
8804459,2024-04-19,train,Checking or savings account,Managing an account,Checking or savings account,Managing an account,0.7263609147615063,0.49137420394654324,2
8804607,2024-04-19,train,Credit card,Problem with a purchase shown on your statement,Credit card,Problem with a purchase shown on your statement,0.9438457393813058,0.6971328825438208,5
8808903,2024-04-19,train,Checking or savings account,Managing an account,Checking or savings account,Managing an account,0.7441049045088252,0.4972821471474296,5
8809065,2024-04-19,train,Checking or savings account,Closing an account,Checking or savings account,Closing an account,0.6998206680566047,0.45202340535965524,0
8809083,2024-04-19,train,Credit card,Getting a credit card,Credit card,Getting a credit card,0.9135539373397094,0.6781120061026945,4
8809378,2024-04-19,train,Checking or savings account,Problem caused by your funds being low,Checking or savings account,Other issue,0.5474223319766557,0.5902609416566953,5
8809619,2024-04-19,train,Credit card,"Other features, terms, or problems",Credit card,"Other features, terms, or problems",0.8721786305155799,0.35218676101699203,1
8810990,2024-04-19,train,Credit card,Problem with a purchase shown on your statement,Credit card,Problem with a purchase shown on your statement,0.8826993592042576,0.6244495421844286,5
8811055,2024-04-19,train,Credit card,"Advertising and marketing, including promotional offers",Credit card,Other issue,0.8879701673626306,0.6066188704878087,1
8811384,2024-04-19,train,Checking or savings account,Managing an account,Checking or savings account,Managing an account,0.8201552996856101,0.6033126588364868,0
8813544,2024-04-19,train,Credit card,"Other features, terms, or problems",Credit card,"Other features, terms, or problems",0.8043642817592487,0.39131683727112165,2
8813557,2024-04-19,train,Checking or savings account,Opening an account,Checking or savings account,Opening an account,0.8247078473367571,0.47810598375977215,6
8813888,2024-04-19,train,Credit card,Problem with a company's investigation into an existing problem,Credit card,Other issue,0.9645898279798962,0.9093940504883683,3
8813889,2024-04-19,train,Credit card,Problem with a company's investigation into an existing problem,Credit card,Other issue,0.9573330290006412,0.9190269023725897,3
8815245,2024-04-19,train,Checking or savings account,Problem with a lender or other company charging your account,Checking or savings account,Managing an account,0.8826142532051978,0.30098527609564996,0
8810852,2024-04-20,train,Credit card,Problem with a purchase shown on your statement,Credit card,Problem with a purchase shown on your statement,0.8240919574015166,0.68674069708463,5
8812111,2024-04-20,train,Credit card,"Other features, terms, or problems",Credit card,"Other features, terms, or problems",0.9219207473662245,0.36541992324123257,1
8812664,2024-04-20,train,"Money transfer, virtual currency, or money service",Fraud or scam,"Money transfer, virtual currency, or money service",Fraud or scam,0.7622913091942416,0.4716989052143524,5
8816975,2024-04-20,train,Credit card,Problem with a company's investigation into an existing problem,Credit card,Other issue,0.9104789766325866,0.8551119676442798,3
8817922,2024-04-20,train,Credit card,"Other features, terms, or problems",Credit card,Other issue,0.900190274335969,0.29937652067419823,4
8817962,2024-04-20,train,Credit card,Incorrect information on your report,Credit card,Other issue,0.8739761626439947,0.5904457055709877,4
8818769,2024-04-20,train,Checking or savings account,Managing an account,Checking or savings account,Managing an account,0.7638897184380423,0.5871190897991132,0
8818814,2024-04-20,train,Credit card,Trouble using your card,Credit card,Other issue,0.9157679820294564,0.5357643817060228,1
8819556,2024-04-20,train,Credit card,Getting a credit card,Credit card,Getting a credit card,0.993487159307678,0.6244261789398884,1
8820044,2024-04-20,train,Credit card,Problem with a purchase shown on your statement,Credit card,Problem with a purchase shown on your statement,0.852653497133818,0.7304740198822859,5
8820498,2024-04-20,train,Credit card,Getting a credit card,Credit card,Getting a credit card,0.8137290966741925,0.4258643286592563,1
8817254,2024-04-21,train,Credit card,Trouble using your card,Credit card,Other issue,0.6860331611956857,0.4232898733894636,2
8822116,2024-04-21,train,Credit card,Problem with a purchase shown on your statement,Credit card,Problem with a purchase shown on your statement,0.7834731358308825,0.45821266085267376,5
8822395,2024-04-21,train,Checking or savings account,Managing an account,Checking or savings account,Managing an account,0.8825452900576064,0.6956481225683883,6
8822575,2024-04-21,train,Credit card,Getting a credit card,Credit card,Getting a credit card,0.889627859586155,0.414922676496492,4
8822647,2024-04-21,train,Checking or savings account,Problem caused by your funds being low,Checking or savings account,Other issue,0.9266940796943438,0.5751225357852133,7
8823228,2024-04-21,train,Checking or savings account,Managing an account,Checking or savings account,Managing an account,0.7900120380634659,0.4263823195820997,0
8823622,2024-04-21,train,Checking or savings account,Managing an account,Checking or savings account,Managing an account,0.8123673139842112,0.6640336316226815,6
8824470,2024-04-21,train,Credit card,Closing your account,Credit card,Closing your account,0.9716753598893503,0.3446294548762591,1
8821220,2024-04-22,train,Checking or savings account,Problem with a lender or other company charging your account,Checking or savings account,Problem with a lender or other company charging your account,0.8106899980176747,0.2712761053155742,6
8826724,2024-04-22,train,Credit card,Fees or interest,Credit card,Fees or interest,0.8693366750795247,0.46593176947968146,3
8827244,2024-04-22,train,Credit card,Problem with a purchase shown on your statement,Credit card,Problem with a purchase shown on your statement,0.7689230392831728,0.3837843015936531,5
8827289,2024-04-22,train,Checking or savings account,Managing an account,Checking or savings account,Managing an account,0.843893687528162,0.5325313470108898,5
8827457,2024-04-22,train,Credit card,Struggling to pay your bill,Credit card,Other issue,0.9217814567300079,0.6847639283279608,3
8828129,2024-04-22,train,Checking or savings account,Problem with a lender or other company charging your account,Checking or savings account,Problem with a lender or other company charging your account,0.7164831812384441,0.2850459120249973,5
8829049,2024-04-22,train,Checking or savings account,Closing an account,Checking or savings account,Closing an account,0.8410553029690284,0.47978465736038445,0
8830176,2024-04-22,train,Checking or savings account,Closing an account,Checking or savings account,Closing an account,0.9149720866540402,0.5898408237257217,0
8830881,2024-04-22,train,Checking or savings account,Problem with a lender or other company charging your account,Checking or savings account,Problem with a lender or other company charging your account,0.6715020366274892,0.3032406989078272,0
8831086,2024-04-22,train,Checking or savings account,Closing an account,Checking or savings account,Closing an account,0.8254744424548831,0.46249552264573873,0
8831921,2024-04-22,train,Checking or savings account,Managing an account,Checking or savings account,Managing an account,0.7156636457879995,0.5114826524550826,0
8834615,2024-04-22,train,Credit card,Problem with a purchase shown on your statement,Credit card,Problem with a purchase shown on your statement,0.9038262521399737,0.6116212846002387,1
8835449,2024-04-22,train,Checking or savings account,Problem with a lender or other company charging your account,Checking or savings account,Problem with a lender or other company charging your account,0.8918635041565351,0.3685060756694235,6
8835607,2024-04-22,train,Credit card,Struggling to pay your bill,Credit card,Other issue,0.8966250475917035,0.5420576363335692,3
8826396,2024-04-23,train,Credit card,Getting a credit card,Credit card,Getting a credit card,0.73745257880413,0.43994549974944785,6
8826566,2024-04-23,train,Checking or savings account,Problem caused by your funds being low,Checking or savings account,Other issue,0.7421687176203758,0.5145157148248105,0
8831566,2024-04-23,train,Credit card,"Other features, terms, or problems",Credit card,"Other features, terms, or problems",0.8686410290146258,0.2473751134978999,2
8837850,2024-04-23,train,Checking or savings account,Closing an account,Checking or savings account,Closing an account,0.8240195887768469,0.318284285338309,4
8839602,2024-04-23,train,"Money transfer, virtual currency, or money service",Other service problem,"Money transfer, virtual currency, or money service",Other issue,0.6029170222552781,0.44851283859477753,0
8840065,2024-04-23,train,Checking or savings account,Opening an account,Checking or savings account,Opening an account,0.6834908651620722,0.2828268870343681,6
8840137,2024-04-23,train,Checking or savings account,Problem with a lender or other company charging your account,Checking or savings account,Problem with a purchase shown on your statement,0.5679735906192735,0.4898199497484069,5
8840159,2024-04-23,train,Checking or savings account,Managing an account,Checking or savings account,Managing an account,0.8762053487270135,0.672049426210024,0
8841768,2024-04-23,train,Checking or savings account,Closing an account,Checking or savings account,Closing an account,0.9193867504328036,0.5528889460457915,0
8841784,2024-04-23,train,Checking or savings account,Managing an account,Checking or savings account,Managing an account,0.5148033321133126,0.3240326274891546,1
8835690,2024-04-24,train,Credit card,Trouble using your card,Credit card,Other issue,0.6309386438342032,0.5292194021440196,1
8836549,2024-04-24,train,Credit card,Problem with a purchase shown on your statement,Credit card,Problem with a purchase shown on your statement,0.8837018343242522,0.723433542347934,5
8836925,2024-04-24,train,Credit card,Incorrect information on your report,Credit card,Other issue,0.8437808121730056,0.7314446149081719,3
8836966,2024-04-24,train,Credit card,Incorrect information on your report,Credit card,Other issue,0.8261909135932418,0.7078048302176279,4
8844904,2024-04-24,train,Credit card,Problem with a purchase shown on your statement,Credit card,Problem with a purchase shown on your statement,0.8814776837734335,0.6802654384968053,5
8845499,2024-04-24,train,Checking or savings account,Managing an account,Checking or savings account,Managing an account,0.8210959845589473,0.5586664654527994,0
8846148,2024-04-24,train,Credit card,"Advertising and marketing, including promotional offers",Credit card,Other issue,0.8855811982645074,0.4864479504747449,3
8846427,2024-04-24,train,Credit card,Closing your account,Credit card,Problem with a purchase shown on your statement,0.9034379616646955,0.3094462926716466,5
8846570,2024-04-24,train,Checking or savings account,Managing an account,Checking or savings account,Managing an account,0.9772075506178144,0.818942528814901,2
8848169,2024-04-24,train,Checking or savings account,Closing an account,Checking or savings account,Closing an account,0.8699344243551839,0.6621657177584812,2
8849576,2024-04-24,train,Credit card,Problem when making payments,Credit card,Other issue,0.729778169693014,0.7095357900841093,3
8849593,2024-04-24,train,Credit card,Trouble using your card,Credit card,Other issue,0.9709854408821612,0.5755165862605651,1
8852300,2024-04-24,train,Checking or savings account,Managing an account,Checking or savings account,Managing an account,0.8758486282030132,0.6910991186261162,6
8852456,2024-04-24,train,Checking or savings account,Managing an account,Checking or savings account,Managing an account,0.7485169865228974,0.45789196295038176,0
8852978,2024-04-24,train,Credit card,Fees or interest,Credit card,Fees or interest,0.9143804089145878,0.506855320266519,1
8848351,2024-04-25,train,"Money transfer, virtual currency, or money service",Trouble accessing funds in your mobile or digital wallet,"Money transfer, virtual currency, or money service",Other issue,0.775176866873706,0.6260046707744468,0
8849216,2024-04-25,train,Credit card,Problem with a purchase shown on your statement,Credit card,Problem with a purchase shown on your statement,0.9380057930270065,0.6451719880944428,1
8854207,2024-04-25,train,Credit card,Problem when making payments,Credit card,Other issue,0.7275867106037895,0.4914881556050342,3
8854681,2024-04-25,train,Credit card,Incorrect information on your report,Credit card,Other issue,0.889351832317553,0.38896623173134937,7
8854729,2024-04-25,train,Checking or savings account,Problem caused by your funds being low,Checking or savings account,Other issue,0.9191671541687013,0.6014869954309432,7
8856114,2024-04-25,train,"Money transfer, virtual currency, or money service","Managing, opening, or closing your mobile wallet account","Money transfer, virtual currency, or money service",Other issue,0.6920719685233879,0.6942102049549778,5
8856399,2024-04-25,train,Checking or savings account,Managing an account,Checking or savings account,Managing an account,0.7680021472731313,0.5639815289357567,3
8857532,2024-04-25,train,Checking or savings account,Closing an account,Checking or savings account,Closing an account,0.85564651547105,0.3872995628947488,0
8858911,2024-04-25,train,Credit card,Problem with a purchase shown on your statement,Credit card,Problem with a purchase shown on your statement,0.7194885547339721,0.4930533258827983,5
8859019,2024-04-25,train,Checking or savings account,Managing an account,Checking or savings account,Managing an account,0.8511124757308466,0.6569312013588923,0
8859034,2024-04-25,train,Checking or savings account,Opening an account,Checking or savings account,Opening an account,0.9204085351894618,0.3701772472396495,0
8860455,2024-04-25,train,Credit card,Incorrect information on your report,Credit card,Other issue,0.9758467041854976,0.8297714743842629,4
8862975,2024-04-25,train,Credit card,Fees or interest,Credit card,Fees or interest,0.7762626979045943,0.3847141832727513,3
8863040,2024-04-25,train,Credit card,Getting a credit card,Credit card,Getting a credit card,0.8943341552374305,0.7004670834998843,4
8866990,2024-04-25,train,Credit card,Fees or interest,Credit card,Fees or interest,0.9511935746760171,0.6057517682342916,3
8861165,2024-04-26,train,Credit card,Closing your account,Credit card,Closing your account,0.7630849716857029,0.3809138880933613,1
8861660,2024-04-26,train,Credit card,Problem with a purchase shown on your statement,Credit card,Problem with a purchase shown on your statement,0.7340141328715047,0.527716254399434,2
8861919,2024-04-26,train,Credit card,Fees or interest,Credit card,Fees or interest,0.9448900465093014,0.47823578523647003,3
8862504,2024-04-26,train,Credit card,"Other features, terms, or problems",Credit card,"Other features, terms, or problems",0.8846524067118212,0.3596463053323559,4
8863298,2024-04-26,train,Checking or savings account,Managing an account,Checking or savings account,Managing an account,0.8109465509287447,0.5653102733065662,0
8863992,2024-04-26,train,Checking or savings account,Managing an account,Checking or savings account,Managing an account,0.937639248453083,0.707132073523962,0
8865525,2024-04-26,train,Credit card,Problem when making payments,Credit card,Other issue,0.7526918992512132,0.5825205682582353,3
8867436,2024-04-26,train,Checking or savings account,Closing an account,Checking or savings account,Closing an account,0.8527902162090119,0.45418691774990505,0
8867693,2024-04-26,train,Credit card,Problem with a purchase shown on your statement,Credit card,Problem with a purchase shown on your statement,0.9700540493215088,0.48842275167540966,1
8867817,2024-04-26,train,Credit card,Problem with a purchase shown on your statement,Credit card,Problem with a purchase shown on your statement,0.6952913411220607,0.6225232856106359,5
8867818,2024-04-26,train,Credit card,Problem with a purchase shown on your statement,Credit card,Problem with a purchase shown on your statement,0.8637037621610023,0.4046702418374466,1
8867928,2024-04-26,train,Checking or savings account,Managing an account,Checking or savings account,Other issue,0.7262597019477913,0.3271778330624111,5
8868735,2024-04-26,train,Checking or savings account,Opening an account,Checking or savings account,Opening an account,0.7713557248264049,0.4457542287372023,6
8868739,2024-04-26,train,Checking or savings account,Problem caused by your funds being low,Checking or savings account,Other issue,0.881969082164315,0.5600627864551226,0
8869151,2024-04-26,train,Credit card,Problem with a purchase shown on your statement,Credit card,Problem with a purchase shown on your statement,0.8975062379542031,0.5761530042941565,2
8869351,2024-04-26,train,Checking or savings account,Closing an account,Checking or savings account,Closing an account,0.8285556750750853,0.4574920850309957,0
8869436,2024-04-26,train,Checking or savings account,Opening an account,Checking or savings account,Opening an account,0.8763416118957297,0.5015541214694632,6
8869478,2024-04-26,train,Checking or savings account,Managing an account,Checking or savings account,Managing an account,0.7508540965834565,0.530966874607233,5
8869669,2024-04-26,train,Checking or savings account,Problem with a lender or other company charging your account,Checking or savings account,Problem with a lender or other company charging your account,0.8328983398435449,0.30397463841704486,7
8867364,2024-04-27,train,Checking or savings account,Problem caused by your funds being low,Checking or savings account,Other issue,0.7265313330074431,0.3271004590867881,5
8867493,2024-04-27,train,Credit card,Problem with a company's investigation into an existing problem,Credit card,Other issue,0.9569296706447822,0.9111416993995758,3
8867494,2024-04-27,train,Credit card,Problem with a company's investigation into an existing problem,Credit card,Other issue,0.9590915110653816,0.9131036918073844,3
8871138,2024-04-27,train,Credit card,Problem with a purchase shown on your statement,Credit card,Problem with a purchase shown on your statement,0.759248343676154,0.5195884898367685,5
8873045,2024-04-28,train,Checking or savings account,Managing an account,Checking or savings account,Managing an account,0.9407431109062604,0.7595630557450974,0
8876201,2024-04-28,train,Credit card,Fees or interest,Credit card,Fees or interest,0.9898820168553053,0.6620138559218346,3
8876209,2024-04-28,train,Checking or savings account,Managing an account,Checking or savings account,Managing an account,0.5931549063564578,0.469044238334852,2
8878973,2024-04-28,train,Credit card,Problem with a company's investigation into an existing problem,Credit card,Other issue,0.9511872534276663,0.8866191086855608,3
8879409,2024-04-28,train,"Money transfer, virtual currency, or money service",Other service problem,"Money transfer, virtual currency, or money service",Other issue,0.632495354142361,0.6236024184634881,3
8879899,2024-04-28,train,Checking or savings account,Managing an account,Checking or savings account,Managing an account,0.8606968165790555,0.7682765199076247,2
8879902,2024-04-28,train,Credit card,Problem with a company's investigation into an existing problem,Credit card,Other issue,0.9423780421815802,0.891767745948581,3
8879903,2024-04-28,train,Credit card,Problem with a company's investigation into an existing problem,Credit card,Other issue,0.9327152175976968,0.8952834028265316,3
8877495,2024-04-29,train,Credit card,Incorrect information on your report,Credit card,Other issue,0.8421246153326293,0.6525835413354748,3
8877957,2024-04-29,train,Credit card,"Advertising and marketing, including promotional offers",Credit card,Other issue,0.8105886516954157,0.38284792911652343,5
8881167,2024-04-29,train,Credit card,Problem with a purchase shown on your statement,Credit card,Problem with a purchase shown on your statement,0.960957377969888,0.5780529856872219,1
8881421,2024-04-29,train,Credit card,Problem with a purchase shown on your statement,Credit card,Problem with a purchase shown on your statement,0.82295799713611,0.53166499200059,7
8882077,2024-04-29,train,Credit card,Getting a credit card,Credit card,Getting a credit card,0.9025196512733511,0.35016845334113944,1
8882119,2024-04-29,train,"Money transfer, virtual currency, or money service",Fraud or scam,"Money transfer, virtual currency, or money service",Fraud or scam,0.6208970273305,0.38644575500601436,5
8883267,2024-04-29,train,"Money transfer, virtual currency, or money service",Other transaction problem,Checking or savings account,Other issue,0.4054826823545112,0.38748987816098274,0
8884520,2024-04-29,train,Credit card,Getting a credit card,Credit card,Getting a credit card,0.9956451368327175,0.7646545532566089,1
8884713,2024-04-29,train,Credit card,Problem with a purchase shown on your statement,Credit card,Problem with a purchase shown on your statement,0.8711102774724778,0.591443547187523,1
8884874,2024-04-29,train,Credit card,"Other features, terms, or problems",Credit card,"Other features, terms, or problems",0.9056470801429081,0.31266928456086723,4
8885277,2024-04-29,train,Credit card,"Other features, terms, or problems",Credit card,"Other features, terms, or problems",0.6869058498693101,0.3684131801666131,2
8885984,2024-04-29,train,Checking or savings account,Managing an account,Checking or savings account,Managing an account,0.6570934634510349,0.4524091515993077,3
8886005,2024-04-29,train,Checking or savings account,Problem caused by your funds being low,Checking or savings account,Other issue,0.6533257765295689,0.48788254760977606,5
8886885,2024-04-29,train,Checking or savings account,Managing an account,Checking or savings account,Managing an account,0.793090434946332,0.5190287239320698,2
8883633,2024-04-30,train,Checking or savings account,Managing an account,Checking or savings account,Managing an account,0.7908517022379893,0.484817853479594,2
8889893,2024-04-30,train,Credit card,Problem with a purchase shown on your statement,Credit card,Problem with a purchase shown on your statement,0.7419066956862511,0.3352773053768393,1
8889949,2024-04-30,train,Checking or savings account,Managing an account,Checking or savings account,Managing an account,0.7500714422646851,0.46184040426638334,2
8890179,2024-04-30,train,Credit card,Problem with a purchase shown on your statement,Credit card,Problem with a purchase shown on your statement,0.7491972294681061,0.544847265351152,5
8890258,2024-04-30,train,Credit card,Problem with a purchase shown on your statement,Credit card,Problem with a purchase shown on your statement,0.9509206389840361,0.8661193380840545,5
8890283,2024-04-30,train,Checking or savings account,Problem with a lender or other company charging your account,Checking or savings account,Problem with a lender or other company charging your account,0.6515939535298948,0.20864317930176576,4
8890535,2024-04-30,train,Checking or savings account,Managing an account,Checking or savings account,Managing an account,0.8859634327804424,0.7639197663606229,0
8894070,2024-04-30,train,Credit card,Incorrect information on your report,Credit card,Other issue,0.851693044096302,0.6977075446331442,4
8894175,2024-04-30,train,Credit card,Incorrect information on your report,Credit card,Other issue,0.8604842340160753,0.7128905609932673,3
8894264,2024-04-30,train,Credit card,Trouble using your card,Credit card,Other issue,0.6664244726789956,0.33952754587661726,1
8895823,2024-04-30,train,Credit card,Fees or interest,Credit card,Fees or interest,0.9684314090011935,0.7152077932870771,3
8896004,2024-04-30,train,Checking or savings account,Closing an account,Checking or savings account,Closing an account,0.8973150826260479,0.6682305928412491,2
8897691,2024-04-30,train,Credit card,Problem when making payments,Credit card,Other issue,0.9271918457856279,0.6712892086739073,3
8897897,2024-04-30,train,Checking or savings account,Problem with a lender or other company charging your account,Checking or savings account,Problem with a lender or other company charging your account,0.8676497969493481,0.37053177240679436,0
8898403,2024-04-30,train,Credit card,"Other features, terms, or problems",Credit card,"Other features, terms, or problems",0.9104802632018693,0.47466156598083814,1
8893286,2024-05-01,train,Credit card,"Advertising and marketing, including promotional offers",Credit card,Other issue,0.8090570307396645,0.5415193989441653,2
8893579,2024-05-01,train,Credit card,Problem with a company's investigation into an existing problem,Credit card,Other issue,0.939903867153309,0.8989071007087563,3
8899082,2024-05-01,train,Credit card,"Advertising and marketing, including promotional offers",Credit card,Other issue,0.9187883833214964,0.5471891579041999,1
8902688,2024-05-01,train,Checking or savings account,Managing an account,Checking or savings account,Managing an account,0.7545078213739173,0.5066701159042267,5
8902754,2024-05-01,train,Credit card,"Other features, terms, or problems",Credit card,"Other features, terms, or problems",0.8181880046056487,0.3316700197609254,3
8902825,2024-05-01,train,"Money transfer, virtual currency, or money service",Other transaction problem,"Money transfer, virtual currency, or money service",Other issue,0.5766228260288492,0.41715804329987666,5
8903395,2024-05-01,train,Credit card,Getting a credit card,Credit card,Getting a credit card,0.9620849141405609,0.6490478481052284,4
8903410,2024-05-01,train,Credit card,Getting a credit card,Credit card,Getting a credit card,0.8811128683841876,0.5927364767980071,4
8903433,2024-05-01,train,Credit card,Problem with a purchase shown on your statement,Credit card,Problem with a purchase shown on your statement,0.9360396301610268,0.6894251483853154,1
8903443,2024-05-01,train,Credit card,"Advertising and marketing, including promotional offers",Credit card,Other issue,0.9431702520143602,0.480661623652075,1
8903488,2024-05-01,train,Credit card,Problem when making payments,Credit card,Other issue,0.8285244808143379,0.5007447273904392,1
8903790,2024-05-01,train,Credit card,"Other features, terms, or problems",Credit card,"Other features, terms, or problems",0.8952468954348807,0.3519315713315281,3
8903801,2024-05-01,train,Checking or savings account,Managing an account,Checking or savings account,Managing an account,0.8251654969031635,0.6674645558221256,5
8903820,2024-05-01,train,Checking or savings account,Managing an account,Checking or savings account,Managing an account,0.9174123774283212,0.6500656016547588,0
8903900,2024-05-01,train,Credit card,Problem with a purchase shown on your statement,Credit card,Problem with a purchase shown on your statement,0.872329929394445,0.6585897614029246,5
8903967,2024-05-01,train,Checking or savings account,Managing an account,Checking or savings account,Managing an account,0.6815070413233982,0.4583250896661623,6
8904087,2024-05-01,train,"Money transfer, virtual currency, or money service",Fraud or scam,"Money transfer, virtual currency, or money service",Fraud or scam,0.5748500825593305,0.3269446463267554,6
8904450,2024-05-01,train,Credit card,Incorrect information on your report,Credit card,Other issue,0.7630522690945386,0.48291498808883826,6
8904640,2024-05-01,train,Credit card,Problem with a purchase shown on your statement,Credit card,Problem with a purchase shown on your statement,0.7080684054691943,0.47731291106706175,5
8904728,2024-05-01,train,Credit card,Problem with a purchase shown on your statement,Credit card,Problem with a purchase shown on your statement,0.7769820188710461,0.4400827722216602,1
8905109,2024-05-01,train,Checking or savings account,Closing an account,Checking or savings account,Closing an account,0.8870519507256088,0.5445685347609436,2
8905811,2024-05-01,train,Credit card,Incorrect information on your report,Credit card,Other issue,0.8377815904374363,0.5652807370502012,4
8905812,2024-05-01,train,Credit card,Incorrect information on your report,Credit card,Other issue,0.877922702639349,0.5509790949697704,4
8905813,2024-05-01,train,Credit card,Incorrect information on your report,Credit card,Other issue,0.8339755334064983,0.5647700723248836,4
8905814,2024-05-01,train,Credit card,Incorrect information on your report,Credit card,Other issue,0.8779373424772989,0.6106269727421519,4
8901598,2024-05-02,train,"Money transfer, virtual currency, or money service",Other transaction problem,"Money transfer, virtual currency, or money service",Other issue,0.5427452007913871,0.6442073593997476,0
8901841,2024-05-02,train,Checking or savings account,Managing an account,Checking or savings account,Managing an account,0.7815145305963535,0.5583586725726771,5
8902008,2024-05-02,train,Credit card,Problem with a purchase shown on your statement,Credit card,Problem with a purchase shown on your statement,0.9013636362934124,0.6996682658677744,5
8902476,2024-05-02,train,Credit card,"Other features, terms, or problems",Credit card,"Other features, terms, or problems",0.8104191746988517,0.2308640416655712,7
8902610,2024-05-02,train,Credit card,Problem when making payments,Credit card,Other issue,0.9901307173470288,0.6195888187481012,1
8907435,2024-05-02,train,Checking or savings account,Managing an account,Checking or savings account,Managing an account,0.7643157489117117,0.6007906725135458,2
8907500,2024-05-02,train,Credit card,"Other features, terms, or problems",Credit card,"Other features, terms, or problems",0.6339793325390695,0.31708337523018254,0
8907526,2024-05-02,train,Checking or savings account,Closing an account,Checking or savings account,Closing an account,0.8038197751093807,0.5031425578154253,6
8907547,2024-05-02,train,Credit card,Problem with a purchase shown on your statement,Credit card,Problem with a purchase shown on your statement,0.8747450720983687,0.7541776219504316,5
8908816,2024-05-02,train,Checking or savings account,Managing an account,Checking or savings account,Managing an account,0.8576719161581017,0.5992124161898555,0
8908976,2024-05-02,train,Credit card,Problem with a purchase shown on your statement,Credit card,Problem with a purchase shown on your statement,0.7986961780351187,0.3261119037085342,1
8910629,2024-05-02,train,Credit card,Closing your account,Credit card,Closing your account,0.8927383478027203,0.2862689747957279,1
8913858,2024-05-02,train,Credit card,Problem with a purchase shown on your statement,Credit card,Problem with a purchase shown on your statement,0.8470759662559888,0.5744146860675013,5
8914310,2024-05-02,train,Credit card,Incorrect information on your report,Credit card,Other issue,0.9778742775620011,0.829276291712196,4
8914649,2024-05-02,train,Checking or savings account,Managing an account,Checking or savings account,Managing an account,0.8665428139926912,0.6225963050337429,0
8915408,2024-05-02,train,Checking or savings account,Closing an account,Checking or savings account,Closing an account,0.8772207782415993,0.454379432224675,0
8915669,2024-05-02,train,Credit card,Trouble using your card,Credit card,Other issue,0.911799933620623,0.460313551651447,3
8916685,2024-05-02,train,Credit card,Problem with a purchase shown on your statement,Credit card,Problem with a purchase shown on your statement,0.9003903583581151,0.6437519731648644,5
8910624,2024-05-03,train,Checking or savings account,Problem with a lender or other company charging your account,Checking or savings account,Problem with a lender or other company charging your account,0.8395612424738882,0.31259621673679694,6
8913407,2024-05-03,train,Checking or savings account,Closing an account,Checking or savings account,Closing an account,0.9084692372779951,0.5797887319964,0
8914139,2024-05-03,train,Checking or savings account,Managing an account,Checking or savings account,Managing an account,0.8473416617343443,0.6041059809771945,0
8920876,2024-05-03,train,Credit card,"Advertising and marketing, including promotional offers",Credit card,Other issue,0.9282295772945259,0.5135960575140126,1
8921031,2024-05-03,train,Credit card,Problem with a purchase shown on your statement,Credit card,Problem with a purchase shown on your statement,0.8754600953572395,0.7120246343354854,5
8925599,2024-05-03,train,Checking or savings account,Problem caused by your funds being low,Checking or savings account,Other issue,0.7337247195171313,0.5940048726389308,3
8926170,2024-05-03,train,Checking or savings account,Closing an account,Checking or savings account,Closing an account,0.8723168399926002,0.41319158175539855,0
8926417,2024-05-03,train,Checking or savings account,Managing an account,Checking or savings account,Managing an account,0.9696040553407141,0.8468677561974087,0
8927619,2024-05-03,train,Credit card,Getting a credit card,Credit card,Getting a credit card,0.8288993988813534,0.40492865031285175,4
8919837,2024-05-04,train,Credit card,Problem with a purchase shown on your statement,Credit card,Problem with a purchase shown on your statement,0.6819882064417745,0.5189720802291273,5
8919970,2024-05-04,train,Checking or savings account,Managing an account,Checking or savings account,Managing an account,0.8848999081559101,0.7889617706052294,5
8924132,2024-05-04,train,Credit card,"Other features, terms, or problems",Credit card,"Other features, terms, or problems",0.7021787832560795,0.29576173234928516,5
8924338,2024-05-04,train,Checking or savings account,Problem with a lender or other company charging your account,Checking or savings account,Problem with a lender or other company charging your account,0.8887386851935271,0.3217600147654691,6
8924361,2024-05-04,train,Checking or savings account,Problem with a lender or other company charging your account,Checking or savings account,Problem with a lender or other company charging your account,0.7516311976849392,0.2931510423935657,5
8926506,2024-05-04,train,Credit card,Problem with a purchase shown on your statement,Credit card,Problem with a purchase shown on your statement,0.8361691004330697,0.5901234048580439,5
8929453,2024-05-04,train,Checking or savings account,Managing an account,Checking or savings account,Managing an account,0.8828825437228549,0.6615996289612521,0
8929831,2024-05-04,train,"Money transfer, virtual currency, or money service",Money was not available when promised,"Money transfer, virtual currency, or money service",Other issue,0.5677113682407049,0.43213658282321343,7
8928039,2024-05-05,train,Credit card,Getting a credit card,Credit card,Managing an account,0.8182122377238733,0.19506769923994008,1
8931058,2024-05-05,train,Checking or savings account,Managing an account,Checking or savings account,Managing an account,0.6375621878524377,0.43957615609515965,3
8931333,2024-05-05,train,Credit card,Problem when making payments,Credit card,Other issue,0.9600277663622467,0.5772059793070494,3
8931994,2024-05-05,train,Checking or savings account,Closing an account,Checking or savings account,Closing an account,0.8829604727173204,0.3720943264823995,6
8932171,2024-05-05,train,Credit card,"Other features, terms, or problems",Credit card,"Other features, terms, or problems",0.8895567427246311,0.4226998980825349,1
8933336,2024-05-05,train,"Money transfer, virtual currency, or money service",Fraud or scam,"Money transfer, virtual currency, or money service",Fraud or scam,0.4909399683499309,0.2567793331043238,0
8933387,2024-05-05,train,Credit card,Incorrect information on your report,Credit card,Other issue,0.9092566970256802,0.35369338214226353,1
8934010,2024-05-05,train,Credit card,"Advertising and marketing, including promotional offers",Credit card,Other issue,0.7928574827141017,0.6091490560143812,2
8934723,2024-05-05,train,Credit card,Problem when making payments,Credit card,Other issue,0.8751553301520243,0.47039581372824163,1
8934944,2024-05-05,train,Checking or savings account,Managing an account,Checking or savings account,Managing an account,0.7827991912885108,0.5839786171249993,6
8932873,2024-05-06,train,Credit card,Problem with a purchase shown on your statement,Credit card,Problem with a purchase shown on your statement,0.916290234575225,0.7585891200736239,5
8936442,2024-05-06,train,Credit card,Getting a credit card,Credit card,Getting a credit card,0.8957134282316391,0.6412464234041564,4
8941058,2024-05-06,train,"Money transfer, virtual currency, or money service",Unauthorized transactions or other transaction problem,"Money transfer, virtual currency, or money service",Other issue,0.5725608344814698,0.5144473128224548,5
8941381,2024-05-06,train,Checking or savings account,Problem with a lender or other company charging your account,Checking or savings account,Problem with a lender or other company charging your account,0.7194868789767701,0.26633886187993655,2
8941607,2024-05-06,train,Checking or savings account,Closing an account,Checking or savings account,Closing an account,0.807468661092127,0.4794647153864628,0
8941652,2024-05-06,train,Checking or savings account,Managing an account,Checking or savings account,Managing an account,0.9539084666471807,0.8414393901791611,2
8941705,2024-05-06,train,Checking or savings account,Problem with a lender or other company charging your account,Checking or savings account,Managing an account,0.8279219118945436,0.37298323242610915,5
8941909,2024-05-06,train,Credit card,"Other features, terms, or problems",Credit card,"Other features, terms, or problems",0.5780642604148446,0.27996876304179863,0
8941976,2024-05-06,train,Checking or savings account,Problem with a lender or other company charging your account,Checking or savings account,Problem with a lender or other company charging your account,0.7398972176056345,0.3166347133817442,2
8942554,2024-05-06,train,Credit card,Trouble using your card,Credit card,Other issue,0.8384335605623725,0.5252693922834211,1
8942701,2024-05-06,train,Checking or savings account,Closing an account,Checking or savings account,Closing an account,0.9269865505457614,0.5856526864683265,0
8943275,2024-05-06,train,"Money transfer, virtual currency, or money service",Other transaction problem,"Money transfer, virtual currency, or money service",Other issue,0.4210522839924022,0.42816636801917607,5
8943565,2024-05-06,train,Checking or savings account,Problem with a lender or other company charging your account,Checking or savings account,Problem with a lender or other company charging your account,0.5982266054525375,0.3656385437662255,1
8943716,2024-05-06,train,Credit card,"Other features, terms, or problems",Credit card,"Other features, terms, or problems",0.8742850312933275,0.27654619800034436,1
8944041,2024-05-06,train,"Money transfer, virtual currency, or money service",Fraud or scam,"Money transfer, virtual currency, or money service",Fraud or scam,0.553786787226912,0.3274544024876119,5
8938060,2024-05-07,train,Checking or savings account,Managing an account,Checking or savings account,Managing an account,0.7772254212538828,0.578017385993168,6
8938752,2024-05-07,train,Checking or savings account,Problem caused by your funds being low,Checking or savings account,Other issue,0.8810002755446525,0.4354921352568895,0
8939684,2024-05-07,train,Credit card,Incorrect information on your report,Credit card,Other issue,0.8949981515613795,0.6905695134213333,3
8939925,2024-05-07,train,Checking or savings account,Opening an account,Checking or savings account,Opening an account,0.7863089801462548,0.4310695271482075,4
8946067,2024-05-07,train,Checking or savings account,Managing an account,Checking or savings account,Managing an account,0.9569220649937943,0.7761283225643346,2
8946094,2024-05-07,train,Checking or savings account,Managing an account,Checking or savings account,Managing an account,0.7147883178268035,0.6081755881043258,0
8946673,2024-05-07,train,Checking or savings account,Managing an account,Checking or savings account,Managing an account,0.804399375208448,0.4755904473291856,5
8947250,2024-05-07,train,Credit card,Fees or interest,Credit card,Fees or interest,0.8340015797606316,0.546693008659136,3
8951161,2024-05-07,train,Checking or savings account,Closing an account,Checking or savings account,Closing an account,0.7713589313627183,0.3944377675824695,0
8951772,2024-05-07,train,Credit card,Getting a credit card,Credit card,Getting a credit card,0.9564941321290656,0.548018338219543,1
8951902,2024-05-07,train,Checking or savings account,Managing an account,Checking or savings account,Managing an account,0.797544038297462,0.4948481314936079,5
8951925,2024-05-07,train,Checking or savings account,Closing an account,Checking or savings account,Closing an account,0.7745485171472263,0.4342166222606404,0
8952393,2024-05-07,train,Credit card,Incorrect information on your report,Credit card,Other issue,0.9413405526679343,0.9092593168198913,3
8952617,2024-05-07,train,Checking or savings account,Problem with a lender or other company charging your account,Checking or savings account,Problem with a lender or other company charging your account,0.714241538556406,0.33392727834694086,5
8952975,2024-05-07,train,Checking or savings account,Managing an account,Checking or savings account,Managing an account,0.8383408528150955,0.5959545752620553,0
8953029,2024-05-07,train,Credit card,"Other features, terms, or problems",Credit card,"Other features, terms, or problems",0.9723444365712102,0.39820943224089284,1
8953105,2024-05-07,train,Checking or savings account,Closing an account,Checking or savings account,Closing an account,0.9300382749094096,0.4358026991077737,0
8953141,2024-05-07,train,Checking or savings account,Closing an account,Checking or savings account,Closing an account,0.6154672197883833,0.37937901322367107,0
8953921,2024-05-07,train,Credit card,Problem with a purchase shown on your statement,Credit card,Problem with a purchase shown on your statement,0.9018319119867981,0.5857633301548664,5
8945764,2024-05-08,train,Credit card,Fees or interest,Credit card,Fees or interest,0.7863261823853517,0.42188211570479983,3
8949681,2024-05-08,train,Checking or savings account,Closing an account,Checking or savings account,Other issue,0.5258929120755969,0.2791879740449,4
8956538,2024-05-08,train,Credit card,Closing your account,Credit card,Closing your account,0.9044376984636049,0.26270004265507263,1
8957690,2024-05-08,train,Credit card,Problem with a purchase shown on your statement,Credit card,Problem with a purchase shown on your statement,0.9261878861935146,0.5447597538758557,1
8957829,2024-05-08,train,Credit card,Closing your account,Credit card,Closing your account,0.9842422012826495,0.4489576540474698,1
8958077,2024-05-08,train,Credit card,Closing your account,Credit card,Other issue,0.9205795108481647,0.20807252982047683,1
8958587,2024-05-08,train,Checking or savings account,Managing an account,Checking or savings account,Managing an account,0.8084279040442581,0.539952979307261,5
8958684,2024-05-08,train,Credit card,Problem with a purchase shown on your statement,Credit card,Problem with a purchase shown on your statement,0.6360957727374049,0.40249686681075303,6
8958994,2024-05-08,train,Checking or savings account,Managing an account,Checking or savings account,Managing an account,0.8078130527441308,0.4956204646253889,6
8959141,2024-05-08,train,Credit card,"Other features, terms, or problems",Credit card,"Other features, terms, or problems",0.9731603639956069,0.411434088515804,1
8959243,2024-05-08,train,Checking or savings account,Managing an account,Checking or savings account,Managing an account,0.8085522574020682,0.6072099033291632,0
8959249,2024-05-08,train,"Money transfer, virtual currency, or money service",Other transaction problem,"Money transfer, virtual currency, or money service",Other issue,0.6842121978507086,0.526583927959613,6
8959276,2024-05-08,train,Checking or savings account,Problem caused by your funds being low,Checking or savings account,Other issue,0.9041046647913082,0.5545155652448126,7
8959453,2024-05-08,train,Credit card,Problem when making payments,Credit card,Other issue,0.887138257958078,0.3980036866766167,3
8959574,2024-05-08,train,"Money transfer, virtual currency, or money service",Lost or stolen money order,"Money transfer, virtual currency, or money service",Managing an account,0.6469963410994134,0.35467719972673284,2
8959760,2024-05-08,train,Checking or savings account,Closing an account,Checking or savings account,Closing an account,0.8746631482159444,0.6097466537525307,0
8960439,2024-05-08,train,Checking or savings account,Managing an account,Checking or savings account,Managing an account,0.9698900447133696,0.8057391886753182,0
8961005,2024-05-08,train,Checking or savings account,Managing an account,Checking or savings account,Managing an account,0.8441322004050108,0.46229411949751464,0
8964831,2024-05-08,train,Checking or savings account,Managing an account,Checking or savings account,Managing an account,0.8368755643361971,0.6457488016956333,0
8964978,2024-05-08,train,Credit card,Incorrect information on your report,Credit card,Other issue,0.9873418626133882,0.5782970001357116,4
8965293,2024-05-08,train,Checking or savings account,Closing an account,Checking or savings account,Closing an account,0.9365354899330867,0.5169776283647898,0
8965382,2024-05-08,train,Checking or savings account,Closing an account,Checking or savings account,Managing an account,0.8430425585690456,0.34511484333574893,0
8965976,2024-05-08,train,"Money transfer, virtual currency, or money service",Unauthorized transactions or other transaction problem,"Money transfer, virtual currency, or money service",Other issue,0.46169137067217536,0.53630575684959,5
8955401,2024-05-09,train,Credit card,Getting a credit card,Credit card,Getting a credit card,0.9329257564374739,0.6002647355039187,4
8955425,2024-05-09,train,Credit card,Getting a credit card,Credit card,Getting a credit card,0.9658859620693703,0.5912606033207266,4
8955600,2024-05-09,train,Credit card,Fees or interest,Credit card,Fees or interest,0.9429239543886956,0.5799840779457573,3
8956488,2024-05-09,train,Checking or savings account,Managing an account,Checking or savings account,Managing an account,0.7389043077938621,0.4121461860761883,6
8962608,2024-05-09,train,"Money transfer, virtual currency, or money service",Fraud or scam,Checking or savings account,Managing an account,0.6373473390954655,0.4501656638744219,2
8963800,2024-05-09,train,Checking or savings account,Managing an account,Checking or savings account,Managing an account,0.872521007086017,0.6741531942447644,0
8967893,2024-05-09,train,Credit card,Incorrect information on your report,Credit card,Other issue,0.9701855872311227,0.7951406753293652,3
8968081,2024-05-09,train,Credit card,Incorrect information on your report,Credit card,Other issue,0.9735520831411516,0.8296903992500155,3
8968565,2024-05-09,train,Credit card,Incorrect information on your report,Credit card,Other issue,0.9824389666514747,0.7908650690634588,3
8968612,2024-05-09,train,Checking or savings account,Managing an account,Checking or savings account,Managing an account,0.6973741446311549,0.39029373992779476,4
8968675,2024-05-09,train,Credit card,"Other features, terms, or problems",Credit card,"Other features, terms, or problems",0.9454065743887103,0.33167260904265716,5
8969446,2024-05-09,train,Checking or savings account,Closing an account,Checking or savings account,Closing an account,0.7905981023306168,0.5069432557225685,0
8971301,2024-05-09,train,Credit card,"Other features, terms, or problems",Credit card,"Other features, terms, or problems",0.8584078919564114,0.27528025913105153,4
8972107,2024-05-09,train,Credit card,"Other features, terms, or problems",Credit card,"Other features, terms, or problems",0.9555867991869462,0.4052755688614914,3
8972392,2024-05-09,train,Checking or savings account,Managing an account,Checking or savings account,Managing an account,0.7781396289666537,0.5328426623624399,5
8972767,2024-05-09,train,Checking or savings account,Closing an account,Checking or savings account,Closing an account,0.9244113565141613,0.47001856013023974,0
8972961,2024-05-09,train,Credit card,Problem with a purchase shown on your statement,Credit card,Problem with a purchase shown on your statement,0.9518049047334008,0.7823403638585745,5
8974149,2024-05-09,train,"Money transfer, virtual currency, or money service",Fraud or scam,"Money transfer, virtual currency, or money service",Fraud or scam,0.6225379331914189,0.3932625067912168,0
8974523,2024-05-09,train,Credit card,Incorrect information on your report,Credit card,Other issue,0.9183421316794312,0.49749503937980843,4
8974830,2024-05-09,train,Checking or savings account,Closing an account,Checking or savings account,Closing an account,0.8825484290117384,0.6416939213053939,0
8970147,2024-05-10,train,Credit card,Incorrect information on your report,Credit card,Other issue,0.8948097624703967,0.659207691053526,4
8970162,2024-05-10,train,Credit card,"Advertising and marketing, including promotional offers",Credit card,Other issue,0.8088720286622706,0.5419404152444051,0
8970653,2024-05-10,train,Checking or savings account,Closing an account,Checking or savings account,Closing an account,0.8903315282046171,0.5468838764870921,2
8975619,2024-05-10,train,Credit card,Problem with a purchase shown on your statement,Credit card,Problem with a purchase shown on your statement,0.9574386076551793,0.6692238243419871,5
8977201,2024-05-10,train,Checking or savings account,Problem with a lender or other company charging your account,Checking or savings account,Problem with a lender or other company charging your account,0.8704731930468089,0.47484340971233446,5
8979170,2024-05-10,train,Checking or savings account,Managing an account,Checking or savings account,Managing an account,0.7791337405053872,0.5568237600658053,5
8979172,2024-05-10,train,Credit card,Closing your account,Credit card,Closing your account,0.8801722133150089,0.2894952520711015,4
8979616,2024-05-10,train,Credit card,Trouble using your card,Credit card,Other issue,0.7192317573471524,0.444941265056283,0
8980549,2024-05-10,train,Credit card,"Advertising and marketing, including promotional offers",Credit card,Other issue,0.9551639381990225,0.5702781300800956,1
8980594,2024-05-10,train,Credit card,Getting a credit card,Credit card,Getting a credit card,0.8629921181838692,0.44508885899503065,1
8981491,2024-05-10,train,Credit card,"Advertising and marketing, including promotional offers",Credit card,Other issue,0.8598153935924653,0.5249959490246325,2
8981638,2024-05-10,train,Credit card,"Other features, terms, or problems",Credit card,"Other features, terms, or problems",0.9403626412983385,0.3784957866936955,4
8981713,2024-05-10,train,Checking or savings account,Problem with a lender or other company charging your account,Checking or savings account,Problem with a lender or other company charging your account,0.6963743160757817,0.46183286603723706,2
8981919,2024-05-10,train,Checking or savings account,Managing an account,Checking or savings account,Managing an account,0.8089694017080538,0.6124459346801707,6
8982245,2024-05-10,train,Checking or savings account,Managing an account,Checking or savings account,Managing an account,0.7919901899108962,0.6742358582406556,5
8982582,2024-05-10,train,Credit card,Fees or interest,Credit card,Fees or interest,0.9131551697757148,0.4801143154751765,3
8983968,2024-05-10,train,Credit card,"Other features, terms, or problems",Credit card,"Other features, terms, or problems",0.9274287530446437,0.3586398363620392,1
8984188,2024-05-11,train,Credit card,Getting a credit card,Credit card,Getting a credit card,0.9691546671807924,0.6252292109880684,1
8984386,2024-05-11,train,Credit card,"Other features, terms, or problems",Credit card,"Other features, terms, or problems",0.9233840356612806,0.415871147608778,1
8984565,2024-05-11,train,Checking or savings account,Managing an account,Checking or savings account,Managing an account,0.690455670189867,0.4083435703012719,2
8984934,2024-05-11,train,"Money transfer, virtual currency, or money service",Fraud or scam,"Money transfer, virtual currency, or money service",Fraud or scam,0.6763061569054206,0.3928329255304768,2
8986697,2024-05-11,train,Checking or savings account,Managing an account,Checking or savings account,Managing an account,0.8727286507643023,0.7951495068733925,0
8986724,2024-05-11,train,Checking or savings account,Problem with a lender or other company charging your account,Checking or savings account,Problem with a lender or other company charging your account,0.8171902027015351,0.33744587340267457,0
8987019,2024-05-11,train,Checking or savings account,Managing an account,Checking or savings account,Managing an account,0.8100729214052278,0.47944912477665463,2
8985117,2024-05-12,train,Checking or savings account,Problem with a lender or other company charging your account,Checking or savings account,Problem with a lender or other company charging your account,0.8606677198558235,0.5516161237078973,5
8985381,2024-05-12,train,"Money transfer, virtual currency, or money service",Fraud or scam,Checking or savings account,Managing an account,0.4664037436691593,0.35279561092981654,6
8987752,2024-05-12,train,Checking or savings account,Managing an account,Checking or savings account,Managing an account,0.5760873064501395,0.379321404288943,0
8987922,2024-05-12,train,Credit card,Problem with a purchase shown on your statement,Credit card,Problem with a purchase shown on your statement,0.8943213332737086,0.6333943378599171,5
8987939,2024-05-12,train,Credit card,Problem with a company's investigation into an existing problem,Credit card,Other issue,0.9372874927567567,0.631912374868274,3
8991359,2024-05-12,train,Checking or savings account,Managing an account,Checking or savings account,Managing an account,0.8105420295710177,0.5988964691425179,5
8989447,2024-05-13,train,Credit card,Closing your account,Credit card,Other issue,0.5982347369311486,0.2385543770246576,0
8991505,2024-05-13,train,Credit card,"Other features, terms, or problems",Credit card,Fees or interest,0.9288156794216218,0.38904575336415986,3
8994556,2024-05-13,train,Credit card,Fees or interest,Credit card,Fees or interest,0.9658234219259091,0.5826617430242979,3
8995161,2024-05-13,train,Checking or savings account,Closing an account,Checking or savings account,Closing an account,0.9026366580959936,0.7015423051137667,2
8995346,2024-05-13,train,Credit card,Problem with a purchase shown on your statement,Credit card,Problem with a purchase shown on your statement,0.9590904169883894,0.5975715382642011,1
8995401,2024-05-13,train,Credit card,Problem with a purchase shown on your statement,Credit card,Problem with a purchase shown on your statement,0.7570358678554456,0.33424142381328326,1
8995728,2024-05-13,train,Checking or savings account,Managing an account,Checking or savings account,Managing an account,0.8560341521952917,0.643219848123419,7
8995776,2024-05-13,train,Credit card,Fees or interest,Credit card,Fees or interest,0.9320372680599036,0.5567456933143167,1
8996277,2024-05-13,train,Credit card,Getting a credit card,Credit card,Getting a credit card,0.9175168764609775,0.5491525277237537,4
8996391,2024-05-13,train,Credit card,Incorrect information on your report,Credit card,Other issue,0.7312500252730019,0.48937641872726834,4
8996921,2024-05-13,train,Checking or savings account,Opening an account,Checking or savings account,Managing an account,0.9274783489927784,0.40149075903147097,0
8996994,2024-05-13,train,Checking or savings account,Closing an account,Checking or savings account,Closing an account,0.952225691186506,0.7368888624968664,2
8997704,2024-05-13,train,Checking or savings account,Managing an account,Checking or savings account,Managing an account,0.8763373470450607,0.6337692932553898,2
8998598,2024-05-13,train,Credit card,Fees or interest,Credit card,Other issue,0.9056029462022788,0.32089904458761265,3
8991875,2024-05-14,train,Checking or savings account,Managing an account,Checking or savings account,Managing an account,0.9369113371481322,0.7227132106146346,2
8993911,2024-05-14,train,"Money transfer, virtual currency, or money service",Fraud or scam,"Money transfer, virtual currency, or money service",Fraud or scam,0.5359406707547596,0.32439514617008786,5
9000619,2024-05-14,train,Checking or savings account,Closing an account,Checking or savings account,Closing an account,0.867439355666409,0.4458728927007639,0
9002043,2024-05-14,train,Checking or savings account,Managing an account,Checking or savings account,Managing an account,0.7600703536486654,0.5756901679027077,0
9002750,2024-05-14,train,Checking or savings account,Managing an account,Checking or savings account,Managing an account,0.8638269688014519,0.6640545772289755,5
9003725,2024-05-14,train,Checking or savings account,Managing an account,Checking or savings account,Managing an account,0.7640402606335295,0.4992584400296735,6
9004838,2024-05-14,train,Credit card,Problem with a purchase shown on your statement,Credit card,Problem with a purchase shown on your statement,0.9216241183640831,0.6325742901767883,5
9005517,2024-05-14,train,Checking or savings account,Managing an account,Checking or savings account,Managing an account,0.8967934126686283,0.722887188521344,0
9005796,2024-05-14,train,"Money transfer, virtual currency, or money service",Fraud or scam,"Money transfer, virtual currency, or money service",Fraud or scam,0.6277998336786672,0.4235744879613605,6
9005871,2024-05-14,train,Checking or savings account,Managing an account,Checking or savings account,Managing an account,0.7686960861892695,0.6557590812221706,0
9007176,2024-05-14,train,Checking or savings account,Managing an account,Checking or savings account,Managing an account,0.7955393312267909,0.5744208608175139,2
9000469,2024-05-15,train,Credit card,Closing your account,Credit card,Other issue,0.9746013694996051,0.22180751653262706,4
9009412,2024-05-15,train,Credit card,Getting a credit card,Credit card,Getting a credit card,0.8682470455860835,0.33842395148164806,1
9012941,2024-05-15,train,Credit card,Problem with a purchase shown on your statement,Credit card,Problem with a purchase shown on your statement,0.9390998735275057,0.8001933162681341,5
9017372,2024-05-15,train,Checking or savings account,Closing an account,Checking or savings account,Closing an account,0.7454668435224461,0.3854508666997705,5
9017405,2024-05-15,train,Credit card,Problem with a purchase shown on your statement,Credit card,Problem with a purchase shown on your statement,0.8289316769737182,0.7906288530962675,5
9019034,2024-05-15,train,Checking or savings account,Managing an account,Checking or savings account,Managing an account,0.8256377332788609,0.5713417479169939,0
9019421,2024-05-15,train,Credit card,Problem when making payments,Credit card,Other issue,0.8890776984698333,0.4652287826228752,1
9020242,2024-05-15,train,Checking or savings account,Closing an account,Checking or savings account,Closing an account,0.8614977661856943,0.5957980629338658,2
9020422,2024-05-15,train,Credit card,Closing your account,Credit card,Fees or interest,0.9064604103935486,0.45342708475919685,3
9014695,2024-05-16,train,"Money transfer, virtual currency, or money service",Wrong amount charged or received,"Money transfer, virtual currency, or money service",Other issue,0.58064239325997,0.5671161823036445,5
9015486,2024-05-16,train,Checking or savings account,Managing an account,Checking or savings account,Managing an account,0.8407424738872965,0.5697390569451253,2
9016358,2024-05-16,train,Credit card,Problem with a purchase shown on your statement,Credit card,Problem with a purchase shown on your statement,0.9630091176613627,0.6458321261401235,5
9016463,2024-05-16,train,Credit card,Problem with a company's investigation into an existing problem,Credit card,Other issue,0.959733549724203,0.9161251217437959,3
9016927,2024-05-16,train,Credit card,"Advertising and marketing, including promotional offers",Credit card,Other issue,0.8108642752092718,0.48106935526362093,1
9023069,2024-05-16,train,Checking or savings account,Managing an account,Checking or savings account,Managing an account,0.822821092733673,0.7500126135902602,0
9023231,2024-05-16,train,Checking or savings account,Managing an account,Checking or savings account,Managing an account,0.7816877901290185,0.6088864693155628,0
9023272,2024-05-16,train,Credit card,Getting a credit card,Credit card,Getting a credit card,0.9291262026321598,0.5921428125956004,4
9024595,2024-05-16,train,Checking or savings account,Managing an account,Checking or savings account,Managing an account,0.8605050284728742,0.7593651194526629,0
9024942,2024-05-16,train,"Money transfer, virtual currency, or money service",Money was not available when promised,"Money transfer, virtual currency, or money service",Other issue,0.4213622357127905,0.6311496859646651,3
9024948,2024-05-16,train,Checking or savings account,Problem caused by your funds being low,Checking or savings account,Other issue,0.7568101258148149,0.7427267156145978,3
9025110,2024-05-16,train,Checking or savings account,Managing an account,Checking or savings account,Managing an account,0.8208165909658821,0.5650051327525022,5
9025262,2024-05-16,train,Checking or savings account,Managing an account,Checking or savings account,Managing an account,0.6830203498809998,0.3772140020843093,5
9025507,2024-05-16,train,Checking or savings account,Managing an account,Checking or savings account,Managing an account,0.7834495452503903,0.5183142023156143,6
9026159,2024-05-16,train,Checking or savings account,Closing an account,Checking or savings account,Closing an account,0.8501327943946287,0.33972771571999416,1
9026420,2024-05-16,train,Checking or savings account,Problem caused by your funds being low,Checking or savings account,Other issue,0.5525923091881985,0.4559623202864243,1
9027012,2024-05-16,train,Credit card,Problem with a company's investigation into an existing problem,Credit card,Other issue,0.9478098403562166,0.8808927376274261,3
9027188,2024-05-16,train,Credit card,Problem with a purchase shown on your statement,Credit card,Problem with a purchase shown on your statement,0.871486469311587,0.6296509683645208,1
9027795,2024-05-16,train,Checking or savings account,Managing an account,Checking or savings account,Managing an account,0.7804983107012438,0.7402708057265064,0
9027851,2024-05-16,train,Credit card,Problem with a purchase shown on your statement,Credit card,Problem with a purchase shown on your statement,0.8212802772595952,0.7485990776313801,5
9029444,2024-05-16,train,Checking or savings account,Managing an account,Checking or savings account,Managing an account,0.6762428564523983,0.5171085806192469,0
9031880,2024-05-17,train,Checking or savings account,Managing an account,Checking or savings account,Managing an account,0.9029503086263776,0.5945293685094806,0
9034643,2024-05-17,train,Checking or savings account,Closing an account,Checking or savings account,Managing an account,0.9504794215988775,0.42673352282657295,2
9034665,2024-05-17,train,"Money transfer, virtual currency, or money service",Fraud or scam,Checking or savings account,Managing an account,0.6197698366122365,0.4364326966120667,6
9034764,2024-05-17,train,Checking or savings account,Managing an account,Checking or savings account,Managing an account,0.6655785204882467,0.5845335942493965,1
9036838,2024-05-17,train,Checking or savings account,Opening an account,Checking or savings account,Opening an account,0.7141194232636766,0.389757294322335,4
9036958,2024-05-17,train,Checking or savings account,Opening an account,Checking or savings account,Opening an account,0.6989349474585683,0.31830122390954085,4
9036993,2024-05-17,train,Checking or savings account,Managing an account,Checking or savings account,Managing an account,0.7781234740269827,0.6728203645251898,0
9037702,2024-05-17,train,"Money transfer, virtual currency, or money service",Trouble accessing funds in your mobile or digital wallet,"Money transfer, virtual currency, or money service",Other issue,0.7278051963319724,0.502511376821947,0
9037760,2024-05-17,train,Credit card,Fees or interest,Credit card,Fees or interest,0.796408482529275,0.44827589581239474,3
9039726,2024-05-18,train,Credit card,Fees or interest,Credit card,Fees or interest,0.8905321435888462,0.6484355566854756,3
9040972,2024-05-18,train,Credit card,Getting a credit card,Credit card,Getting a credit card,0.7070451841492068,0.2156417871849754,0
9041123,2024-05-18,train,"Money transfer, virtual currency, or money service",Other transaction problem,Checking or savings account,Other issue,0.5220872315062879,0.28005870032368335,5
9041723,2024-05-18,train,Credit card,Problem with a company's investigation into an existing problem,Credit card,Other issue,0.913813665615675,0.8158024103123489,3
9041971,2024-05-18,train,Credit card,Problem with a purchase shown on your statement,Credit card,Problem with a purchase shown on your statement,0.928741820254482,0.6563336509672749,5
9042006,2024-05-18,train,Credit card,Getting a credit card,Credit card,Other issue,0.5077808787984054,0.19061935697491358,5
9042464,2024-05-18,train,Checking or savings account,Managing an account,Checking or savings account,Managing an account,0.8329129636162033,0.6615505406241595,0
9042665,2024-05-18,train,Credit card,Problem with a purchase shown on your statement,Credit card,Problem with a purchase shown on your statement,0.7941823044642,0.45963659107047217,5
9042942,2024-05-18,train,Credit card,Problem with a purchase shown on your statement,Credit card,Problem with a purchase shown on your statement,0.7714274646926352,0.6462198077054374,5
9041385,2024-05-19,train,"Money transfer, virtual currency, or money service",Fraud or scam,Credit card,Other issue,0.6177664990009027,0.358512926707796,1
9044202,2024-05-19,train,Credit card,Problem when making payments,Credit card,Other issue,0.8099698687843718,0.6248084066243264,3
9044263,2024-05-19,train,Credit card,Problem when making payments,Credit card,Other issue,0.8467637532573131,0.6899911568523357,3
9044337,2024-05-19,train,Credit card,Problem when making payments,Credit card,Other issue,0.9056368256035257,0.644717122845693,4
9044408,2024-05-19,train,Checking or savings account,Managing an account,Checking or savings account,Managing an account,0.8559641914633468,0.7027926785394629,0
9044539,2024-05-19,train,Credit card,Problem when making payments,Credit card,Other issue,0.9938836142128087,0.4680998797107522,3
9044816,2024-05-19,train,Credit card,Improper use of your report,Credit card,Other issue,0.7501444823523303,0.448905893128149,4
9045173,2024-05-19,train,Credit card,Problem with a purchase shown on your statement,Credit card,Problem with a purchase shown on your statement,0.9368679840965849,0.7635839036518203,1
9046135,2024-05-19,train,Checking or savings account,Managing an account,Checking or savings account,Managing an account,0.7963189931220146,0.7252301736910546,0
9046156,2024-05-19,train,Credit card,Getting a credit card,Credit card,Getting a credit card,0.9279666102766071,0.6912786763815053,1
9046742,2024-05-19,train,Checking or savings account,Managing an account,Checking or savings account,Managing an account,0.866097557887763,0.6193417990852833,0
9046892,2024-05-19,train,"Money transfer, virtual currency, or money service",Fraud or scam,"Money transfer, virtual currency, or money service",Fraud or scam,0.6282464118176244,0.28174304479192164,5
9048495,2024-05-20,train,Credit card,Fees or interest,Credit card,Fees or interest,0.9842869282992323,0.6471531594741058,3
9049084,2024-05-20,train,Credit card,Closing your account,Credit card,Managing an account,0.4544255960063537,0.30498862764795853,0
9049164,2024-05-20,train,Credit card,Problem with a purchase shown on your statement,Credit card,Problem with a purchase shown on your statement,0.7191177458245143,0.7233127628127971,5
9049260,2024-05-20,train,Credit card,Closing your account,Credit card,Closing your account,0.7355884473235897,0.26254127208362904,6
9050936,2024-05-20,train,Credit card,Problem with a purchase shown on your statement,Credit card,Problem with a purchase shown on your statement,0.8226864035005398,0.5320636449062844,5
9051683,2024-05-20,train,Credit card,Problem with a purchase shown on your statement,Credit card,Problem with a purchase shown on your statement,0.8559047927844093,0.5500318780395239,1
9051727,2024-05-20,train,Credit card,Problem with a purchase shown on your statement,Credit card,Problem with a purchase shown on your statement,0.8622281611562733,0.6688015002323381,5
9055340,2024-05-20,train,Checking or savings account,Problem with a lender or other company charging your account,Checking or savings account,Other issue,0.7069781114049327,0.2427815089811579,7
9055436,2024-05-20,train,Credit card,Problem with a purchase shown on your statement,Credit card,Problem with a purchase shown on your statement,0.8797911483430864,0.7313469832644246,5
9055782,2024-05-20,train,Checking or savings account,Managing an account,Checking or savings account,Managing an account,0.791221227560723,0.5042168294331717,6
9055968,2024-05-20,train,Credit card,"Advertising and marketing, including promotional offers",Credit card,Other issue,0.8483422992790866,0.49424640042029777,1
9056050,2024-05-20,train,Credit card,Fees or interest,Credit card,Fees or interest,0.9166022111383296,0.4812597620257246,4
9056316,2024-05-20,train,Credit card,Closing your account,Credit card,Closing your account,0.7672289202001292,0.3529032340422285,1
9056407,2024-05-20,train,Credit card,Problem with a purchase shown on your statement,Credit card,Problem with a purchase shown on your statement,0.961315040894481,0.4695710556041779,1
9056468,2024-05-20,train,Checking or savings account,Problem with a lender or other company charging your account,Checking or savings account,Problem with a lender or other company charging your account,0.9324805106045656,0.43989437452262975,5
9057220,2024-05-20,train,Checking or savings account,Managing an account,Checking or savings account,Managing an account,0.864144808640175,0.6725997225674227,2
9058010,2024-05-20,train,Checking or savings account,Problem caused by your funds being low,Checking or savings account,Other issue,0.8949384442844889,0.4825324359939553,0
9058159,2024-05-20,train,Credit card,Problem when making payments,Credit card,Other issue,0.8787965868540155,0.6233925923606878,4
9058620,2024-05-20,train,Credit card,Getting a credit card,Credit card,Getting a credit card,0.9422158601754758,0.4226506024538763,4
9059176,2024-05-20,train,Credit card,Fees or interest,Credit card,Fees or interest,0.9339133531113909,0.5378984383425583,6
9053546,2024-05-21,train,Checking or savings account,Managing an account,Checking or savings account,Managing an account,0.9189420949696359,0.7029490703415036,2
9053744,2024-05-21,train,Checking or savings account,Managing an account,Checking or savings account,Managing an account,0.8171883129991605,0.6673204915283736,0
9054048,2024-05-21,train,Credit card,Getting a credit card,Credit card,Getting a credit card,0.9608904225797669,0.6552012504956058,4
9055501,2024-05-21,train,Checking or savings account,Managing an account,Checking or savings account,Managing an account,0.9052444508193195,0.6589564467189469,6
9056359,2024-05-21,train,Checking or savings account,Managing an account,Checking or savings account,Managing an account,0.8536697098083773,0.5802630607742546,2
9059528,2024-05-21,train,Credit card,Problem with a purchase shown on your statement,Credit card,Problem with a purchase shown on your statement,0.9475530243808037,0.6961705937638646,4
9062349,2024-05-21,train,Checking or savings account,Managing an account,Checking or savings account,Managing an account,0.8842841459466501,0.5637388501041479,6
9062504,2024-05-21,train,Checking or savings account,Managing an account,Checking or savings account,Managing an account,0.910491738473059,0.725578468734268,4
9062677,2024-05-21,train,Checking or savings account,Closing an account,Checking or savings account,Closing an account,0.8706890186936639,0.47283603419309217,0
9062837,2024-05-21,train,Credit card,"Other features, terms, or problems",Credit card,Problem with a purchase shown on your statement,0.7433286594981573,0.3341394688185455,5
9064502,2024-05-21,train,Credit card,Problem with a purchase shown on your statement,Credit card,Problem with a purchase shown on your statement,0.7508665621801497,0.593189442955027,5
9064582,2024-05-21,train,Credit card,Problem with a purchase shown on your statement,Credit card,Problem with a purchase shown on your statement,0.8476942187221606,0.7400663568506112,5
9065917,2024-05-21,train,Credit card,Struggling to pay your bill,Credit card,Other issue,0.7207470921865216,0.5544527572631366,2
9066272,2024-05-21,train,Checking or savings account,Managing an account,Checking or savings account,Managing an account,0.9105948655014467,0.6371140797964288,0
9066535,2024-05-21,train,Credit card,Problem when making payments,Credit card,Other issue,0.939957970910119,0.416715013838497,3
9066612,2024-05-21,train,Checking or savings account,Managing an account,Checking or savings account,Managing an account,0.7898825130211379,0.6221531060517199,0
9067254,2024-05-21,train,"Money transfer, virtual currency, or money service",Money was not available when promised,"Money transfer, virtual currency, or money service",Other issue,0.5962994853023461,0.526896170935615,0
9067255,2024-05-21,train,Credit card,Problem with a purchase shown on your statement,Credit card,Problem with a purchase shown on your statement,0.9685600017032866,0.5474025913468566,1
9067270,2024-05-21,train,Credit card,Getting a credit card,Credit card,Getting a credit card,0.8967496787703317,0.4057647879507108,1
9067643,2024-05-21,train,Credit card,"Other features, terms, or problems",Credit card,"Other features, terms, or problems",0.7844412583913647,0.24961125183519062,1
9060995,2024-05-22,train,Checking or savings account,Managing an account,Checking or savings account,Managing an account,0.8819549804782586,0.7380643274904973,6
9061602,2024-05-22,train,Checking or savings account,Problem with a lender or other company charging your account,Checking or savings account,Problem with a lender or other company charging your account,0.7790424114715796,0.35577847239855154,6
9061963,2024-05-22,train,Checking or savings account,Opening an account,Checking or savings account,Opening an account,0.7512039840765383,0.24092716979264542,0
9068018,2024-05-22,train,Credit card,Getting a credit card,Credit card,Getting a credit card,0.9676697770759858,0.34914160304923075,1
9068247,2024-05-22,train,Credit card,Struggling to pay your bill,Credit card,Other issue,0.930656370111185,0.6629584713600394,1
9070086,2024-05-22,train,Checking or savings account,Closing an account,Checking or savings account,Closing an account,0.7543467408891456,0.2764354767263934,0
9070094,2024-05-22,train,Checking or savings account,Problem caused by your funds being low,Checking or savings account,Other issue,0.8323317002947089,0.5445071947356729,7
9070588,2024-05-22,train,Credit card,Problem with a purchase shown on your statement,Credit card,Problem with a purchase shown on your statement,0.9674889323064486,0.4624371061115016,3
9070629,2024-05-22,train,Credit card,Problem with a purchase shown on your statement,Credit card,Problem with a purchase shown on your statement,0.9492524816563039,0.6898071709135807,1
9071116,2024-05-22,train,Checking or savings account,Problem with a lender or other company charging your account,Checking or savings account,Problem with a lender or other company charging your account,0.5421040293846506,0.3316496622733724,5
9073664,2024-05-22,train,Checking or savings account,Closing an account,Checking or savings account,Closing an account,0.8172868233485887,0.49365063123495073,0
9073910,2024-05-22,train,Credit card,Getting a credit card,Credit card,Getting a credit card,0.8611313787371836,0.3653255573966894,1
9074350,2024-05-22,train,Checking or savings account,Problem with a lender or other company charging your account,Checking or savings account,Problem with a lender or other company charging your account,0.7334179432841119,0.27201745011677697,5
9074382,2024-05-22,train,Credit card,Problem with a purchase shown on your statement,Credit card,Problem with a purchase shown on your statement,0.6434199801734364,0.36760471325507055,5
9074467,2024-05-22,train,Checking or savings account,Managing an account,Checking or savings account,Managing an account,0.8066161888253891,0.3604526926244873,0
9077457,2024-05-22,train,Credit card,Struggling to pay your bill,Credit card,Other issue,0.8989535054536651,0.6693914101895679,1
9074241,2024-05-23,train,Credit card,"Advertising and marketing, including promotional offers",Credit card,Other issue,0.725870528440822,0.42275124227015803,5
9076273,2024-05-23,train,Checking or savings account,Managing an account,Checking or savings account,Closing an account,0.7842910172066314,0.30899006603499257,2
9076813,2024-05-23,train,Checking or savings account,Managing an account,Checking or savings account,Managing an account,0.8583901536576126,0.6012957479268252,0
9078550,2024-05-23,train,Credit card,Problem when making payments,Credit card,Other issue,0.7287007165709415,0.5216801441807261,0
9080726,2024-05-23,train,"Money transfer, virtual currency, or money service",Fraud or scam,"Money transfer, virtual currency, or money service",Fraud or scam,0.5552032150650912,0.41887048107908614,6
9081323,2024-05-23,train,Credit card,Problem with a company's investigation into an existing problem,Credit card,Other issue,0.958195971684484,0.8400322375103595,3
9082604,2024-05-23,train,Checking or savings account,Closing an account,Checking or savings account,Closing an account,0.8913742897065239,0.545973612274776,0
9083024,2024-05-23,train,Credit card,Problem with a purchase shown on your statement,Credit card,Problem with a purchase shown on your statement,0.7452021636714624,0.5126953631344983,5
9083055,2024-05-23,train,Credit card,"Other features, terms, or problems",Credit card,"Other features, terms, or problems",0.779030287569447,0.3074807584846575,3
9083113,2024-05-23,train,Checking or savings account,Managing an account,Checking or savings account,Managing an account,0.7559689363522651,0.5528223059256981,4
9084882,2024-05-23,train,Credit card,Problem with a purchase shown on your statement,Credit card,Problem with a purchase shown on your statement,0.8088893167976061,0.5731429549229028,2
9085681,2024-05-23,train,Credit card,Problem with a purchase shown on your statement,Credit card,Problem with a purchase shown on your statement,0.843657427382415,0.44888311573484363,4
9086268,2024-05-23,train,"Money transfer, virtual currency, or money service",Unexpected or other fees,"Money transfer, virtual currency, or money service",Other issue,0.6576824700061374,0.7268335234047307,5
9086349,2024-05-23,train,Checking or savings account,Managing an account,Checking or savings account,Managing an account,0.7754401164717887,0.6371461695369756,5
9086436,2024-05-23,train,Credit card,Problem with a purchase shown on your statement,Credit card,Problem with a purchase shown on your statement,0.6386921980849892,0.49696963145829054,5
9120969,2024-05-23,train,Checking or savings account,Problem with a lender or other company charging your account,Checking or savings account,Problem with a lender or other company charging your account,0.7195759113123338,0.30319597954882954,5
9080064,2024-05-24,train,Checking or savings account,Problem with a lender or other company charging your account,Checking or savings account,Problem with a lender or other company charging your account,0.6927138912411421,0.3627562135111996,6
9080223,2024-05-24,train,Checking or savings account,Managing an account,Checking or savings account,Managing an account,0.7878370406686603,0.4613386064867342,0
9080397,2024-05-24,train,"Money transfer, virtual currency, or money service",Fraud or scam,"Money transfer, virtual currency, or money service",Fraud or scam,0.74101987007187,0.4224074616992108,5
9087903,2024-05-24,train,Credit card,"Other features, terms, or problems",Credit card,"Other features, terms, or problems",0.7680416232940098,0.2855115395457479,1
9088321,2024-05-24,train,Checking or savings account,Closing an account,Checking or savings account,Closing an account,0.9332696876852308,0.39409688593273057,0
9088545,2024-05-24,train,Credit card,Problem with a company's investigation into an existing problem,Credit card,Other issue,0.9441725536390516,0.8563945025772438,3
9089906,2024-05-24,train,Credit card,Closing your account,Credit card,Closing your account,0.8687799608977833,0.33286045148511556,4
9090180,2024-05-24,train,Checking or savings account,Managing an account,Checking or savings account,Managing an account,0.7670379207287292,0.6036930610474522,6
9090880,2024-05-24,train,Credit card,Problem with a purchase shown on your statement,Credit card,Problem with a purchase shown on your statement,0.7987622310654466,0.5785658461075011,5
9091341,2024-05-24,train,Checking or savings account,Closing an account,Checking or savings account,Closing an account,0.8644966754434803,0.3878327067681804,2
9091771,2024-05-24,train,Checking or savings account,Managing an account,Checking or savings account,Managing an account,0.9049377051613658,0.5728648103032445,6
9092048,2024-05-24,train,"Money transfer, virtual currency, or money service",Unexpected or other fees,"Money transfer, virtual currency, or money service",Other issue,0.764587930809416,0.5455077611719699,5
9092707,2024-05-24,train,Checking or savings account,Managing an account,Checking or savings account,Managing an account,0.7597966368816258,0.653566138506588,5
9092850,2024-05-24,train,Checking or savings account,Managing an account,Checking or savings account,Managing an account,0.8072583747827266,0.6920096980105126,0
9092862,2024-05-24,train,Credit card,Fees or interest,Credit card,Fees or interest,0.9535552991107501,0.5924532803495569,1
9092927,2024-05-24,train,Checking or savings account,Managing an account,Checking or savings account,Managing an account,0.9615268873989193,0.6827949222524167,5
9092952,2024-05-24,train,Checking or savings account,Managing an account,Checking or savings account,Managing an account,0.869442987681695,0.6005011095488937,0
9093127,2024-05-24,train,Credit card,Getting a credit card,Credit card,Getting a credit card,0.7557905163487652,0.2776447887664549,1
9094363,2024-05-24,train,Credit card,Problem with a company's investigation into an existing problem,Credit card,Other issue,0.9542427890947879,0.7495652441480553,4
9099196,2024-05-25,train,Checking or savings account,Managing an account,Checking or savings account,Managing an account,0.7191847374255681,0.544604636133079,5
9099636,2024-05-25,train,Checking or savings account,Managing an account,Checking or savings account,Managing an account,0.6934813555567784,0.5649402869743246,5
9099951,2024-05-25,train,Credit card,Closing your account,Credit card,Other issue,0.9204810840721808,0.24749059264171555,1
9095980,2024-05-26,train,Checking or savings account,Closing an account,Checking or savings account,Closing an account,0.9263704417327878,0.6223420623056697,0
9095983,2024-05-26,train,Checking or savings account,Managing an account,Checking or savings account,Managing an account,0.7347789125112211,0.46159087680131683,5
9098307,2024-05-26,train,"Money transfer, virtual currency, or money service",Fraud or scam,"Money transfer, virtual currency, or money service",Fraud or scam,0.6154801089611704,0.306883549591585,5
9098366,2024-05-26,train,Credit card,Problem with a purchase shown on your statement,Credit card,Problem with a purchase shown on your statement,0.9000196830463573,0.39531783920902,1
9102806,2024-05-26,train,Checking or savings account,Managing an account,Checking or savings account,Managing an account,0.760737004029735,0.5217983679988449,5
9104929,2024-05-27,train,Checking or savings account,Managing an account,Checking or savings account,Managing an account,0.7799230435410424,0.5504058350906353,0
9106713,2024-05-27,train,Credit card,Getting a credit card,Credit card,Getting a credit card,0.913632396092998,0.5944013595883608,4
9109439,2024-05-27,train,Credit card,"Other features, terms, or problems",Credit card,"Other features, terms, or problems",0.8006379066318396,0.385788015458285,0
9110220,2024-05-27,train,Credit card,Fees or interest,Credit card,Fees or interest,0.9198812315562305,0.4947043520358177,1
9104187,2024-05-28,train,Checking or savings account,Opening an account,Checking or savings account,Opening an account,0.6199143502974599,0.21792028656430587,6
9108979,2024-05-28,train,Credit card,Problem with a purchase shown on your statement,Credit card,Problem with a purchase shown on your statement,0.8862061985566667,0.6567116424414519,5
9109386,2024-05-28,train,Credit card,Fees or interest,Credit card,Fees or interest,0.9206780246155334,0.6743876040397946,3
9114129,2024-05-28,train,Checking or savings account,Problem with a lender or other company charging your account,Checking or savings account,Managing an account,0.918606270481426,0.3253473033670297,6
9114303,2024-05-28,train,Checking or savings account,Problem with a lender or other company charging your account,Checking or savings account,Problem with a lender or other company charging your account,0.8438260444120266,0.3625205531553071,2
9115098,2024-05-28,train,Checking or savings account,Closing an account,Checking or savings account,Closing an account,0.7666038540553078,0.4989485896078666,0
9116054,2024-05-28,train,Credit card,Getting a credit card,Credit card,Getting a credit card,0.8416537786427214,0.5109220559098602,4
9116674,2024-05-28,train,Credit card,Problem with a purchase shown on your statement,Credit card,Problem with a purchase shown on your statement,0.7964199022890874,0.49309499916922367,5
9116681,2024-05-28,train,Checking or savings account,Managing an account,Checking or savings account,Managing an account,0.9039754851082116,0.6456787243151767,6
9117089,2024-05-28,train,Checking or savings account,Managing an account,Checking or savings account,Managing an account,0.8663087447726477,0.5996857014009999,0
9117258,2024-05-28,train,Credit card,Problem with a purchase shown on your statement,Credit card,Problem with a purchase shown on your statement,0.9238419457930886,0.6953878688208673,5
9118115,2024-05-28,train,Checking or savings account,Closing an account,Checking or savings account,Closing an account,0.828548927218958,0.5451831658530308,0
9118879,2024-05-28,train,Checking or savings account,Managing an account,Checking or savings account,Managing an account,0.8059023100001801,0.6313574927954183,0
9119234,2024-05-28,train,Credit card,Problem with a purchase shown on your statement,Credit card,Problem with a purchase shown on your statement,0.917309261866986,0.502392596495921,1
9119697,2024-05-28,train,Credit card,Problem with a purchase shown on your statement,Credit card,Problem with a purchase shown on your statement,0.7933853629358365,0.650855129841325,5
9120957,2024-05-28,train,Credit card,Problem with a purchase shown on your statement,Credit card,Problem with a purchase shown on your statement,0.7063712922240147,0.686948939443651,5
9113141,2024-05-29,train,Credit card,Problem with a company's investigation into an existing problem,Credit card,Other issue,0.9577828481846317,0.7503014436499303,4
9113161,2024-05-29,train,Credit card,Problem with a company's investigation into an existing problem,Credit card,Other issue,0.8843376716531761,0.8833320857594952,3
9113434,2024-05-29,train,Credit card,"Advertising and marketing, including promotional offers",Credit card,Other issue,0.9078702135092233,0.580537688371509,1
9113870,2024-05-29,train,Credit card,Problem with a purchase shown on your statement,Credit card,Problem with a purchase shown on your statement,0.780791429737809,0.4180019332027883,1
9121766,2024-05-29,train,Checking or savings account,Closing an account,Checking or savings account,Closing an account,0.9186114281781554,0.5546911126948204,0
9121775,2024-05-29,train,Checking or savings account,Managing an account,Checking or savings account,Managing an account,0.8165665270156791,0.5707582298835818,0
9121894,2024-05-29,train,Checking or savings account,Managing an account,Checking or savings account,Managing an account,0.8508287851329874,0.6827263277153418,2
9122007,2024-05-29,train,Credit card,Problem with a purchase shown on your statement,Credit card,Problem with a purchase shown on your statement,0.826507440246909,0.7487841521900771,5
9122998,2024-05-29,train,Checking or savings account,Managing an account,Checking or savings account,Managing an account,0.9036227902743899,0.736574076168008,0
9123043,2024-05-29,train,Credit card,Getting a credit card,Credit card,Getting a credit card,0.8880426598952301,0.34513107442741153,4
9123212,2024-05-29,train,"Money transfer, virtual currency, or money service",Other transaction problem,"Money transfer, virtual currency, or money service",Other issue,0.7371802920587226,0.670882788783289,6
9125813,2024-05-29,train,"Money transfer, virtual currency, or money service",Trouble accessing funds in your mobile or digital wallet,Checking or savings account,Other issue,0.48632381860070284,0.3817913399399729,0
9125824,2024-05-29,train,Checking or savings account,Managing an account,Checking or savings account,Managing an account,0.6895610909922648,0.451825414360967,0
9125885,2024-05-29,train,Credit card,Fees or interest,Credit card,Fees or interest,0.9511760912739204,0.7936999492715359,3
9126488,2024-05-29,train,Checking or savings account,Managing an account,Checking or savings account,Managing an account,0.8420396822043615,0.5898693282991916,0
9127618,2024-05-29,train,Checking or savings account,Managing an account,Checking or savings account,Managing an account,0.8209511539413682,0.5934304422761176,0
9127669,2024-05-29,train,Checking or savings account,Opening an account,Checking or savings account,Managing an account,0.9150459147909888,0.4324248872528688,0
9128763,2024-05-29,train,Checking or savings account,Closing an account,Checking or savings account,Closing an account,0.8536263180153268,0.38177893756792214,0
9130033,2024-05-29,train,Checking or savings account,Problem with a lender or other company charging your account,Checking or savings account,Problem with a lender or other company charging your account,0.7806728579371381,0.22216327063853775,0
9130446,2024-05-29,train,Checking or savings account,Managing an account,Checking or savings account,Managing an account,0.7485595768034706,0.5668172142464197,5
9130990,2024-05-29,train,Checking or savings account,Closing an account,Checking or savings account,Closing an account,0.7778756818836798,0.4728078962367066,4
9125070,2024-05-30,train,Checking or savings account,Closing an account,Checking or savings account,Closing an account,0.9149991125231779,0.39226835894914325,0
9133858,2024-05-30,train,Checking or savings account,Managing an account,Checking or savings account,Managing an account,0.9486500078033598,0.7407785750625409,0
9134340,2024-05-30,train,Credit card,"Other features, terms, or problems",Credit card,"Other features, terms, or problems",0.9222184223900651,0.3662088117487309,4
9134341,2024-05-30,train,"Money transfer, virtual currency, or money service",Fraud or scam,"Money transfer, virtual currency, or money service",Fraud or scam,0.7911124202788424,0.5836656571901272,0
9134664,2024-05-30,train,Checking or savings account,Managing an account,Checking or savings account,Managing an account,0.9184328487064355,0.7330173019597735,0
9134927,2024-05-30,train,Checking or savings account,Problem caused by your funds being low,Checking or savings account,Other issue,0.8017355554277426,0.6758691644261999,5
9135772,2024-05-30,train,Credit card,Problem with a purchase shown on your statement,Credit card,Problem with a purchase shown on your statement,0.8486737076589972,0.6877752075803917,2
9136118,2024-05-30,train,Checking or savings account,Managing an account,Checking or savings account,Managing an account,0.7802020879170855,0.6014621159163375,0
9137707,2024-05-30,train,"Money transfer, virtual currency, or money service",Confusing or missing disclosures,Checking or savings account,Managing an account,0.48372797655228916,0.3857615665444397,0
9137708,2024-05-30,train,Credit card,Fees or interest,Credit card,Fees or interest,0.9744912650638282,0.5090616106025776,3
9138408,2024-05-30,train,Credit card,Problem with a purchase shown on your statement,Credit card,Problem with a purchase shown on your statement,0.8860103309731119,0.7298850082066157,5
9138774,2024-05-30,train,"Money transfer, virtual currency, or money service",Other transaction problem,"Money transfer, virtual currency, or money service",Other issue,0.6104701240711761,0.5726470578480062,2
9138820,2024-05-30,train,Checking or savings account,Managing an account,Checking or savings account,Managing an account,0.7081169923093447,0.561512588706054,2
9138971,2024-05-30,train,Credit card,Problem with a purchase shown on your statement,Credit card,Problem with a purchase shown on your statement,0.9421644290256885,0.7746029077038867,5
9139606,2024-05-30,train,Checking or savings account,Problem caused by your funds being low,Checking or savings account,Other issue,0.8160360657808338,0.5839419057629834,7
9132011,2024-05-31,train,Credit card,"Other features, terms, or problems",Credit card,"Other features, terms, or problems",0.8133346756816845,0.26208125455786807,7
9141832,2024-05-31,train,"Money transfer, virtual currency, or money service",Fraud or scam,"Money transfer, virtual currency, or money service",Fraud or scam,0.5001887840563405,0.27629786862970035,6
9143609,2024-05-31,train,Credit card,Problem with a purchase shown on your statement,Credit card,Problem with a purchase shown on your statement,0.8417692095686439,0.6055282578343972,5
9144047,2024-05-31,train,Credit card,Problem with a purchase shown on your statement,Credit card,Problem with a purchase shown on your statement,0.8339508642820725,0.6079257145082906,5
9145063,2024-05-31,train,Credit card,Closing your account,Credit card,Closing your account,0.8029050133489161,0.3163722969242745,3
9145153,2024-05-31,train,"Money transfer, virtual currency, or money service",Fraud or scam,"Money transfer, virtual currency, or money service",Fraud or scam,0.5607578233353798,0.285578096051322,5
9145286,2024-05-31,train,Credit card,Trouble using your card,Credit card,Other issue,0.8282646217511637,0.4592911461019923,1
9149523,2024-05-31,train,Checking or savings account,Managing an account,Checking or savings account,Managing an account,0.7624915025324404,0.524675039569403,6
9141295,2024-06-01,train,Checking or savings account,Managing an account,Checking or savings account,Managing an account,0.9536136810610406,0.8609066781924142,0
9142711,2024-06-01,train,Credit card,Problem with a purchase shown on your statement,Credit card,Other issue,0.9095956383596234,0.33128206624263823,4
9149816,2024-06-01,train,Credit card,"Other features, terms, or problems",Credit card,Fees or interest,0.931098309815223,0.27301155390182796,3
9154362,2024-06-01,train,Checking or savings account,Managing an account,Checking or savings account,Managing an account,0.6662022376429472,0.6352321347511881,2
9154604,2024-06-01,train,"Money transfer, virtual currency, or money service",Fraud or scam,"Money transfer, virtual currency, or money service",Fraud or scam,0.6276396308416765,0.2553558163332574,0
9154695,2024-06-01,train,Credit card,Problem with a company's investigation into an existing problem,Credit card,Other issue,0.9293743827651335,0.7754165988627783,3
9154729,2024-06-01,train,Credit card,Problem with a company's investigation into an existing problem,Credit card,Other issue,0.8681268737949552,0.7196387468870458,3
9155119,2024-06-01,train,Credit card,Problem with a company's investigation into an existing problem,Credit card,Other issue,0.8697305989788731,0.709989817859663,3
9155147,2024-06-01,train,Checking or savings account,Managing an account,Checking or savings account,Managing an account,0.7452984165854812,0.42231997287718565,7
9156034,2024-06-01,train,Credit card,"Advertising and marketing, including promotional offers",Credit card,Other issue,0.946808730040527,0.653258468501158,1
9157077,2024-06-01,train,"Money transfer, virtual currency, or money service",Fraud or scam,"Money transfer, virtual currency, or money service",Fraud or scam,0.7885887861764395,0.5684896289140734,7
9157134,2024-06-01,train,Checking or savings account,Managing an account,Checking or savings account,Managing an account,0.7388306831801884,0.5018727817266212,2
9157188,2024-06-01,train,Credit card,"Other features, terms, or problems",Credit card,"Other features, terms, or problems",0.6330448270481436,0.2918056472848807,2
9157268,2024-06-01,train,Checking or savings account,Managing an account,Checking or savings account,Managing an account,0.9444858559797498,0.666922018087567,0
9151146,2024-06-02,train,Credit card,Problem with a purchase shown on your statement,Credit card,Problem with a purchase shown on your statement,0.8034253816035734,0.6599898384245972,5
9151299,2024-06-02,train,Checking or savings account,Managing an account,Checking or savings account,Managing an account,0.8769582793358338,0.6844800449334728,0
9151672,2024-06-02,train,Credit card,Trouble using your card,Credit card,Other issue,0.8097726677601531,0.505552685581502,4
9151732,2024-06-02,train,Credit card,Fees or interest,Credit card,Fees or interest,0.9191297454844977,0.6163011064042626,3
9151736,2024-06-02,train,Checking or savings account,Problem with a lender or other company charging your account,Checking or savings account,Problem with a lender or other company charging your account,0.6570515431582418,0.23778465294717846,5
9151974,2024-06-02,train,Credit card,"Other features, terms, or problems",Credit card,Other issue,0.7959981806610782,0.3482666721435478,5
9152380,2024-06-02,train,Credit card,Problem with a purchase shown on your statement,Credit card,Problem with a purchase shown on your statement,0.7883047260131266,0.488498408302961,2
9153732,2024-06-02,train,Checking or savings account,Managing an account,Checking or savings account,Managing an account,0.7232409901317375,0.5633655166753019,4
9150233,2024-06-03,train,Checking or savings account,Managing an account,Checking or savings account,Managing an account,0.7523919447135969,0.5538281927344264,0
9150315,2024-06-03,train,Credit card,"Advertising and marketing, including promotional offers",Credit card,Other issue,0.8847668189476242,0.3587795920868452,1
9158881,2024-06-03,train,Credit card,"Advertising and marketing, including promotional offers",Credit card,Other issue,0.9605027321065254,0.6184307215050925,1
9159229,2024-06-03,train,Checking or savings account,Closing an account,Checking or savings account,Closing an account,0.8338074085508704,0.44557083383070134,2
9159624,2024-06-03,train,"Money transfer, virtual currency, or money service",Fraud or scam,"Money transfer, virtual currency, or money service",Fraud or scam,0.6505934619005935,0.3722852889361545,6
9160403,2024-06-03,train,Credit card,Problem with a purchase shown on your statement,Credit card,Problem with a purchase shown on your statement,0.8900620259878247,0.769227544515613,5
9160840,2024-06-03,train,Checking or savings account,Opening an account,Checking or savings account,Opening an account,0.5440459675579593,0.24413216530569404,4
9161289,2024-06-03,train,Checking or savings account,Opening an account,Checking or savings account,Opening an account,0.6446570052067722,0.287578799630245,4
9161508,2024-06-03,train,Credit card,"Other features, terms, or problems",Credit card,"Other features, terms, or problems",0.7806985744047497,0.35541747770884297,7
9161540,2024-06-03,train,Checking or savings account,Closing an account,Checking or savings account,Closing an account,0.7907664639434543,0.3158811207309967,0
9161849,2024-06-03,train,"Money transfer, virtual currency, or money service",Unexpected or other fees,Checking or savings account,Other issue,0.489141771124337,0.4087712321598482,0
9162178,2024-06-03,train,Credit card,Getting a credit card,Credit card,Getting a credit card,0.7867368813222045,0.42921938749906485,1
9163263,2024-06-03,train,Checking or savings account,Opening an account,Checking or savings account,Opening an account,0.8453386540123344,0.4498434172664114,0
9163522,2024-06-03,train,Checking or savings account,Managing an account,Checking or savings account,Managing an account,0.6508795411650674,0.4567112565725635,5
9164230,2024-06-03,train,Checking or savings account,Problem with a lender or other company charging your account,Checking or savings account,Problem with a lender or other company charging your account,0.5330241850397349,0.29723011806642885,5
9167630,2024-06-03,train,Credit card,Getting a credit card,Credit card,Getting a credit card,0.9672214852819611,0.6112238096699654,1
9158686,2024-06-04,train,Checking or savings account,Managing an account,Checking or savings account,Managing an account,0.8172511835382108,0.542625387953533,5
9158903,2024-06-04,train,Credit card,Problem with a purchase shown on your statement,Credit card,Problem with a purchase shown on your statement,0.4339538623609139,0.3047709722770269,0
9166800,2024-06-04,train,Credit card,Fees or interest,Credit card,Fees or interest,0.8907388521159805,0.643841417012785,3
9167291,2024-06-04,train,"Money transfer, virtual currency, or money service",Fraud or scam,"Money transfer, virtual currency, or money service",Fraud or scam,0.7199988501652815,0.41087089197715765,6
9170521,2024-06-04,train,Checking or savings account,Problem with a lender or other company charging your account,Checking or savings account,Problem with a lender or other company charging your account,0.8220913304378157,0.4667839673432253,6
9172053,2024-06-04,train,Checking or savings account,Closing an account,Checking or savings account,Managing an account,0.8281628842713255,0.3871521733252757,0
9173311,2024-06-04,train,Credit card,Fees or interest,Credit card,Managing an account,0.5877046241784938,0.33849278536599164,5
9173451,2024-06-04,train,Credit card,Problem when making payments,Credit card,Other issue,0.949989335726679,0.41862334732866446,3
9173506,2024-06-04,train,Credit card,Fees or interest,Credit card,Fees or interest,0.8247279620180479,0.3100516015455978,3
9173973,2024-06-04,train,Credit card,Problem with a purchase shown on your statement,Credit card,Problem with a purchase shown on your statement,0.6817860934573825,0.5356697964763262,5
9174066,2024-06-04,train,Checking or savings account,Managing an account,Checking or savings account,Managing an account,0.7216490168036065,0.4889478397992791,2
9174704,2024-06-04,train,Credit card,Fees or interest,Credit card,Fees or interest,0.9442971630622635,0.6400497264016475,3
9174935,2024-06-04,train,Credit card,Problem with a purchase shown on your statement,Credit card,Problem with a purchase shown on your statement,0.8251064364894272,0.7016441296376689,5
9175020,2024-06-04,train,Checking or savings account,Managing an account,Checking or savings account,Managing an account,0.8048449831802341,0.5862915191786107,0
9175932,2024-06-04,train,Checking or savings account,Managing an account,Checking or savings account,Managing an account,0.5876254914489857,0.41795394890521864,4
9176106,2024-06-04,train,"Money transfer, virtual currency, or money service",Fraud or scam,"Money transfer, virtual currency, or money service",Fraud or scam,0.495725382676567,0.31385556044662904,5
9176181,2024-06-04,train,Checking or savings account,Problem with a lender or other company charging your account,Checking or savings account,Problem with a lender or other company charging your account,0.6571477640586402,0.33984972102710626,5
9176462,2024-06-04,train,Credit card,Getting a credit card,Credit card,Getting a credit card,0.9204810338301194,0.36932590285536576,1
9168777,2024-06-05,train,"Money transfer, virtual currency, or money service",Other transaction problem,"Money transfer, virtual currency, or money service",Other issue,0.6880273412019005,0.584546038453351,0
9169022,2024-06-05,train,Checking or savings account,Managing an account,Checking or savings account,Managing an account,0.5595428133121896,0.36122517135489185,1
9169662,2024-06-05,train,Credit card,Problem with a purchase shown on your statement,Credit card,Problem with a purchase shown on your statement,0.9197161137403611,0.7585780527967126,5
9170672,2024-06-05,train,Credit card,Getting a credit card,Credit card,Getting a credit card,0.8902072646325371,0.5983022978482528,4
9178739,2024-06-05,train,Checking or savings account,Managing an account,Checking or savings account,Managing an account,0.8532356943716103,0.656148490673959,0
9179284,2024-06-05,train,Checking or savings account,Managing an account,Checking or savings account,Managing an account,0.6676246915170959,0.5540683892186942,0
9179679,2024-06-05,train,Credit card,Problem with a purchase shown on your statement,Credit card,Problem with a purchase shown on your statement,0.9143414311684476,0.7213313111637878,1
9181302,2024-06-05,train,"Money transfer, virtual currency, or money service",Fraud or scam,"Money transfer, virtual currency, or money service",Fraud or scam,0.6178295688927355,0.4809097501509738,5
9185097,2024-06-05,train,Checking or savings account,Closing an account,Checking or savings account,Closing an account,0.8829589830257096,0.5154694993902982,0
9185153,2024-06-05,train,Checking or savings account,Managing an account,Checking or savings account,Managing an account,0.6812553296755405,0.41813285877572726,6
9185479,2024-06-05,train,Credit card,Problem when making payments,Credit card,Other issue,0.8337334737446443,0.5387563398860714,4
9185659,2024-06-05,train,Checking or savings account,Managing an account,Checking or savings account,Managing an account,0.8900619883977423,0.4589594081402021,0
9186805,2024-06-05,train,Checking or savings account,Managing an account,Checking or savings account,Managing an account,0.7560731695780699,0.7644028867326528,5
9187244,2024-06-05,train,Credit card,Problem with a company's investigation into an existing problem,Credit card,Other issue,0.99252653873025,0.7964985511445266,3
9187475,2024-06-05,train,Checking or savings account,Problem with a lender or other company charging your account,Checking or savings account,Problem with a lender or other company charging your account,0.6946765697347916,0.47835311709037526,5
9189823,2024-06-05,train,"Money transfer, virtual currency, or money service",Confusing or missing disclosures,"Money transfer, virtual currency, or money service",Other issue,0.5793219759112646,0.5751624292797161,3
9184415,2024-06-06,train,Credit card,Trouble using your card,Credit card,Other issue,0.6712978601394508,0.3845477977280794,6
9185377,2024-06-06,train,Checking or savings account,Managing an account,Checking or savings account,Managing an account,0.8593261946028352,0.6574422671809478,0
9189289,2024-06-06,train,Credit card,Problem with a purchase shown on your statement,Credit card,Problem with a purchase shown on your statement,0.8058651603699187,0.7624762081146741,5
9189737,2024-06-06,train,"Money transfer, virtual currency, or money service",Money was not available when promised,"Money transfer, virtual currency, or money service",Other issue,0.579379900758025,0.6151837719731015,3
9191820,2024-06-06,train,Credit card,Problem with a purchase shown on your statement,Credit card,Problem with a purchase shown on your statement,0.6975944074899995,0.4867229888683594,2
9193047,2024-06-06,train,Credit card,Fees or interest,Credit card,Fees or interest,0.9331791451400615,0.49718648534643933,3
9193056,2024-06-06,train,Credit card,Closing your account,Credit card,Closing your account,0.9018110747255346,0.37744077647159463,1
9193973,2024-06-06,train,Credit card,Fees or interest,Credit card,Fees or interest,0.7377306685972976,0.38936351676503284,3
9194882,2024-06-06,train,Credit card,Fees or interest,Credit card,Other issue,0.8303304962520884,0.23425562756302237,4
9194923,2024-06-06,train,Credit card,Problem with a purchase shown on your statement,Credit card,Problem with a purchase shown on your statement,0.752633538261977,0.5654491406428068,2
9195931,2024-06-06,train,"Money transfer, virtual currency, or money service",Fraud or scam,"Money transfer, virtual currency, or money service",Fraud or scam,0.6309659217553754,0.3364137405604995,5
9196752,2024-06-06,train,Checking or savings account,Managing an account,Credit card,Managing an account,0.46733048785460407,0.395700751828563,3
9197000,2024-06-06,train,Checking or savings account,Opening an account,Checking or savings account,Opening an account,0.9120337888259159,0.4824106651567279,7
9197947,2024-06-06,train,Credit card,Problem when making payments,Credit card,Other issue,0.4752050441947237,0.37197210571469935,0
9199320,2024-06-06,train,Credit card,Problem with a purchase shown on your statement,Credit card,Problem with a purchase shown on your statement,0.8751756283998471,0.5440871960535765,5
9190969,2024-06-07,train,Credit card,Problem with a company's investigation into an existing problem,Credit card,Other issue,0.9285817061088368,0.47365083846012235,4
9191264,2024-06-07,train,Credit card,Closing your account,Credit card,Closing your account,0.7458662886716915,0.27415466339718414,4
9192338,2024-06-07,train,Checking or savings account,Managing an account,Checking or savings account,Managing an account,0.7922281072555685,0.531131986845622,6
9193231,2024-06-07,train,"Money transfer, virtual currency, or money service",Fraud or scam,"Money transfer, virtual currency, or money service",Fraud or scam,0.6255093767591937,0.32997798602434,6
9200125,2024-06-07,train,Checking or savings account,Managing an account,Credit card,Other issue,0.5540259646612916,0.418356064883502,4
9201835,2024-06-07,train,"Money transfer, virtual currency, or money service",Fraud or scam,"Money transfer, virtual currency, or money service",Fraud or scam,0.6967697335019645,0.41578990648155445,5
9204115,2024-06-07,train,Credit card,"Other features, terms, or problems",Credit card,"Other features, terms, or problems",0.8736057313098936,0.3624854609888894,2
9204229,2024-06-07,train,Credit card,Problem with a purchase shown on your statement,Credit card,Problem with a purchase shown on your statement,0.8262117580267102,0.6875394683090007,5
9204991,2024-06-07,train,Checking or savings account,Problem caused by your funds being low,Checking or savings account,Other issue,0.8744375837849011,0.35232773748920315,2
9210962,2024-06-07,train,Checking or savings account,Managing an account,Checking or savings account,Managing an account,0.5455668321072044,0.4070089701334092,5
9205915,2024-06-08,train,Checking or savings account,Managing an account,Checking or savings account,Managing an account,0.8698865313206642,0.6187352136300108,0
9208380,2024-06-08,train,Checking or savings account,Closing an account,Checking or savings account,Closing an account,0.6205172872186873,0.5078345380079613,0
9208584,2024-06-08,train,Checking or savings account,Managing an account,Checking or savings account,Managing an account,0.7533400456553717,0.5511077027445745,5
9208780,2024-06-08,train,Credit card,Getting a credit card,Credit card,Getting a credit card,0.8572061086226861,0.4191438272670703,1
9212259,2024-06-09,train,Credit card,Problem with a purchase shown on your statement,Credit card,Problem with a purchase shown on your statement,0.7892806206367411,0.33988806981889846,1
9212351,2024-06-09,train,Credit card,"Advertising and marketing, including promotional offers",Credit card,Other issue,0.9036466581204661,0.50095898555168,5
9212547,2024-06-09,train,Credit card,Trouble using your card,Credit card,Other issue,0.991415775905339,0.6271728388169974,1
9212735,2024-06-09,train,Checking or savings account,Problem with a lender or other company charging your account,Checking or savings account,Problem with a lender or other company charging your account,0.7195177317572081,0.3862526038677744,5
9212973,2024-06-09,train,"Money transfer, virtual currency, or money service",Other transaction problem,"Money transfer, virtual currency, or money service",Other issue,0.4486089822151437,0.4820993215852887,5
9213213,2024-06-09,train,Credit card,"Other features, terms, or problems",Credit card,"Other features, terms, or problems",0.7977426108405689,0.30840556254804813,1
9213326,2024-06-09,train,Credit card,Fees or interest,Credit card,Fees or interest,0.9650475893052072,0.5036710324082142,3
9213546,2024-06-09,train,Credit card,Getting a credit card,Credit card,Getting a credit card,0.9520287729148944,0.43081113619205735,1
9214128,2024-06-09,train,Credit card,Problem when making payments,Credit card,Other issue,0.8475508460962952,0.5514722412266121,1
9215368,2024-06-09,train,Credit card,Fees or interest,Credit card,Fees or interest,0.8968205832523061,0.3734509019688607,1
9215422,2024-06-09,train,Checking or savings account,Managing an account,Checking or savings account,Managing an account,0.7977638456257,0.6690501200231705,0
9220325,2024-06-10,train,Credit card,Problem with a purchase shown on your statement,Credit card,Problem with a purchase shown on your statement,0.7755322451759668,0.49992967453935294,5
9221824,2024-06-10,train,"Money transfer, virtual currency, or money service",Fraud or scam,"Money transfer, virtual currency, or money service",Fraud or scam,0.5474556950391094,0.40394700934841055,2
9222058,2024-06-10,train,"Money transfer, virtual currency, or money service",Fraud or scam,Checking or savings account,Managing an account,0.45861245535585926,0.3334985019295028,2
9222597,2024-06-10,train,Checking or savings account,Problem caused by your funds being low,Checking or savings account,Other issue,0.608802858749612,0.7567741971625629,3
9222675,2024-06-10,train,"Money transfer, virtual currency, or money service",Fraud or scam,"Money transfer, virtual currency, or money service",Fraud or scam,0.8339759818405837,0.4064311547232994,0
9222978,2024-06-10,train,Credit card,Closing your account,Credit card,Closing your account,0.9069576762167584,0.38366255514763997,4
9223235,2024-06-10,train,Checking or savings account,Opening an account,Checking or savings account,Opening an account,0.8044052782586557,0.27348121223831123,0
9223975,2024-06-10,train,Credit card,Problem with a purchase shown on your statement,Credit card,Problem with a purchase shown on your statement,0.6251731451649067,0.36642711182485505,2
9224153,2024-06-10,train,Credit card,Closing your account,Credit card,Closing your account,0.7959385862116939,0.30726741925814727,2
9224390,2024-06-10,train,Checking or savings account,Managing an account,Checking or savings account,Managing an account,0.9206157071198158,0.7183012824051954,0
9218109,2024-06-11,train,Credit card,Problem with a purchase shown on your statement,Credit card,Problem with a purchase shown on your statement,0.8410146124174616,0.7362854235933481,2
9226055,2024-06-11,train,Credit card,Getting a credit card,Credit card,Other issue,0.8828963953767099,0.5204613665200297,4
9227525,2024-06-11,train,Checking or savings account,Managing an account,Checking or savings account,Managing an account,0.7218046992846907,0.5076430814947439,2
9227857,2024-06-11,train,Credit card,Problem when making payments,Credit card,Other issue,0.8877326705774529,0.6751100478814901,3
9228667,2024-06-11,train,Checking or savings account,Problem with a lender or other company charging your account,Checking or savings account,Problem with a lender or other company charging your account,0.9022193930294485,0.5016860936945223,5
9228946,2024-06-11,train,Credit card,Problem with a purchase shown on your statement,Credit card,Problem with a purchase shown on your statement,0.8055231777653157,0.6762658237896195,5
9229949,2024-06-11,train,Checking or savings account,Managing an account,Checking or savings account,Managing an account,0.8569336415474784,0.6238405860998107,0
9230316,2024-06-11,train,Credit card,Fees or interest,Credit card,Fees or interest,0.9797789285019869,0.5009127765681605,4
9231514,2024-06-11,train,Checking or savings account,Managing an account,Checking or savings account,Managing an account,0.7358265856459415,0.5155457565642222,6
9231788,2024-06-11,train,Credit card,Problem with a purchase shown on your statement,Credit card,Problem with a purchase shown on your statement,0.9083934474645599,0.7183354910816069,5
9233438,2024-06-11,train,Checking or savings account,Problem caused by your funds being low,Checking or savings account,Other issue,0.880796854721328,0.47770871606453924,0
9233448,2024-06-11,train,Credit card,"Other features, terms, or problems",Credit card,"Other features, terms, or problems",0.7790591296989013,0.347257298358599,0
9233745,2024-06-11,train,Checking or savings account,Managing an account,Checking or savings account,Managing an account,0.8279725865605444,0.6074857736809315,0
9233862,2024-06-11,train,"Money transfer, virtual currency, or money service",Problem with customer service,"Money transfer, virtual currency, or money service",Other issue,0.5265187863796518,0.6018629605049483,3
9234239,2024-06-11,train,Credit card,Problem with a purchase shown on your statement,Credit card,Problem with a purchase shown on your statement,0.9281159915309642,0.6577020974878306,5
9234471,2024-06-11,train,Credit card,Getting a credit card,Credit card,Other issue,0.8844831062599001,0.5397955980597872,4
9235149,2024-06-11,train,Credit card,Problem with a company's investigation into an existing problem,Credit card,Other issue,0.8874270691838633,0.5246384980018186,4
9226648,2024-06-12,train,Credit card,"Other features, terms, or problems",Credit card,Closing an account,0.6446092910069509,0.22933369722189265,3
9226813,2024-06-12,train,Checking or savings account,Managing an account,Checking or savings account,Managing an account,0.8091817644906998,0.5972292577830255,2
9236125,2024-06-12,train,Checking or savings account,Opening an account,Checking or savings account,Opening an account,0.757154204048642,0.4124568208618788,0
9236872,2024-06-12,train,Credit card,Problem with a purchase shown on your statement,Credit card,Problem with a purchase shown on your statement,0.9140354277832132,0.4625959553360865,1
9237797,2024-06-12,train,Checking or savings account,Closing an account,Checking or savings account,Closing an account,0.887661508668906,0.37523192224744406,0
9238532,2024-06-12,train,Checking or savings account,Problem with a lender or other company charging your account,Checking or savings account,Problem with a lender or other company charging your account,0.9257756702334669,0.49945854443060533,6
9242258,2024-06-12,train,Credit card,Fees or interest,Credit card,Fees or interest,0.9830847710124601,0.7098907733894322,3
9242657,2024-06-12,train,Checking or savings account,Managing an account,Checking or savings account,Managing an account,0.8626786369332113,0.6966494720780393,6
9243408,2024-06-12,train,Checking or savings account,Closing an account,Checking or savings account,Closing an account,0.8042370027924644,0.45028457367913644,0
9243501,2024-06-12,train,Checking or savings account,Closing an account,Checking or savings account,Closing an account,0.8441546647434433,0.3843409090951633,2
9245861,2024-06-12,train,Credit card,Getting a credit card,Credit card,Getting a credit card,0.6742122704424145,0.34997617783040963,1
9240622,2024-06-13,train,Credit card,Incorrect information on your report,Credit card,Other issue,0.7754126091171519,0.5536513983576719,4
9240731,2024-06-13,train,Credit card,Problem with a purchase shown on your statement,Credit card,Problem with a purchase shown on your statement,0.702159162989259,0.5311074121241414,5
9247493,2024-06-13,train,Checking or savings account,Managing an account,Checking or savings account,Managing an account,0.8012429821284871,0.5183225563603934,4
9247992,2024-06-13,train,Checking or savings account,Managing an account,Checking or savings account,Managing an account,0.7558891428232201,0.6925405766886565,0
9248567,2024-06-13,train,Credit card,"Other features, terms, or problems",Credit card,Problem with a purchase shown on your statement,0.9237987035399817,0.23739247262446508,1
9252654,2024-06-13,train,Credit card,Problem with a purchase shown on your statement,Credit card,Problem with a purchase shown on your statement,0.8500777324773449,0.7281099931621049,5
9253870,2024-06-13,train,Checking or savings account,Closing an account,Checking or savings account,Closing an account,0.8944757957417911,0.5285680851027577,0
9254131,2024-06-13,train,Credit card,Problem with a purchase shown on your statement,Credit card,Problem with a purchase shown on your statement,0.7159271056880515,0.4629140252517815,5
9254747,2024-06-13,train,Checking or savings account,Closing an account,Checking or savings account,Closing an account,0.9158167216002461,0.621931952550107,0
9254788,2024-06-13,train,Credit card,Getting a credit card,Credit card,Getting a credit card,0.6846301854433381,0.3137127120178006,4
9255615,2024-06-13,train,Credit card,Problem with a purchase shown on your statement,Credit card,Problem with a purchase shown on your statement,0.7479555040155068,0.6672159078018641,5
9256246,2024-06-13,train,Checking or savings account,Problem with a lender or other company charging your account,Checking or savings account,Other issue,0.620843357069503,0.2504290606696459,3
9256307,2024-06-13,train,Credit card,Incorrect information on your report,Credit card,Other issue,0.8774721381833209,0.5321775905687536,4
9256332,2024-06-13,train,Checking or savings account,Closing an account,Checking or savings account,Closing an account,0.9385400720804515,0.44016303754310954,0
9256501,2024-06-13,train,"Money transfer, virtual currency, or money service",Trouble accessing funds in your mobile or digital wallet,"Money transfer, virtual currency, or money service",Other issue,0.5937688579702094,0.5299584958438063,0
9256889,2024-06-13,train,Checking or savings account,Closing an account,Checking or savings account,Closing an account,0.7337917194532422,0.37274925949284693,0
9256892,2024-06-13,train,Checking or savings account,Managing an account,Checking or savings account,Managing an account,0.8367053566274664,0.5318731988324544,0
9257713,2024-06-13,train,"Money transfer, virtual currency, or money service",Fraud or scam,"Money transfer, virtual currency, or money service",Fraud or scam,0.6468236939279836,0.3117255093522796,0
9253024,2024-06-14,train,Checking or savings account,Problem with a lender or other company charging your account,Checking or savings account,Problem with a lender or other company charging your account,0.654709637679379,0.3763397956317126,1
9261965,2024-06-14,train,Checking or savings account,Managing an account,Checking or savings account,Managing an account,0.7752954163174415,0.6285912382179876,0
9262134,2024-06-14,train,Credit card,"Advertising and marketing, including promotional offers",Credit card,Other issue,0.8793881536375137,0.4387989761510362,4
9263576,2024-06-14,train,Checking or savings account,Problem with a lender or other company charging your account,Checking or savings account,Problem with a lender or other company charging your account,0.791497587499866,0.3222838552155423,4
9263848,2024-06-14,train,Checking or savings account,Managing an account,Checking or savings account,Managing an account,0.8026141535040222,0.5937129454966634,0
9264150,2024-06-14,train,Credit card,Closing your account,Credit card,Closing your account,0.7295255240116829,0.3095107697056316,4
9264161,2024-06-14,train,"Money transfer, virtual currency, or money service",Other service problem,"Money transfer, virtual currency, or money service",Other issue,0.49305637083688686,0.46892750052801224,0
9264253,2024-06-14,train,Checking or savings account,Managing an account,Checking or savings account,Managing an account,0.9422487825928687,0.6352749342750572,0
9264326,2024-06-14,train,Credit card,Problem with a purchase shown on your statement,Credit card,Problem with a purchase shown on your statement,0.8190389090981729,0.5936849308706575,5
9264400,2024-06-14,train,Checking or savings account,Opening an account,Checking or savings account,Opening an account,0.6108392345883938,0.28017224606458074,7
9264734,2024-06-14,train,"Money transfer, virtual currency, or money service",Money was not available when promised,"Money transfer, virtual currency, or money service",Other issue,0.5507939364572559,0.6459797936370003,0
9264919,2024-06-14,train,Credit card,Problem with a purchase shown on your statement,Credit card,Problem with a purchase shown on your statement,0.8815755358254102,0.8389952690378615,5
9265195,2024-06-14,train,Credit card,Getting a credit card,Credit card,Other issue,0.5252732314995073,0.2020326032700959,6
9265996,2024-06-14,train,"Money transfer, virtual currency, or money service",Unauthorized transactions or other transaction problem,Checking or savings account,Other issue,0.4056042322108168,0.34056462079005806,0
9259878,2024-06-15,train,Checking or savings account,Closing an account,Checking or savings account,Closing an account,0.8880377412351071,0.4239310153458923,6
9260294,2024-06-15,train,Credit card,Problem with a purchase shown on your statement,Credit card,Problem with a purchase shown on your statement,0.8626284650385314,0.5296921173853422,5
9267563,2024-06-15,train,Credit card,Fees or interest,Credit card,Fees or interest,0.9553360119295393,0.7585808686589923,3
9268076,2024-06-15,train,Credit card,Problem with a purchase shown on your statement,Credit card,Problem with a purchase shown on your statement,0.8055882269141343,0.6175893831024416,5
9268155,2024-06-15,train,"Money transfer, virtual currency, or money service",Fraud or scam,"Money transfer, virtual currency, or money service",Fraud or scam,0.5311833956575549,0.33583348517596445,5
9270064,2024-06-15,train,Checking or savings account,Managing an account,Checking or savings account,Managing an account,0.8257622454601301,0.4472707752896532,2
9270182,2024-06-15,train,Checking or savings account,Closing an account,Checking or savings account,Closing an account,0.8088040271620073,0.5415626298270348,0
9270226,2024-06-15,train,Checking or savings account,Problem caused by your funds being low,Checking or savings account,Other issue,0.7010439346252634,0.46706121329119776,0
9270725,2024-06-15,train,Credit card,"Other features, terms, or problems",Credit card,"Other features, terms, or problems",0.7337999229903496,0.32422719096008873,6
9270981,2024-06-15,train,Credit card,Trouble using your card,Credit card,Other issue,0.9474194431567765,0.6019565728403936,1
9271058,2024-06-15,train,Credit card,Problem when making payments,Credit card,Other issue,0.9372534288252543,0.6574142440670772,4
9269292,2024-06-16,train,Checking or savings account,Closing an account,Checking or savings account,Other issue,0.6084236349707539,0.26387964560969435,4
9269588,2024-06-16,train,Checking or savings account,Closing an account,Checking or savings account,Closing an account,0.8709131067721346,0.4115828379932415,6
9271484,2024-06-16,train,Credit card,"Advertising and marketing, including promotional offers",Credit card,Other issue,0.9375174005247022,0.5449682906225071,1
9271632,2024-06-16,train,Checking or savings account,Managing an account,Checking or savings account,Managing an account,0.9442084813780346,0.5816600756833619,2
9271999,2024-06-16,train,"Money transfer, virtual currency, or money service","Managing, opening, or closing your mobile wallet account",Checking or savings account,Other issue,0.4212066562431928,0.41511656234809874,0
9272233,2024-06-16,train,Checking or savings account,Problem caused by your funds being low,Checking or savings account,Other issue,0.829115522255326,0.35571213605803237,2
9272523,2024-06-16,train,Checking or savings account,Managing an account,Checking or savings account,Managing an account,0.7626003424200548,0.6075413848318156,0
9274016,2024-06-16,train,Checking or savings account,Problem with a lender or other company charging your account,Checking or savings account,Managing an account,0.6462301336718012,0.26668299971914317,6
9273318,2024-06-17,train,"Money transfer, virtual currency, or money service",Trouble accessing funds in your mobile or digital wallet,"Money transfer, virtual currency, or money service",Other issue,0.6402212967298772,0.6329129323976128,0
9275611,2024-06-17,train,Credit card,"Other features, terms, or problems",Credit card,"Other features, terms, or problems",0.8694580116429466,0.28629094140301453,3
9275708,2024-06-17,train,"Money transfer, virtual currency, or money service",Fraud or scam,"Money transfer, virtual currency, or money service",Other issue,0.5597749647538832,0.31942715895627616,3
9275925,2024-06-17,train,Credit card,Fees or interest,Credit card,Fees or interest,0.9536805137523139,0.5736647045825976,3
9276547,2024-06-17,train,Credit card,Problem with a purchase shown on your statement,Credit card,Problem with a purchase shown on your statement,0.8318487700888885,0.6141217128659495,5
9276831,2024-06-17,train,Checking or savings account,Closing an account,Checking or savings account,Closing an account,0.7970289420650202,0.505453472918136,0
9277087,2024-06-17,train,Checking or savings account,Managing an account,Checking or savings account,Managing an account,0.8137306885762098,0.47952830893878556,6
9277339,2024-06-17,train,Credit card,Closing your account,Credit card,Closing your account,0.8652479879233598,0.3201175716460357,4
9277417,2024-06-17,train,Checking or savings account,Managing an account,Checking or savings account,Managing an account,0.8340273423580257,0.6687848851855718,0
9277445,2024-06-17,train,Checking or savings account,Problem caused by your funds being low,Checking or savings account,Other issue,0.8905151698794812,0.5371803384137066,7
9277454,2024-06-17,train,Checking or savings account,Managing an account,Checking or savings account,Managing an account,0.9090439613604285,0.7080241207176943,0
9278000,2024-06-17,train,Checking or savings account,Managing an account,Checking or savings account,Managing an account,0.7189436410953929,0.42635125365821813,5
9278306,2024-06-17,train,Credit card,Getting a credit card,Credit card,Getting a credit card,0.6936833510289279,0.40938015490410473,1
9278920,2024-06-17,train,Credit card,Getting a credit card,Credit card,Getting a credit card,0.891166618884634,0.7138893188422165,4
9279084,2024-06-17,train,Checking or savings account,Managing an account,Checking or savings account,Managing an account,0.8531234728627368,0.5797478633154758,6
9279575,2024-06-17,train,Credit card,Incorrect information on your report,Credit card,Other issue,0.9891033975959425,0.46322621582626566,4
9279713,2024-06-17,train,Checking or savings account,Managing an account,Checking or savings account,Managing an account,0.936519796737369,0.7642811714004643,0
9279771,2024-06-17,train,Checking or savings account,Managing an account,Checking or savings account,Managing an account,0.5684529967819363,0.4097368047277964,2
9280631,2024-06-17,train,"Money transfer, virtual currency, or money service",Other transaction problem,Checking or savings account,Other issue,0.4516050969150829,0.41569670613831106,2
9281279,2024-06-17,train,"Money transfer, virtual currency, or money service",Other transaction problem,"Money transfer, virtual currency, or money service",Other issue,0.6961709248246645,0.6111490240831485,0
9283169,2024-06-17,train,Checking or savings account,Managing an account,Checking or savings account,Managing an account,0.9459935777132866,0.7318677086781329,0
9282100,2024-06-18,train,Checking or savings account,Managing an account,Checking or savings account,Managing an account,0.7360649852665133,0.48887564423906327,5
9282263,2024-06-18,train,Credit card,Getting a credit card,Credit card,Getting a credit card,0.835829845589578,0.669941415855753,6
9282728,2024-06-18,train,Credit card,Trouble using your card,Credit card,Other issue,0.8790789790011639,0.5180161148125061,4
9284467,2024-06-18,train,"Money transfer, virtual currency, or money service",Problem with customer service,"Money transfer, virtual currency, or money service",Other issue,0.6511559774648668,0.4777628336681901,0
9287213,2024-06-18,train,Credit card,Getting a credit card,Credit card,Getting a credit card,0.9577010698077517,0.5320496658055911,1
9287464,2024-06-18,train,Checking or savings account,Closing an account,Checking or savings account,Closing an account,0.606958402599686,0.3869457800791787,1
9288270,2024-06-18,train,Credit card,Fees or interest,Credit card,Fees or interest,0.9626016010746855,0.7734616876666736,3
9288389,2024-06-18,train,Checking or savings account,Managing an account,Checking or savings account,Managing an account,0.7838568132618896,0.68506040082842,0
9289751,2024-06-18,train,Checking or savings account,Managing an account,Checking or savings account,Managing an account,0.7607916596094275,0.6518783216905407,0
9290258,2024-06-18,train,Credit card,Closing your account,Credit card,Other issue,0.8484112423383717,0.3119067580080711,4
9290362,2024-06-18,train,Credit card,Closing your account,Credit card,Closing your account,0.6146949673149108,0.39094775898600564,0
9291315,2024-06-18,train,Checking or savings account,Problem with a lender or other company charging your account,Checking or savings account,Problem with a lender or other company charging your account,0.6557464964469002,0.3194632748548584,5
9291666,2024-06-18,train,Checking or savings account,Closing an account,Checking or savings account,Closing an account,0.8612379926197039,0.5780791987174916,6
9292438,2024-06-18,train,Checking or savings account,Problem caused by your funds being low,Checking or savings account,Other issue,0.9579568674452407,0.4142946294159063,2
9293282,2024-06-18,train,Credit card,Problem with a purchase shown on your statement,Credit card,Problem with a purchase shown on your statement,0.9288912529505727,0.7620473104280924,5
9285198,2024-06-19,train,Credit card,Problem with a purchase shown on your statement,Credit card,Problem with a purchase shown on your statement,0.867888855375979,0.5676349938864397,4
9285393,2024-06-19,train,Credit card,"Advertising and marketing, including promotional offers",Credit card,Other issue,0.8992199082226265,0.6079615523866309,4
9286574,2024-06-19,train,Checking or savings account,Managing an account,Checking or savings account,Managing an account,0.8881937779226395,0.6883800979356034,0
9286597,2024-06-19,train,Checking or savings account,Managing an account,Checking or savings account,Managing an account,0.8998663766394422,0.7505536598452198,0
9295294,2024-06-19,train,Checking or savings account,Managing an account,Checking or savings account,Managing an account,0.8617426892487582,0.5777001075330405,1
9295950,2024-06-19,train,Credit card,Fees or interest,Credit card,Fees or interest,0.8670794980746258,0.47793659035327707,3
9297286,2024-06-19,train,Checking or savings account,Opening an account,Checking or savings account,Opening an account,0.7771180464655694,0.416239204684245,7
9297393,2024-06-19,train,Credit card,Fees or interest,Credit card,Fees or interest,0.9883760441908352,0.7970870189279308,3
9301058,2024-06-19,train,Credit card,Fees or interest,Credit card,Fees or interest,0.9385770985785193,0.3142506311325329,1
9301120,2024-06-19,train,Credit card,Problem with a purchase shown on your statement,Credit card,Problem with a purchase shown on your statement,0.9000898051595264,0.762851524522284,5
9302335,2024-06-19,train,Checking or savings account,Closing an account,Checking or savings account,Closing an account,0.918019830399013,0.4776360621514702,0
9302659,2024-06-20,train,Credit card,Getting a credit card,Credit card,Getting a credit card,0.8485786229242901,0.36864130958228597,4
9302660,2024-06-20,train,Credit card,Getting a credit card,Credit card,Getting a credit card,0.9350091323908214,0.41421441494804984,4
9302678,2024-06-20,train,Credit card,Problem when making payments,Credit card,Other issue,0.6415073999071368,0.6045217106071092,0
9303406,2024-06-20,train,Credit card,Problem with a purchase shown on your statement,Credit card,Problem with a purchase shown on your statement,0.8898085800656417,0.8154287815608614,5
9305801,2024-06-20,train,Credit card,Problem with a purchase shown on your statement,Credit card,Problem with a purchase shown on your statement,0.7431638184906317,0.2967006545847114,0
9305891,2024-06-20,train,Checking or savings account,Managing an account,Checking or savings account,Managing an account,0.8122479623652606,0.6518177638719663,6
9306221,2024-06-20,train,Credit card,Problem when making payments,Credit card,Other issue,0.6878750903240747,0.6213197616975699,3
9306246,2024-06-20,train,Credit card,Closing your account,Credit card,Closing your account,0.7147243531932572,0.30149238918904625,4
9306419,2024-06-20,train,"Money transfer, virtual currency, or money service",Fraud or scam,"Money transfer, virtual currency, or money service",Other issue,0.6871234512672706,0.2841572511689049,0
9308266,2024-06-20,train,Checking or savings account,Managing an account,Checking or savings account,Managing an account,0.8561691232519624,0.6831599844335515,5
9308554,2024-06-20,train,Checking or savings account,Opening an account,Checking or savings account,Managing an account,0.9424439616275084,0.3228595162972076,0
9309112,2024-06-20,train,"Money transfer, virtual currency, or money service",Trouble accessing funds in your mobile or digital wallet,"Money transfer, virtual currency, or money service",Other issue,0.7324897453011722,0.6020511379892833,5
9309976,2024-06-20,train,"Money transfer, virtual currency, or money service",Other transaction problem,"Money transfer, virtual currency, or money service",Other issue,0.4288062501661848,0.5711195510588345,0
9310519,2024-06-20,train,Credit card,Getting a credit card,Credit card,Problem with a purchase shown on your statement,0.8513738274919254,0.21125813436029198,1
9310736,2024-06-20,train,Checking or savings account,Managing an account,Checking or savings account,Managing an account,0.8565528588974168,0.6160240581188849,2
9310844,2024-06-20,train,Credit card,Incorrect information on your report,Credit card,Other issue,0.931080438497249,0.7022591084960347,3
9310994,2024-06-20,train,Credit card,"Other features, terms, or problems",Credit card,"Other features, terms, or problems",0.8630681699778756,0.3390544725733536,1
9312280,2024-06-20,train,Checking or savings account,Managing an account,Checking or savings account,Managing an account,0.7323293030242459,0.5148565798401863,5
9312994,2024-06-20,train,Credit card,Trouble using your card,Credit card,Other issue,0.547644526018557,0.5298550807093881,0
9313236,2024-06-20,train,Credit card,Problem with a purchase shown on your statement,Credit card,Problem with a purchase shown on your statement,0.944881009274708,0.852497591878892,5
9313365,2024-06-21,train,"Money transfer, virtual currency, or money service",Other transaction problem,"Money transfer, virtual currency, or money service",Other issue,0.5402646523638543,0.374747745895616,5
9315986,2024-06-21,train,Checking or savings account,Problem caused by your funds being low,Checking or savings account,Other issue,0.7031277646972502,0.5661929015632851,3
9317652,2024-06-21,train,Credit card,Fees or interest,Credit card,Fees or interest,0.8036371429071661,0.46227255330800404,7
9318152,2024-06-21,train,"Money transfer, virtual currency, or money service",Unexpected or other fees,Credit card,Other issue,0.4182165570125365,0.542861226866319,5
9318782,2024-06-21,train,Checking or savings account,Managing an account,Checking or savings account,Managing an account,0.8191736101260259,0.4636874082249743,6
9319401,2024-06-21,train,Credit card,"Other features, terms, or problems",Credit card,Other issue,0.773982613647131,0.2257781724968314,3
9319987,2024-06-21,train,Checking or savings account,Closing an account,Checking or savings account,Closing an account,0.9510758050906611,0.5199537118750474,0
9320571,2024-06-21,train,Credit card,Fees or interest,Credit card,Fees or interest,0.8517526987675426,0.4666126354687699,0
9320577,2024-06-21,train,Checking or savings account,Managing an account,Checking or savings account,Managing an account,0.7026689896954792,0.4732217280954316,0
9320961,2024-06-21,train,Checking or savings account,Problem with a lender or other company charging your account,Checking or savings account,Managing an account,0.8693787649061556,0.3226485811949554,5
9320992,2024-06-21,train,Checking or savings account,Closing an account,Checking or savings account,Closing an account,0.8921753528254909,0.6309293770721905,0
9321218,2024-06-21,train,"Money transfer, virtual currency, or money service",Money was not available when promised,"Money transfer, virtual currency, or money service",Other issue,0.6076514044748519,0.5485324547331271,0
9314335,2024-06-22,train,Credit card,"Other features, terms, or problems",Credit card,"Other features, terms, or problems",0.72788965677936,0.2663658947169535,1
9315151,2024-06-22,train,Credit card,Fees or interest,Credit card,Fees or interest,0.838936752919136,0.40318569303895535,3
9315415,2024-06-22,train,Credit card,Problem when making payments,Credit card,Other issue,0.6140968116072228,0.45200169264487866,7
9323169,2024-06-22,train,Checking or savings account,Managing an account,Checking or savings account,Managing an account,0.5424828376151799,0.4025067520656783,3
9324885,2024-06-22,train,"Money transfer, virtual currency, or money service",Other service problem,"Money transfer, virtual currency, or money service",Other issue,0.5772421184458126,0.5058393392271827,5
9325374,2024-06-22,train,Credit card,Fees or interest,Credit card,Fees or interest,0.9477563075583834,0.5585527687097626,1
9325611,2024-06-22,train,Credit card,"Advertising and marketing, including promotional offers",Credit card,Other issue,0.9705818356088101,0.6441951485436981,1
9325988,2024-06-22,train,Checking or savings account,Managing an account,Checking or savings account,Managing an account,0.7879357301801,0.63197991789202,0
9325993,2024-06-22,train,Credit card,Fees or interest,Credit card,Fees or interest,0.916080106891644,0.559740723345703,3
9326051,2024-06-22,train,Checking or savings account,Managing an account,Checking or savings account,Managing an account,0.727523007615737,0.5572167924106574,5
9326072,2024-06-22,train,Checking or savings account,Managing an account,Checking or savings account,Managing an account,0.6757344941117068,0.44076098778504236,5
9326236,2024-06-22,train,Credit card,Problem with a purchase shown on your statement,Credit card,Problem with a purchase shown on your statement,0.6990802291030034,0.4215704293163725,5
9326299,2024-06-22,train,Checking or savings account,Problem caused by your funds being low,Checking or savings account,Other issue,0.616446756429923,0.6066365629119382,3
9326369,2024-06-22,train,"Money transfer, virtual currency, or money service",Other transaction problem,Checking or savings account,Other issue,0.41083294301506945,0.38584317911768007,5
9368737,2024-06-22,train,Credit card,Getting a credit card,Credit card,Getting a credit card,0.9613057443929568,0.4702792288020019,1
9323443,2024-06-23,train,Credit card,Problem when making payments,Credit card,Other issue,0.8973504282542425,0.3718948763737806,3
9327323,2024-06-23,train,Checking or savings account,Managing an account,Checking or savings account,Managing an account,0.933844340324322,0.7961341939079967,2
9342360,2024-06-23,train,Credit card,Struggling to pay your bill,Credit card,Other issue,0.7746364305482055,0.6726219664252526,1
9367263,2024-06-23,train,Checking or savings account,Managing an account,Checking or savings account,Managing an account,0.9277170567488501,0.6117479439522674,0
9367265,2024-06-23,train,Credit card,Improper use of your report,Credit card,Other issue,0.937542326475505,0.6641208420371271,4
9367605,2024-06-23,train,Credit card,Getting a credit card,Credit card,Getting a credit card,0.924343313545274,0.45006549558008574,4
9368284,2024-06-23,train,"Money transfer, virtual currency, or money service",Fraud or scam,"Money transfer, virtual currency, or money service",Fraud or scam,0.545232254419385,0.35280552197115206,5
9368344,2024-06-23,train,Checking or savings account,Managing an account,Checking or savings account,Managing an account,0.8174824236648016,0.5203563747220197,3
9368358,2024-06-23,train,Credit card,"Other features, terms, or problems",Credit card,Managing an account,0.4861916807681785,0.23057103138876364,6
9368442,2024-06-23,train,"Money transfer, virtual currency, or money service",Other transaction problem,"Money transfer, virtual currency, or money service",Other issue,0.6018828505409646,0.5772977876636372,5
9368621,2024-06-23,train,Checking or savings account,Managing an account,Checking or savings account,Managing an account,0.8490259994459851,0.6633045864224902,0
9368626,2024-06-23,train,Checking or savings account,Managing an account,Checking or savings account,Managing an account,0.8487510387208195,0.4439521259554135,0
9328276,2024-06-24,train,Credit card,"Advertising and marketing, including promotional offers",Credit card,Other issue,0.9808278746408688,0.5173490097089882,1
9328282,2024-06-24,train,Checking or savings account,Managing an account,Checking or savings account,Managing an account,0.797959637194619,0.6283818428963489,5
9328387,2024-06-24,train,Credit card,Incorrect information on your report,Credit card,Getting a credit card,0.8189796067918031,0.3180572354755832,4
9329768,2024-06-24,train,Credit card,Problem with a purchase shown on your statement,Credit card,Problem with a purchase shown on your statement,0.7972471764252169,0.4732216140627505,3
9329826,2024-06-24,train,Checking or savings account,Managing an account,Checking or savings account,Managing an account,0.872456495410142,0.67329179188653,0
9329849,2024-06-24,train,"Money transfer, virtual currency, or money service",Other transaction problem,"Money transfer, virtual currency, or money service",Other issue,0.4440865303560702,0.5236171702273026,0
9340320,2024-06-24,train,Credit card,Fees or interest,Credit card,Fees or interest,0.8862706277343028,0.4567767996655928,4
9340592,2024-06-24,train,"Money transfer, virtual currency, or money service",Wrong amount charged or received,"Money transfer, virtual currency, or money service",Other issue,0.6562018042861313,0.49643213547399717,0
9340958,2024-06-24,train,Checking or savings account,Managing an account,Checking or savings account,Managing an account,0.9118707293370716,0.6573868922576742,0
9341050,2024-06-24,train,Credit card,Getting a credit card,Credit card,Getting a credit card,0.9838887782592368,0.6413655468763629,1
9356862,2024-06-24,train,Checking or savings account,Problem with a lender or other company charging your account,Checking or savings account,Problem with a lender or other company charging your account,0.8829949977107381,0.37083109027376454,6
9367382,2024-06-24,train,Checking or savings account,Closing an account,Checking or savings account,Closing an account,0.8516357993107013,0.5900158838308466,2
9367541,2024-06-24,train,Credit card,Problem with a purchase shown on your statement,Credit card,Problem with a purchase shown on your statement,0.8119123653533521,0.3869667659350885,7
9367574,2024-06-24,train,Checking or savings account,Closing an account,Checking or savings account,Closing an account,0.9300316743175051,0.5265530240158118,0
9367716,2024-06-24,train,Checking or savings account,Managing an account,Checking or savings account,Managing an account,0.8180561812212912,0.6461417289958179,0
9367786,2024-06-24,train,Credit card,Fees or interest,Credit card,Fees or interest,0.7129459311233486,0.5887310660283409,2
9333339,2024-06-25,train,Credit card,"Other features, terms, or problems",Credit card,"Other features, terms, or problems",0.8653277957897026,0.34406511377198895,3
9333804,2024-06-25,train,Checking or savings account,Closing an account,Checking or savings account,Closing an account,0.8917738394924111,0.5275772637568313,2
9333999,2024-06-25,train,Credit card,Fees or interest,Credit card,Fees or interest,0.9350327834270532,0.7111562357518475,3
9334209,2024-06-25,train,Credit card,Getting a credit card,Credit card,Getting a credit card,0.7926306732896755,0.20944185699526077,1
9334467,2024-06-25,train,Credit card,Fees or interest,Credit card,Fees or interest,0.9571549201717767,0.7685224881611223,3
9334837,2024-06-25,train,Credit card,Problem with a purchase shown on your statement,Credit card,Getting a credit card,0.9597335719484034,0.34765845879293267,1
9335060,2024-06-25,train,"Money transfer, virtual currency, or money service",Other transaction problem,"Money transfer, virtual currency, or money service",Other issue,0.5542069622997859,0.47070437151868577,6
9336095,2024-06-25,train,Credit card,Incorrect information on your report,Credit card,Other issue,0.8860677511611045,0.579074555722203,1
9337159,2024-06-25,train,Checking or savings account,Managing an account,Checking or savings account,Managing an account,0.8706168362762905,0.7185184756864287,0
9337319,2024-06-25,train,Checking or savings account,Managing an account,Checking or savings account,Managing an account,0.7805327215654159,0.6572416975449461,0
9337329,2024-06-25,train,Checking or savings account,Closing an account,Checking or savings account,Closing an account,0.9402757353650957,0.49498950099761596,0
9338793,2024-06-25,train,Checking or savings account,Managing an account,Checking or savings account,Managing an account,0.7181068121139674,0.608056634993347,0
9339282,2024-06-25,train,Credit card,Closing your account,Credit card,Closing your account,0.8230644072982808,0.272882602933881,4
9339532,2024-06-25,train,Checking or savings account,Managing an account,Checking or savings account,Managing an account,0.6736455314660794,0.5452308701667756,6
9339966,2024-06-25,train,Credit card,Fees or interest,Credit card,Fees or interest,0.9686835929155463,0.48224489648764574,3
9339996,2024-06-25,train,Credit card,Problem with a purchase shown on your statement,Credit card,Problem with a purchase shown on your statement,0.8992739569158387,0.6875495433168457,1
9340259,2024-06-25,train,Credit card,"Other features, terms, or problems",Credit card,"Other features, terms, or problems",0.7906958432048538,0.39353835903950607,2
9340261,2024-06-25,train,Credit card,Fees or interest,Credit card,Fees or interest,0.8435588243137669,0.42156837574353234,5
9340429,2024-06-25,train,Checking or savings account,Problem with a lender or other company charging your account,Checking or savings account,Problem with a lender or other company charging your account,0.725300974117341,0.3083757039514869,5
9342891,2024-06-25,train,Credit card,"Advertising and marketing, including promotional offers",Credit card,Other issue,0.8003252286823123,0.37653335757896356,4
9344888,2024-06-25,train,Credit card,Problem with a purchase shown on your statement,Credit card,Problem with a purchase shown on your statement,0.8979046212172395,0.4760986073632137,2
9349225,2024-06-26,train,Credit card,Struggling to pay your bill,Credit card,Other issue,0.8802277743802417,0.6832284588848493,3
9349468,2024-06-26,train,Checking or savings account,Problem with a lender or other company charging your account,Checking or savings account,Managing an account,0.7833645042550429,0.21001676668027175,0
9349801,2024-06-26,train,Checking or savings account,Managing an account,Checking or savings account,Managing an account,0.654008759553014,0.4994814938303737,0
9350223,2024-06-26,train,Checking or savings account,Managing an account,Checking or savings account,Managing an account,0.9556354906830546,0.8720730670407875,0
9350431,2024-06-26,train,Credit card,Incorrect information on your report,Credit card,Other issue,0.9627900619016091,0.5825664886331229,4
9350568,2024-06-26,train,Checking or savings account,Managing an account,Checking or savings account,Managing an account,0.6643409202918517,0.347736579471515,6
9351163,2024-06-26,train,Checking or savings account,Closing an account,Checking or savings account,Closing an account,0.6341849791652027,0.2855941822966594,0
9351350,2024-06-26,train,Credit card,Getting a credit card,Credit card,Getting a credit card,0.9432314523199629,0.41973398706347176,1
9352402,2024-06-26,train,Credit card,Problem with a purchase shown on your statement,Credit card,Problem with a purchase shown on your statement,0.7832124926737031,0.3794307028035541,3
9352930,2024-06-26,train,Credit card,Trouble using your card,Credit card,Other issue,0.988767493569571,0.6529033106940857,1
9353316,2024-06-26,train,Checking or savings account,Managing an account,Checking or savings account,Managing an account,0.8165466438975962,0.7020471558365955,0
9353585,2024-06-26,train,Credit card,Problem with a purchase shown on your statement,Credit card,Problem with a purchase shown on your statement,0.9704167178333525,0.7521679224379757,1
9355130,2024-06-26,train,Checking or savings account,Problem with a lender or other company charging your account,Checking or savings account,Problem with a lender or other company charging your account,0.8704428500201881,0.3402509569310364,2
9347556,2024-06-27,train,Checking or savings account,Managing an account,Checking or savings account,Managing an account,0.9526608317807909,0.6123236745464484,0
9358912,2024-06-27,train,Credit card,Getting a credit card,Credit card,Getting a credit card,0.9229030245501292,0.44022499284472766,4
9360380,2024-06-27,train,Checking or savings account,Managing an account,Checking or savings account,Managing an account,0.6050470274166461,0.5067960977486654,0
9360842,2024-06-27,train,Checking or savings account,Managing an account,Checking or savings account,Managing an account,0.8641186278019756,0.6667031956385796,0
9361211,2024-06-27,train,Checking or savings account,Managing an account,Checking or savings account,Managing an account,0.9156227407318072,0.606410845860519,5
9362618,2024-06-27,train,Credit card,Fees or interest,Credit card,Fees or interest,0.9183422903783897,0.3805522205972023,3
9362673,2024-06-27,train,Checking or savings account,Problem with a lender or other company charging your account,Checking or savings account,Problem with a lender or other company charging your account,0.8260740667919402,0.37043129594647733,5
9363035,2024-06-27,train,Credit card,Getting a credit card,Credit card,Getting a credit card,0.777604117996521,0.6272478659370333,4
9363549,2024-06-27,train,Checking or savings account,Closing an account,Checking or savings account,Closing an account,0.8810933402886097,0.46662721080871467,0
9364935,2024-06-27,train,Checking or savings account,Problem with a lender or other company charging your account,Checking or savings account,Problem with a lender or other company charging your account,0.7429216110087579,0.3750480856315403,2
9365141,2024-06-27,train,"Money transfer, virtual currency, or money service",Trouble accessing funds in your mobile or digital wallet,"Money transfer, virtual currency, or money service",Other issue,0.7976673064920167,0.7044733381265653,0
9358208,2024-06-28,train,Checking or savings account,Problem with a lender or other company charging your account,Checking or savings account,Managing an account,0.8768466046048771,0.35327003505027,2
9358472,2024-06-28,train,Checking or savings account,Closing an account,Checking or savings account,Closing an account,0.9308287945717649,0.49971680940796465,0
9373075,2024-06-28,train,Checking or savings account,Opening an account,Checking or savings account,Opening an account,0.8077299089971391,0.33165030774443216,0
9373405,2024-06-28,train,Checking or savings account,Managing an account,Checking or savings account,Managing an account,0.6318718828315245,0.40056755174059466,4
9374534,2024-06-28,train,Credit card,"Other features, terms, or problems",Credit card,"Other features, terms, or problems",0.6894752677402676,0.24383050828387548,2
9374884,2024-06-28,train,Credit card,Problem with a purchase shown on your statement,Credit card,Problem with a purchase shown on your statement,0.8762780878711646,0.5459719302850238,7
9375639,2024-06-28,train,Credit card,Problem with a purchase shown on your statement,Credit card,Problem with a purchase shown on your statement,0.7484502644492845,0.49463858281071216,2
9375697,2024-06-28,train,"Money transfer, virtual currency, or money service",Money was not available when promised,"Money transfer, virtual currency, or money service",Other issue,0.6282288989309214,0.5992107059226647,0
9376049,2024-06-28,train,Checking or savings account,Managing an account,Checking or savings account,Managing an account,0.5808329190257541,0.4395347851077094,3
9376378,2024-06-28,train,Checking or savings account,Managing an account,Checking or savings account,Managing an account,0.8181332406365782,0.5774612529139096,5
9377040,2024-06-28,train,Checking or savings account,Managing an account,Checking or savings account,Managing an account,0.6825428878174171,0.41107171174476786,5
9377594,2024-06-28,train,Credit card,Problem when making payments,Credit card,Other issue,0.869469228809071,0.46526814448750015,1
9378753,2024-06-28,train,Credit card,"Other features, terms, or problems",Credit card,"Other features, terms, or problems",0.8324280090299058,0.4288256102572448,1
9379350,2024-06-28,train,"Money transfer, virtual currency, or money service",Unauthorized transactions or other transaction problem,"Money transfer, virtual currency, or money service",Other issue,0.49796113225829125,0.4927727368024789,5
9381395,2024-06-28,train,Checking or savings account,Closing an account,Checking or savings account,Closing an account,0.8554746088753994,0.4215515943620653,0
9372735,2024-06-29,train,Checking or savings account,Managing an account,Checking or savings account,Managing an account,0.7304725172951603,0.6067918121494891,5
9373036,2024-06-29,train,Credit card,"Other features, terms, or problems",Credit card,"Other features, terms, or problems",0.9231093270424082,0.36839981078171047,1
9381870,2024-06-29,train,Checking or savings account,Managing an account,Checking or savings account,Managing an account,0.8618654517652385,0.63960785887718,0
9381889,2024-06-29,train,Credit card,Problem when making payments,Credit card,Other issue,0.7667006827343648,0.49606472471535124,0
9381959,2024-06-29,train,Checking or savings account,Problem with a lender or other company charging your account,Checking or savings account,Problem with a lender or other company charging your account,0.8926083301345795,0.3330007121006063,2
9382200,2024-06-29,train,Checking or savings account,Managing an account,Checking or savings account,Managing an account,0.9423784773996764,0.6470156832873728,0
9384786,2024-06-29,train,Credit card,Problem with a purchase shown on your statement,Credit card,Problem with a purchase shown on your statement,0.7943349011143264,0.5849660600301999,5
9384856,2024-06-29,train,Credit card,Closing your account,Credit card,Closing your account,0.6156460014612363,0.23308880213451008,0
9385656,2024-06-29,train,Checking or savings account,Closing an account,Checking or savings account,Closing an account,0.7050431815016237,0.35154633740667435,0
9385665,2024-06-29,train,Credit card,Fees or interest,Credit card,Fees or interest,0.8464718502852271,0.2461542645515346,1
9385923,2024-06-29,train,Credit card,Getting a credit card,Credit card,Getting a credit card,0.886406615640733,0.3672060059716855,1
9385941,2024-06-29,train,Credit card,Fees or interest,Credit card,Fees or interest,0.9456203921440337,0.8376225326766883,3
9383846,2024-06-30,train,Checking or savings account,Problem with a lender or other company charging your account,Checking or savings account,Problem with a lender or other company charging your account,0.6630108656812282,0.4261412792182059,5
9386381,2024-06-30,train,Credit card,"Other features, terms, or problems",Credit card,"Other features, terms, or problems",0.8412356261900013,0.30671152595404255,3
9386389,2024-06-30,train,Credit card,Getting a credit card,Credit card,Getting a credit card,0.896355961956882,0.4662241905211294,4
9386421,2024-06-30,train,Credit card,Trouble using your card,Credit card,Other issue,0.9535505399535035,0.5655043283445189,1
9387516,2024-06-30,train,Credit card,"Other features, terms, or problems",Credit card,"Other features, terms, or problems",0.7326491992162548,0.25889199938515667,2
9389127,2024-06-30,train,Credit card,Problem with a purchase shown on your statement,Credit card,Problem with a purchase shown on your statement,0.7758453471480475,0.6081192642816146,2
9389879,2024-06-30,train,Checking or savings account,Problem with a lender or other company charging your account,Checking or savings account,Problem with a lender or other company charging your account,0.6800994020689419,0.2906615957758608,5
9390256,2024-06-30,train,Checking or savings account,Managing an account,Checking or savings account,Managing an account,0.6425068869004191,0.4401871623259767,6
9390257,2024-06-30,train,Checking or savings account,Problem with a lender or other company charging your account,Checking or savings account,Problem with a lender or other company charging your account,0.8462175280356936,0.2931993351629915,0
9393162,2024-07-01,validation,Checking or savings account,Managing an account,Checking or savings account,Managing an account,0.591508253425577,0.3281534770846803,1
9393191,2024-07-01,validation,"Money transfer, virtual currency, or money service",Other service problem,Credit card,Managing an account,0.43141674051065676,0.3169444195915066,6
9395407,2024-07-01,validation,Credit card,Problem with a purchase shown on your statement,Credit card,Problem with a purchase shown on your statement,0.9110613415112616,0.355348231310325,1
9397099,2024-07-01,validation,Credit card,Closing your account,Credit card,Other issue,0.8594151437709225,0.48287604430201453,1
9397781,2024-07-01,validation,Checking or savings account,Managing an account,Credit card,Other issue,0.5840625399214175,0.2865541449602826,5
9398026,2024-07-01,validation,"Money transfer, virtual currency, or money service",Other transaction problem,Checking or savings account,Managing an account,0.5968390342997296,0.32875169246345726,5
9398303,2024-07-01,validation,"Money transfer, virtual currency, or money service",Fraud or scam,Checking or savings account,Managing an account,0.6387687874702848,0.35827153718646143,0
9398836,2024-07-01,validation,Checking or savings account,Managing an account,Checking or savings account,Managing an account,0.8785225547557485,0.6497991409253726,0
9399166,2024-07-01,validation,Credit card,Problem with a company's investigation into an existing problem,Credit card,Other issue,0.9660411587968566,0.3159909052206339,3
9401366,2024-07-02,validation,"Money transfer, virtual currency, or money service",Confusing or missing disclosures,Checking or savings account,Other issue,0.42655246018387943,0.31662336330598184,0
9401537,2024-07-02,validation,Credit card,"Other features, terms, or problems",Credit card,Other issue,0.8557203332805549,0.2783615534226847,1
9401609,2024-07-02,validation,"Money transfer, virtual currency, or money service",Trouble accessing funds in your mobile or digital wallet,Checking or savings account,Managing an account,0.5956976132792487,0.36648408210347433,1
9403838,2024-07-02,validation,Credit card,Trouble using your card,Credit card,Managing an account,0.6903207894483134,0.35503314857701407,1
9404004,2024-07-02,validation,Checking or savings account,Managing an account,Checking or savings account,Managing an account,0.8705917896542685,0.5406948016203561,2
9404606,2024-07-02,validation,Credit card,Closing your account,Credit card,Other issue,0.9050535226738267,0.3444398602218197,4
9404620,2024-07-02,validation,Checking or savings account,Managing an account,Checking or savings account,Managing an account,0.8269111354917333,0.40522416538518113,6
9405414,2024-07-02,validation,Checking or savings account,Opening an account,Checking or savings account,Managing an account,0.9326939702352258,0.31077128089265066,0
9405835,2024-07-02,validation,Checking or savings account,Managing an account,Credit card,Problem with a purchase shown on your statement,0.6330894967599479,0.5540209763274437,5
9405970,2024-07-02,validation,Checking or savings account,Closing an account,Checking or savings account,Managing an account,0.6932042610666522,0.32848139435722323,0
9406463,2024-07-02,validation,Credit card,Problem with a purchase shown on your statement,Credit card,Problem with a purchase shown on your statement,0.5657758816924294,0.47214571967079333,5
9408125,2024-07-02,validation,"Money transfer, virtual currency, or money service",Fraud or scam,Credit card,Other issue,0.4566432325349319,0.3599788241519834,5
9409578,2024-07-02,validation,Checking or savings account,Problem with a lender or other company charging your account,Checking or savings account,Managing an account,0.7229131068321972,0.3412964483388032,2
9411031,2024-07-02,validation,Checking or savings account,Managing an account,Checking or savings account,Managing an account,0.9248298670978397,0.5123933512965441,0
9411263,2024-07-02,validation,Credit card,Problem with a purchase shown on your statement,Credit card,Problem with a purchase shown on your statement,0.49462670325009256,0.4137564467970519,2
9411706,2024-07-02,validation,Credit card,"Other features, terms, or problems",Credit card,Other issue,0.47669039015359915,0.5476132721223991,2
9411797,2024-07-02,validation,Credit card,Problem with a purchase shown on your statement,Credit card,Problem with a purchase shown on your statement,0.8377261342831884,0.33558040051042326,1
9410942,2024-07-03,validation,Checking or savings account,Problem with a lender or other company charging your account,Checking or savings account,Problem with a purchase shown on your statement,0.584953263073381,0.3826742108210108,5
9412150,2024-07-03,validation,Credit card,"Other features, terms, or problems",Credit card,"Other features, terms, or problems",0.9117111484493066,0.327362883636712,1
9412203,2024-07-03,validation,Credit card,Trouble using your card,Checking or savings account,Managing an account,0.6436347531658122,0.3636971655202208,6
9414001,2024-07-03,validation,Checking or savings account,Managing an account,Checking or savings account,Managing an account,0.8664617331509537,0.5746926691790905,0
9414379,2024-07-03,validation,Checking or savings account,Managing an account,Checking or savings account,Managing an account,0.524721035570063,0.35445919395152803,3
9415545,2024-07-03,validation,Checking or savings account,Opening an account,Credit card,Other issue,0.6267063980907259,0.28753287777657455,4
9416566,2024-07-03,validation,Credit card,"Advertising and marketing, including promotional offers",Credit card,Other issue,0.4345279838736687,0.3161546088372596,5
9417436,2024-07-03,validation,Credit card,Getting a credit card,Credit card,Problem with a purchase shown on your statement,0.6622383398032904,0.214547238953935,4
9418940,2024-07-03,validation,Checking or savings account,Managing an account,Checking or savings account,Managing an account,0.8266303635945661,0.38203530964955235,0
9419177,2024-07-03,validation,Checking or savings account,Problem caused by your funds being low,Checking or savings account,Managing an account,0.8117851224270534,0.39220270019095227,2
9419515,2024-07-03,validation,Checking or savings account,Opening an account,Checking or savings account,Managing an account,0.817558313477777,0.5410826718282284,6
9419668,2024-07-03,validation,Checking or savings account,Opening an account,Checking or savings account,Managing an account,0.8593595248648427,0.3531915773154983,6
9420205,2024-07-03,validation,Checking or savings account,Managing an account,Checking or savings account,Managing an account,0.9157458481575664,0.7478293110820323,0
9420571,2024-07-03,validation,Checking or savings account,Managing an account,Checking or savings account,Managing an account,0.9075604280016628,0.5222340814513959,0
9412912,2024-07-04,validation,Checking or savings account,Managing an account,Checking or savings account,Managing an account,0.9610433513976414,0.8486729125792649,6
9421101,2024-07-04,validation,Credit card,Closing your account,Checking or savings account,Other issue,0.46159271567392374,0.20346432729248723,0
9422932,2024-07-04,validation,"Money transfer, virtual currency, or money service","Managing, opening, or closing your mobile wallet account",Checking or savings account,Managing an account,0.8399836920352685,0.5239261528830704,0
9423188,2024-07-04,validation,Checking or savings account,Managing an account,Checking or savings account,Managing an account,0.7375479899182544,0.6204030101778751,4
9424060,2024-07-04,validation,Credit card,Getting a credit card,Checking or savings account,Other issue,0.548048743571896,0.225011674978506,4
9424424,2024-07-04,validation,Credit card,Problem with a purchase shown on your statement,Credit card,Problem with a purchase shown on your statement,0.6657683559483449,0.5446919283802478,5
9425012,2024-07-04,validation,Checking or savings account,Managing an account,Checking or savings account,Managing an account,0.8294673389543968,0.38867826921846294,2
9425411,2024-07-04,validation,Credit card,Closing your account,Credit card,Other issue,0.8995288417447752,0.18297403234371706,4
9425754,2024-07-04,validation,"Money transfer, virtual currency, or money service",Other transaction problem,Checking or savings account,Managing an account,0.5260082597224198,0.3038147551590243,4
9425898,2024-07-04,validation,Credit card,Fees or interest,Credit card,Other issue,0.9858954629977732,0.31890896640569544,3
9426006,2024-07-04,validation,Checking or savings account,Managing an account,Checking or savings account,Other issue,0.39155935308595935,0.404208742695181,3
9427689,2024-07-04,validation,Checking or savings account,Closing an account,Checking or savings account,Managing an account,0.8331911867469186,0.2843878251733514,4
9428282,2024-07-05,validation,Credit card,Problem when making payments,Credit card,Other issue,0.8747533771139278,0.4476399700629816,3
9428593,2024-07-05,validation,Credit card,Closing your account,Credit card,Closing your account,0.7767189051172104,0.20123063822955636,4
9431233,2024-07-05,validation,"Money transfer, virtual currency, or money service",Unauthorized transactions or other transaction problem,Credit card,Other issue,0.3939913315995056,0.2940029205897627,5
9433529,2024-07-05,validation,"Money transfer, virtual currency, or money service",Fraud or scam,"Money transfer, virtual currency, or money service",Other issue,0.46188737030098703,0.29479295476519846,6
9433586,2024-07-05,validation,"Money transfer, virtual currency, or money service",Money was not available when promised,Checking or savings account,Managing an account,0.6076521259226179,0.342806757672555,0
9434041,2024-07-05,validation,Credit card,Fees or interest,Credit card,Other issue,0.7507903064915977,0.19633446950609046,1
9434055,2024-07-05,validation,Credit card,Problem with a purchase shown on your statement,Credit card,Problem with a purchase shown on your statement,0.6061338870361053,0.5447835055898237,5
9434368,2024-07-05,validation,"Money transfer, virtual currency, or money service",Fraud or scam,Checking or savings account,Managing an account,0.8102802932676292,0.39388262147480957,2
9434699,2024-07-05,validation,Checking or savings account,Closing an account,Checking or savings account,Managing an account,0.8962877086217861,0.41382679528092575,6
9434800,2024-07-05,validation,"Money transfer, virtual currency, or money service",Trouble accessing funds in your mobile or digital wallet,Credit card,Other issue,0.3718670060285417,0.42020861910815716,3
9434959,2024-07-05,validation,"Money transfer, virtual currency, or money service",Unauthorized transactions or other transaction problem,Credit card,Problem with a purchase shown on your statement,0.6667238343750294,0.28255549554988746,2
9435014,2024-07-05,validation,Credit card,Problem with a purchase shown on your statement,Credit card,Problem with a purchase shown on your statement,0.7098446309878431,0.3208024543955884,2
9435019,2024-07-05,validation,"Money transfer, virtual currency, or money service",Money was not available when promised,"Money transfer, virtual currency, or money service",Other issue,0.6496620709661857,0.6607771707334682,0
9437575,2024-07-05,validation,Credit card,Fees or interest,Credit card,Fees or interest,0.8924247148123018,0.20474751264663535,1
9432307,2024-07-06,validation,Credit card,Fees or interest,Credit card,Problem with a purchase shown on your statement,0.8153083159773332,0.3189469067769178,4
9432320,2024-07-06,validation,Credit card,Fees or interest,Credit card,Problem with a purchase shown on your statement,0.8103075720609784,0.3156941714090926,4
9432338,2024-07-06,validation,Checking or savings account,Closing an account,Checking or savings account,Managing an account,0.9099862535506037,0.445549591381207,2
9444575,2024-07-06,validation,Credit card,Getting a credit card,Credit card,Other issue,0.5236066734808755,0.23224502286767748,4
9446197,2024-07-06,validation,Credit card,"Advertising and marketing, including promotional offers",Credit card,Other issue,0.8542520489589838,0.3470861166878846,2
9446590,2024-07-06,validation,Checking or savings account,Opening an account,Checking or savings account,Managing an account,0.863160491618557,0.5087758426376835,0
9447306,2024-07-06,validation,Checking or savings account,Opening an account,Checking or savings account,Managing an account,0.8778121277332928,0.444537073515485,0
9441397,2024-07-07,validation,Checking or savings account,Opening an account,Checking or savings account,Managing an account,0.6182126971832472,0.18196366719195706,4
9442017,2024-07-07,validation,Credit card,Trouble using your card,Credit card,Other issue,0.8342791131282774,0.3628213656131458,1
9442176,2024-07-07,validation,Checking or savings account,Problem with a lender or other company charging your account,Checking or savings account,Problem with a lender or other company charging your account,0.7041015278500797,0.2347859742796513,2
9442268,2024-07-07,validation,Credit card,Getting a credit card,Checking or savings account,Other issue,0.4671090105416532,0.2344030973691402,0
9442403,2024-07-07,validation,Credit card,"Other features, terms, or problems",Credit card,Other issue,0.750702379158883,0.19644243304821804,1
9442853,2024-07-07,validation,Credit card,Fees or interest,Credit card,Fees or interest,0.9376970772290607,0.27548605949469657,1
9445224,2024-07-07,validation,"Money transfer, virtual currency, or money service",Trouble accessing funds in your mobile or digital wallet,Checking or savings account,Other issue,0.4435411338771191,0.30633368707129205,0
9439189,2024-07-08,validation,Credit card,Problem with a purchase shown on your statement,Credit card,Problem with a purchase shown on your statement,0.9225590017206247,0.7009108055386964,5
9439915,2024-07-08,validation,Checking or savings account,Closing an account,Checking or savings account,Managing an account,0.6778814136893823,0.38348315220070966,0
9441806,2024-07-08,validation,Credit card,Incorrect information on your report,Credit card,Other issue,0.8088813102661261,0.28010844465852724,4
9452610,2024-07-08,validation,"Money transfer, virtual currency, or money service",Fraud or scam,Checking or savings account,Managing an account,0.7316537862788404,0.29692840430996376,2
9452868,2024-07-08,validation,Checking or savings account,Managing an account,Checking or savings account,Managing an account,0.6059602523418565,0.25787986586692924,2
9453310,2024-07-08,validation,Checking or savings account,Managing an account,Checking or savings account,Managing an account,0.829753618784816,0.6212768504919157,0
9453939,2024-07-08,validation,Checking or savings account,Opening an account,Checking or savings account,Opening an account,0.688428094339812,0.31140594991672704,4
9454078,2024-07-08,validation,Checking or savings account,Opening an account,Checking or savings account,Opening an account,0.7534776474369784,0.30536861607604165,2
9454110,2024-07-08,validation,Checking or savings account,Managing an account,Checking or savings account,Managing an account,0.6435102327328608,0.49698691762987585,5
9454325,2024-07-08,validation,Checking or savings account,Managing an account,Checking or savings account,Closing an account,0.614226982187377,0.20350323407349255,0
9456266,2024-07-08,validation,Checking or savings account,Problem with a lender or other company charging your account,Checking or savings account,Managing an account,0.7889679680493911,0.3757664323002656,5
9456535,2024-07-08,validation,Checking or savings account,Managing an account,Checking or savings account,Opening an account,0.855145291207087,0.3384884014059843,0
9456719,2024-07-08,validation,Checking or savings account,Managing an account,Checking or savings account,Managing an account,0.6829643340387193,0.4581307662061511,5
9456996,2024-07-08,validation,Credit card,Fees or interest,Credit card,Fees or interest,0.912095088979925,0.5415231797021075,3
9457193,2024-07-08,validation,Checking or savings account,Managing an account,Checking or savings account,Other issue,0.43411551294672135,0.46360919874104944,4
9449846,2024-07-09,validation,Checking or savings account,Managing an account,Checking or savings account,Managing an account,0.7723521738468525,0.4032107912053602,2
9457826,2024-07-09,validation,Credit card,Problem when making payments,Credit card,Other issue,0.7084624976918394,0.4687974493471019,3
9457829,2024-07-09,validation,Checking or savings account,Managing an account,Checking or savings account,Managing an account,0.5169252323026268,0.3213447378658409,6
9458206,2024-07-09,validation,"Money transfer, virtual currency, or money service",Other transaction problem,Checking or savings account,Closing an account,0.6737423136884976,0.3773008781146939,0
9460100,2024-07-09,validation,"Money transfer, virtual currency, or money service",Other transaction problem,"Money transfer, virtual currency, or money service",Other issue,0.5883557189310279,0.4169303865191789,0
9460300,2024-07-09,validation,"Money transfer, virtual currency, or money service",Fraud or scam,Checking or savings account,Managing an account,0.9356103288581301,0.6817490654810302,0
9461422,2024-07-09,validation,Credit card,Problem when making payments,Credit card,Other issue,0.7529432926098621,0.3890741110984004,7
9461570,2024-07-09,validation,Credit card,Getting a credit card,Credit card,Other issue,0.8054045978805048,0.19873578999832328,1
9462418,2024-07-09,validation,Credit card,Problem with a purchase shown on your statement,Credit card,Other issue,0.9294386036097749,0.2781450678222518,4
9462558,2024-07-09,validation,Credit card,Problem with a purchase shown on your statement,Credit card,Problem with a purchase shown on your statement,0.6129453383318769,0.32084945113580937,5
9463485,2024-07-09,validation,Credit card,"Other features, terms, or problems",Credit card,Other issue,0.6076197863193677,0.3410683385025518,3
9463638,2024-07-09,validation,Credit card,Fees or interest,Credit card,Fees or interest,0.9161590525175762,0.30004421098418543,3
9464196,2024-07-09,validation,Checking or savings account,Closing an account,Checking or savings account,Managing an account,0.9120885392372629,0.6269945422582643,0
9464295,2024-07-09,validation,Checking or savings account,Managing an account,Checking or savings account,Managing an account,0.8268144642364876,0.3559404947238239,5
9465490,2024-07-09,validation,Checking or savings account,Closing an account,Checking or savings account,Managing an account,0.7909647518338542,0.5059087201400919,0
9466125,2024-07-09,validation,Checking or savings account,Managing an account,Checking or savings account,Managing an account,0.768550312404265,0.3280569333169799,0
9466362,2024-07-09,validation,Checking or savings account,Opening an account,Credit card,Getting a credit card,0.6393284370412832,0.21955499133279904,1
9459147,2024-07-10,validation,Credit card,Getting a credit card,Credit card,Other issue,0.8647684488367383,0.27008841078835044,1
9466814,2024-07-10,validation,Credit card,Problem with a purchase shown on your statement,Credit card,Problem with a purchase shown on your statement,0.9296453166832565,0.34578376158155805,1
9466830,2024-07-10,validation,Checking or savings account,Managing an account,Checking or savings account,Managing an account,0.8684185596433964,0.5055045733980873,2
9467874,2024-07-10,validation,Credit card,Trouble using your card,Credit card,Other issue,0.9418265155595301,0.4793611130866857,4
9468767,2024-07-10,validation,Checking or savings account,Opening an account,Checking or savings account,Managing an account,0.8924814014154115,0.2219867291412725,6
9470555,2024-07-10,validation,Checking or savings account,Closing an account,Checking or savings account,Managing an account,0.917278392091167,0.5862649821522058,0
9471873,2024-07-10,validation,Checking or savings account,Opening an account,Checking or savings account,Other issue,0.6613004817876459,0.2821188626745409,0
9472701,2024-07-10,validation,Credit card,Getting a credit card,Credit card,Other issue,0.625586169501736,0.14674878771785826,1
9473396,2024-07-10,validation,Checking or savings account,Managing an account,Checking or savings account,Closing an account,0.7310497183455278,0.46308524562060677,0
9473449,2024-07-10,validation,Credit card,"Other features, terms, or problems",Checking or savings account,Managing an account,0.4484180391852648,0.23654156940511123,0
9473816,2024-07-10,validation,Checking or savings account,Managing an account,Checking or savings account,Managing an account,0.6688624817766629,0.4366514853013544,0
9475052,2024-07-10,validation,Checking or savings account,Managing an account,Checking or savings account,Managing an account,0.7609877931506824,0.4916890779655476,0
9475131,2024-07-10,validation,Credit card,Incorrect information on your report,Credit card,Other issue,0.8580695076603183,0.334590799364163,4
9475187,2024-07-10,validation,Credit card,Problem with a purchase shown on your statement,Checking or savings account,Problem with a purchase shown on your statement,0.42128426879685443,0.45214793892226196,5
9475241,2024-07-10,validation,Checking or savings account,Managing an account,Checking or savings account,Managing an account,0.9437525080711682,0.546942087067833,0
9475361,2024-07-10,validation,"Money transfer, virtual currency, or money service",Money was not available when promised,Checking or savings account,Managing an account,0.5979860067962223,0.40233672720363256,2
9475737,2024-07-10,validation,Checking or savings account,Closing an account,Checking or savings account,Managing an account,0.8016230398474969,0.4356237209390034,4
9476028,2024-07-10,validation,Credit card,Closing your account,Credit card,Closing an account,0.8156686151342466,0.22645899122858548,1
9476131,2024-07-10,validation,Checking or savings account,Managing an account,Checking or savings account,Managing an account,0.7215286619071736,0.31409048497852293,7
9476547,2024-07-10,validation,Checking or savings account,Closing an account,Checking or savings account,Closing an account,0.6860985400247326,0.33816909490422525,0
9479583,2024-07-11,validation,Credit card,Problem with a purchase shown on your statement,Credit card,Problem with a purchase shown on your statement,0.8483962603051153,0.6297099477259803,5
9480888,2024-07-11,validation,Checking or savings account,Managing an account,Checking or savings account,Managing an account,0.8966542671133342,0.42863238487423716,0
9483266,2024-07-11,validation,Checking or savings account,Problem caused by your funds being low,Checking or savings account,Managing an account,0.7426163846881086,0.2753657728684573,2
9484094,2024-07-11,validation,"Money transfer, virtual currency, or money service",Other transaction problem,"Money transfer, virtual currency, or money service",Other issue,0.5318843918590532,0.26868880842343645,6
9484508,2024-07-11,validation,Checking or savings account,Managing an account,Checking or savings account,Managing an account,0.8742608128781275,0.36044532549049657,2
9484765,2024-07-11,validation,Credit card,Problem with a purchase shown on your statement,Credit card,Problem with a purchase shown on your statement,0.5772030123453933,0.2869964516125617,7
9488442,2024-07-11,validation,Checking or savings account,Managing an account,Checking or savings account,Managing an account,0.8065915583784056,0.4408102618112133,0
9490534,2024-07-11,validation,"Money transfer, virtual currency, or money service",Fraud or scam,Checking or savings account,Managing an account,0.6583867934970574,0.30920274280005067,6
9486209,2024-07-12,validation,Checking or savings account,Managing an account,Checking or savings account,Managing an account,0.5699700546429537,0.26855705270579694,0
9487967,2024-07-12,validation,Credit card,Closing your account,Credit card,Other issue,0.8854857695720564,0.2542018231144981,4
9498546,2024-07-12,validation,Checking or savings account,Managing an account,Checking or savings account,Managing an account,0.7379070697463691,0.3566296149934407,5
9498580,2024-07-12,validation,Checking or savings account,Managing an account,Credit card,Other issue,0.8972515225949981,0.3204434235182066,4
9498690,2024-07-12,validation,Checking or savings account,Managing an account,Checking or savings account,Managing an account,0.708190847675269,0.5218368814857494,0
9498936,2024-07-12,validation,Credit card,Fees or interest,Credit card,Fees or interest,0.6664963629449489,0.3679331656352425,3
9499212,2024-07-12,validation,Checking or savings account,Managing an account,Checking or savings account,Managing an account,0.6645547848270901,0.31925643364219247,6
9499922,2024-07-12,validation,Credit card,Problem with a purchase shown on your statement,Credit card,Problem with a purchase shown on your statement,0.9473397768586738,0.6661719626690148,1
9500231,2024-07-12,validation,Checking or savings account,Managing an account,Checking or savings account,Managing an account,0.7950984197350225,0.6461604324998869,0
9500290,2024-07-12,validation,Checking or savings account,Managing an account,Checking or savings account,Managing an account,0.8362017648394556,0.4881765183667765,6
9500693,2024-07-12,validation,Credit card,Struggling to pay your bill,Credit card,Managing an account,0.5177009060091061,0.283648450804478,0
9500853,2024-07-12,validation,Checking or savings account,Managing an account,Checking or savings account,Managing an account,0.811314499758547,0.4913553195447764,0
9501152,2024-07-12,validation,Checking or savings account,Managing an account,Checking or savings account,Managing an account,0.8894968095421631,0.754054552563652,4
9502328,2024-07-12,validation,Checking or savings account,Managing an account,Checking or savings account,Managing an account,0.9286266097681396,0.6766221777558716,0
9502548,2024-07-12,validation,Credit card,Problem when making payments,Checking or savings account,Other issue,0.5148073217911378,0.2648290512865855,6
9491432,2024-07-13,validation,Checking or savings account,Closing an account,Checking or savings account,Managing an account,0.8034269040195167,0.4118352670132918,0
9492393,2024-07-13,validation,"Money transfer, virtual currency, or money service",Money was not available when promised,"Money transfer, virtual currency, or money service",Other issue,0.4567856375123257,0.32003714453577414,0
9492494,2024-07-13,validation,Credit card,Fees or interest,Credit card,Other issue,0.8152542797842789,0.32585534884366374,1
9492716,2024-07-13,validation,Checking or savings account,Problem with a lender or other company charging your account,Credit card,Other issue,0.47639495476971655,0.31537284289959794,4
9493270,2024-07-13,validation,Checking or savings account,Opening an account,Checking or savings account,Getting a credit card,0.4920811624088776,0.3089296420914635,1
9494134,2024-07-13,validation,Credit card,Problem with a purchase shown on your statement,Credit card,Problem with a purchase shown on your statement,0.8842933827293957,0.3844491929451243,1
9498345,2024-07-13,validation,Credit card,"Other features, terms, or problems",Credit card,Other issue,0.5267941887475114,0.3255911120597799,5
9503271,2024-07-13,validation,"Money transfer, virtual currency, or money service",Wrong amount charged or received,Credit card,Other issue,0.4734023200505302,0.6037234333255762,5
9503908,2024-07-13,validation,Credit card,Closing your account,Credit card,Other issue,0.9804012443197354,0.24157335056735593,1
9507627,2024-07-14,validation,Checking or savings account,Opening an account,Checking or savings account,Managing an account,0.9084643564329526,0.3151394804442903,2
9507835,2024-07-14,validation,Credit card,Getting a credit card,Credit card,Problem with a purchase shown on your statement,0.6656057021884041,0.22467119190028084,4
9507901,2024-07-14,validation,Credit card,Getting a credit card,Credit card,Getting a credit card,0.9929492363201842,0.4738114496405414,1
9508315,2024-07-14,validation,Checking or savings account,Problem with a lender or other company charging your account,Checking or savings account,Managing an account,0.7093522709239561,0.34041162468526165,2
9508723,2024-07-14,validation,Checking or savings account,Opening an account,Checking or savings account,Managing an account,0.838204511633759,0.2906537359767141,0
9511486,2024-07-14,validation,Credit card,Incorrect information on your report,Credit card,Getting a credit card,0.9490212236851313,0.40836428600947483,4
9506048,2024-07-15,validation,Checking or savings account,Managing an account,Checking or savings account,Managing an account,0.8815493643819399,0.6048519585135255,0
9506148,2024-07-15,validation,Credit card,"Advertising and marketing, including promotional offers",Credit card,Other issue,0.9019060210240167,0.46312953424679487,1
9507031,2024-07-15,validation,Checking or savings account,Managing an account,Checking or savings account,Managing an account,0.9294079520271182,0.6607209794683112,6
9511917,2024-07-15,validation,Credit card,Fees or interest,Credit card,Problem with a purchase shown on your statement,0.9095147058243087,0.2952973711125064,1
9512075,2024-07-15,validation,Credit card,Closing your account,Checking or savings account,Closing an account,0.5489010109949647,0.2601031049093877,1
9512599,2024-07-15,validation,Checking or savings account,Managing an account,Checking or savings account,Managing an account,0.612049324254041,0.3469105037574513,5
9513300,2024-07-15,validation,"Money transfer, virtual currency, or money service",Unauthorized transactions or other transaction problem,Credit card,Problem with a purchase shown on your statement,0.88673117994852,0.33181939872927707,1
9514217,2024-07-15,validation,Credit card,Trouble using your card,Credit card,Other issue,0.8105687461734791,0.319108218388312,1
9514279,2024-07-15,validation,Checking or savings account,Managing an account,Credit card,Other issue,0.4926457657888247,0.34310813304738264,4
9514764,2024-07-15,validation,Checking or savings account,Problem caused by your funds being low,Checking or savings account,Other issue,0.7353517193386093,0.31496670881987177,7
9515385,2024-07-15,validation,Credit card,Getting a credit card,Credit card,Other issue,0.8261174433509517,0.242366174640298,1
9515840,2024-07-15,validation,Credit card,"Other features, terms, or problems",Credit card,Other issue,0.9815425957445854,0.6198830726236177,3
9516556,2024-07-15,validation,Checking or savings account,Closing an account,Checking or savings account,Managing an account,0.6602810950533439,0.3161475833167053,0
9520198,2024-07-15,validation,"Money transfer, virtual currency, or money service",Trouble accessing funds in your mobile or digital wallet,"Money transfer, virtual currency, or money service",Other issue,0.5762001344334479,0.5653664182056308,0
9511834,2024-07-16,validation,Checking or savings account,Opening an account,Checking or savings account,Managing an account,0.8625486582510101,0.490124097342151,4
9523417,2024-07-16,validation,Credit card,"Other features, terms, or problems",Credit card,Getting a credit card,0.9654111393242277,0.5031579532188494,1
9526148,2024-07-16,validation,Checking or savings account,Opening an account,Checking or savings account,Other issue,0.7639760920834149,0.21787625571866465,6
9526208,2024-07-16,validation,Credit card,Fees or interest,Credit card,Other issue,0.6585173011666021,0.23554773059517375,4
9526357,2024-07-16,validation,Credit card,Problem with a purchase shown on your statement,Credit card,Problem with a purchase shown on your statement,0.762829901996073,0.4132107430466339,5
9527405,2024-07-16,validation,Checking or savings account,Problem caused by your funds being low,Credit card,Problem with a purchase shown on your statement,0.6199839283329158,0.5910176757680028,5
9527691,2024-07-16,validation,Checking or savings account,Closing an account,Checking or savings account,Managing an account,0.8796316310283977,0.3046774576108443,2
9527819,2024-07-16,validation,Checking or savings account,Closing an account,Checking or savings account,Managing an account,0.8031442458446949,0.4714403589436166,6
9528089,2024-07-16,validation,Credit card,Fees or interest,Credit card,Fees or interest,0.7120714736025946,0.4955652428053183,3
9528215,2024-07-16,validation,Checking or savings account,Problem with a lender or other company charging your account,Checking or savings account,Managing an account,0.7826350927157524,0.3106614242642039,5
9528382,2024-07-16,validation,Checking or savings account,Closing an account,Checking or savings account,Managing an account,0.9330956036398415,0.35572700812129965,0
9528520,2024-07-16,validation,Checking or savings account,Managing an account,Checking or savings account,Managing an account,0.9646331203917866,0.6465486041566286,0
9528968,2024-07-16,validation,Checking or savings account,Problem with a lender or other company charging your account,Checking or savings account,Managing an account,0.776690921085386,0.321442982334354,2
9529465,2024-07-16,validation,Checking or savings account,Managing an account,Checking or savings account,Managing an account,0.9149200613460337,0.7366743169207826,2
9529787,2024-07-16,validation,Credit card,"Advertising and marketing, including promotional offers",Credit card,Other issue,0.7914426894116623,0.31965903952902036,1
9529997,2024-07-16,validation,Credit card,Problem with a purchase shown on your statement,Credit card,Other issue,0.5813091021017932,0.2162997594874751,1
9530905,2024-07-16,validation,Checking or savings account,Managing an account,Checking or savings account,Managing an account,0.6445531005657149,0.312277370826964,2
9531062,2024-07-16,validation,Checking or savings account,Managing an account,Checking or savings account,Problem with a lender or other company charging your account,0.6514787826131536,0.2991406328945483,6
9531222,2024-07-16,validation,Credit card,Trouble using your card,Credit card,Managing an account,0.600031387447967,0.39541689948946884,1
9531235,2024-07-16,validation,Credit card,Problem with a purchase shown on your statement,Credit card,Problem with a purchase shown on your statement,0.9025015464254399,0.4107149761198979,1
9531476,2024-07-16,validation,Checking or savings account,Problem with a lender or other company charging your account,Checking or savings account,Other issue,0.7598394971647238,0.24348188988843752,2
9531503,2024-07-16,validation,Credit card,Problem with a company's investigation into an existing problem,Credit card,Other issue,0.8387666977313972,0.2043810419155788,0
9522765,2024-07-17,validation,Credit card,Problem when making payments,Credit card,Fees or interest,0.9033514935833803,0.30080603744814627,3
9523621,2024-07-17,validation,Checking or savings account,Managing an account,Checking or savings account,Managing an account,0.6521203103211166,0.44531027985909294,2
9525407,2024-07-17,validation,Credit card,"Other features, terms, or problems",Credit card,Getting a credit card,0.9484758038677489,0.29014253828375547,4
9536927,2024-07-17,validation,Credit card,Closing your account,Credit card,Other issue,0.7589943720404468,0.5188104470975358,3
9537167,2024-07-17,validation,Credit card,Problem with a purchase shown on your statement,Credit card,Problem with a purchase shown on your statement,0.8456094205030071,0.2661518545474733,1
9538064,2024-07-17,validation,Credit card,Problem with a purchase shown on your statement,Credit card,Problem with a purchase shown on your statement,0.6159441763387713,0.2639434371467909,1
9538610,2024-07-17,validation,Checking or savings account,Managing an account,Checking or savings account,Closing an account,0.8615734437085554,0.33747639067393287,0
9538816,2024-07-17,validation,Checking or savings account,Managing an account,Checking or savings account,Managing an account,0.6147510872888117,0.3083734948309019,0
9538860,2024-07-17,validation,"Money transfer, virtual currency, or money service",Unexpected or other fees,Checking or savings account,Other issue,0.5865392073529286,0.35414532750763233,0
9539065,2024-07-17,validation,Credit card,Fees or interest,Credit card,Other issue,0.7375099910467544,0.3089038393530079,3
9539200,2024-07-17,validation,Checking or savings account,Opening an account,Checking or savings account,Closing an account,0.5088355720687312,0.30804029347928286,0
9539974,2024-07-17,validation,Credit card,Fees or interest,Credit card,Other issue,0.9749295335315321,0.2843221644938884,1
9540523,2024-07-17,validation,Checking or savings account,Managing an account,Checking or savings account,Managing an account,0.7185988460331271,0.4670081264967188,0
9541847,2024-07-17,validation,Credit card,Trouble using your card,Checking or savings account,Managing an account,0.5828674989705721,0.26792347296274177,2
9542272,2024-07-17,validation,Credit card,Improper use of your report,Credit card,Other issue,0.9713161242892141,0.2884409594201284,4
9543179,2024-07-17,validation,Checking or savings account,Problem with a lender or other company charging your account,Checking or savings account,Managing an account,0.576854572961609,0.5260758865265569,2
9543187,2024-07-17,validation,Credit card,"Advertising and marketing, including promotional offers",Credit card,Other issue,0.9547100294465695,0.38220594269226166,1
9543233,2024-07-17,validation,"Money transfer, virtual currency, or money service",Fraud or scam,"Money transfer, virtual currency, or money service",Managing an account,0.6129778389408371,0.29478429630660313,2
9544634,2024-07-17,validation,Credit card,Improper use of your report,Credit card,Other issue,0.9466718045894004,0.37459985959811226,4
9542116,2024-07-18,validation,"Money transfer, virtual currency, or money service",Fraud or scam,"Money transfer, virtual currency, or money service",Other issue,0.5845133974628897,0.3449216504585338,3
9544915,2024-07-18,validation,Checking or savings account,Closing an account,Checking or savings account,Closing an account,0.8505198076099814,0.47718744668137647,0
9545377,2024-07-18,validation,Credit card,"Other features, terms, or problems",Credit card,Other issue,0.7645338167806489,0.2551706410691276,1
9546229,2024-07-18,validation,Credit card,"Other features, terms, or problems",Credit card,Other issue,0.6120639174088226,0.38994928004636026,3
9546693,2024-07-18,validation,Checking or savings account,Managing an account,Checking or savings account,Managing an account,0.8835217419851777,0.4261791460005282,7
9547052,2024-07-18,validation,Checking or savings account,Managing an account,Checking or savings account,Managing an account,0.8963261078183957,0.5573200565798838,0
9551160,2024-07-18,validation,Credit card,Trouble using your card,Credit card,Other issue,0.8339303935457045,0.22678305023159578,1
9551686,2024-07-18,validation,Checking or savings account,Problem with a lender or other company charging your account,Checking or savings account,Managing an account,0.9324027316367589,0.3739737197994007,0
9553542,2024-07-18,validation,Checking or savings account,Managing an account,Checking or savings account,Managing an account,0.8879258047864518,0.7041282545979679,0
9554018,2024-07-18,validation,"Money transfer, virtual currency, or money service",Fraud or scam,Credit card,Managing an account,0.5450663296549094,0.27304381508704434,5
9554112,2024-07-18,validation,Credit card,Problem with a purchase shown on your statement,Credit card,Problem with a purchase shown on your statement,0.5416683211280026,0.23906603034520474,2
9554239,2024-07-18,validation,Credit card,"Other features, terms, or problems",Credit card,Other issue,0.9296549710291693,0.35540987174519667,1
9554268,2024-07-18,validation,"Money transfer, virtual currency, or money service",Other transaction problem,"Money transfer, virtual currency, or money service",Other issue,0.42416773991500517,0.41164019789271006,0
9554703,2024-07-18,validation,Checking or savings account,Managing an account,Checking or savings account,Managing an account,0.9222893647022575,0.7647238759991392,0
9554727,2024-07-18,validation,Checking or savings account,Managing an account,Credit card,Problem with a purchase shown on your statement,0.4998813306069878,0.45100716296756665,2
9554787,2024-07-18,validation,Checking or savings account,Managing an account,Checking or savings account,Managing an account,0.7585153128823242,0.49657268594551246,0
9550633,2024-07-19,validation,Checking or savings account,Managing an account,Checking or savings account,Managing an account,0.8602404689945187,0.5887926739011843,6
9550786,2024-07-19,validation,Checking or savings account,Problem with a lender or other company charging your account,Checking or savings account,Managing an account,0.7207206295173486,0.28944872259083587,6
9555964,2024-07-19,validation,Credit card,Incorrect information on your report,Credit card,Other issue,0.939123146654847,0.5408580714065945,6
9557555,2024-07-19,validation,Checking or savings account,Closing an account,Credit card,Problem with a purchase shown on your statement,0.8450354571123311,0.4234645971637073,6
9562040,2024-07-19,validation,Credit card,Getting a credit card,Credit card,Problem with a purchase shown on your statement,0.6654977774363692,0.2067301468171985,4
9562098,2024-07-19,validation,Checking or savings account,Closing an account,Checking or savings account,Closing an account,0.9112789692287974,0.6726930270818522,0
9562468,2024-07-19,validation,Checking or savings account,Managing an account,Checking or savings account,Closing an account,0.892626164369637,0.6257486624222776,0
9562573,2024-07-19,validation,Checking or savings account,Managing an account,"Money transfer, virtual currency, or money service",Other issue,0.49126833538696624,0.3024278598990129,6
9563156,2024-07-19,validation,Checking or savings account,Managing an account,Checking or savings account,Managing an account,0.7506383834562769,0.4935364535760276,2
9563169,2024-07-19,validation,Checking or savings account,Managing an account,Checking or savings account,Managing an account,0.9083063166119847,0.6504006083904148,0
9564096,2024-07-19,validation,Credit card,"Advertising and marketing, including promotional offers",Credit card,Other issue,0.8293372867523321,0.4208462552340732,1
9564099,2024-07-19,validation,Credit card,Problem with a purchase shown on your statement,Credit card,Problem with a purchase shown on your statement,0.878160791552447,0.7095791095791112,5
9564859,2024-07-19,validation,Credit card,Trouble using your card,Credit card,Other issue,0.6266517689690594,0.41399762069871937,3
9565198,2024-07-19,validation,Credit card,"Advertising and marketing, including promotional offers",Credit card,Getting a credit card,0.9743230502504819,0.2333135637131773,1
9565560,2024-07-19,validation,Checking or savings account,Problem with a lender or other company charging your account,Checking or savings account,Managing an account,0.8453025672726516,0.4069391798229737,5
9565665,2024-07-19,validation,Checking or savings account,Managing an account,Checking or savings account,Managing an account,0.656301189955369,0.4001692423397639,0
9558376,2024-07-20,validation,Checking or savings account,Managing an account,Checking or savings account,Managing an account,0.7676804645012999,0.47459576576038176,6
9559691,2024-07-20,validation,Checking or savings account,Managing an account,Checking or savings account,Managing an account,0.8824590205198255,0.40598954945918747,0
9560064,2024-07-20,validation,Checking or savings account,Managing an account,Checking or savings account,Managing an account,0.7401116241752481,0.43789044377061725,0
9560110,2024-07-20,validation,Credit card,"Advertising and marketing, including promotional offers",Credit card,Other issue,0.9079665736598868,0.304668143546695,1
9565874,2024-07-20,validation,Credit card,Trouble using your card,Credit card,Problem with a purchase shown on your statement,0.5838000841398864,0.31631617553794544,1
9565934,2024-07-20,validation,Credit card,Closing your account,Credit card,Other issue,0.9455504075486076,0.3028623649535376,1
9565944,2024-07-20,validation,Checking or savings account,Managing an account,Checking or savings account,Managing an account,0.8869148820464774,0.6514426841839843,0
9566188,2024-07-20,validation,Checking or savings account,Managing an account,Checking or savings account,Managing an account,0.5479292021457532,0.35111726879812527,5
9566540,2024-07-20,validation,Checking or savings account,Managing an account,Checking or savings account,Managing an account,0.803603993467236,0.33890656900244676,6
9566815,2024-07-20,validation,Credit card,Problem with a purchase shown on your statement,Credit card,Problem with a purchase shown on your statement,0.7348207722701042,0.5205971950146068,5
9569460,2024-07-20,validation,Checking or savings account,Managing an account,Checking or savings account,Managing an account,0.8515523131808284,0.6838112875940645,6
9569741,2024-07-20,validation,Checking or savings account,Managing an account,Checking or savings account,Managing an account,0.7262281719251893,0.38361655984063947,6
9569965,2024-07-20,validation,Checking or savings account,Problem with a lender or other company charging your account,Checking or savings account,Managing an account,0.9271684185884195,0.541748239122236,6
9570697,2024-07-20,validation,Checking or savings account,Managing an account,Checking or savings account,Managing an account,0.621941586465398,0.44356648580413893,0
9568276,2024-07-21,validation,Credit card,Problem with a purchase shown on your statement,Credit card,Problem with a purchase shown on your statement,0.4190632413298254,0.4492389866863323,2
9568535,2024-07-21,validation,Credit card,Problem with a purchase shown on your statement,Credit card,Problem with a purchase shown on your statement,0.9629271111561594,0.5203287609232012,1
9568541,2024-07-21,validation,Checking or savings account,Managing an account,Credit card,Other issue,0.5230876518792065,0.293509709705888,7
9571000,2024-07-21,validation,Checking or savings account,Managing an account,Credit card,Managing an account,0.6682326720117124,0.2835593741689585,1
9571557,2024-07-21,validation,Credit card,Fees or interest,Credit card,Fees or interest,0.8419732043523618,0.35105248065464373,3
9573234,2024-07-21,validation,Credit card,Improper use of your report,Credit card,Other issue,0.8113131465476567,0.2438234371081577,4
9574293,2024-07-21,validation,"Money transfer, virtual currency, or money service",Other transaction problem,Checking or savings account,Closing an account,0.809175012802142,0.38240663555995685,0
9575319,2024-07-21,validation,Checking or savings account,Problem with a lender or other company charging your account,Credit card,Managing an account,0.47693576352978795,0.21095918458022328,3
9576097,2024-07-22,validation,Checking or savings account,Managing an account,Checking or savings account,Managing an account,0.8160750296847381,0.5562755524687669,0
9582321,2024-07-22,validation,Checking or savings account,Managing an account,Checking or savings account,Managing an account,0.8650494293788267,0.6632541613713295,0
9582347,2024-07-22,validation,Checking or savings account,Managing an account,Checking or savings account,Other issue,0.5279746525983854,0.24074115404275004,2
9582348,2024-07-22,validation,Credit card,Problem with a purchase shown on your statement,Credit card,Problem with a purchase shown on your statement,0.5629341459658136,0.41497187696694,5
9582365,2024-07-22,validation,Checking or savings account,Managing an account,Checking or savings account,Managing an account,0.8601857636620555,0.6387488967680022,0
9582587,2024-07-22,validation,Credit card,Problem with a purchase shown on your statement,Credit card,Problem with a purchase shown on your statement,0.7384824349548784,0.41668088138835574,5
9582726,2024-07-22,validation,Checking or savings account,Problem with a lender or other company charging your account,Checking or savings account,Managing an account,0.8771302628166701,0.351902861486182,2
9583812,2024-07-22,validation,"Money transfer, virtual currency, or money service",Fraud or scam,Checking or savings account,Managing an account,0.8097717347894859,0.4476706659784402,5
9583948,2024-07-22,validation,Checking or savings account,Managing an account,Checking or savings account,Managing an account,0.8581563911127692,0.6580991117551399,2
9584840,2024-07-22,validation,Checking or savings account,Problem with a lender or other company charging your account,Checking or savings account,Other issue,0.5686527399339598,0.2902183310419344,0
9585381,2024-07-22,validation,Credit card,Problem with a purchase shown on your statement,Credit card,Other issue,0.8900531003059524,0.31444656280138816,4
9585451,2024-07-22,validation,Checking or savings account,Opening an account,Checking or savings account,Opening an account,0.5930951882642027,0.2829542499529044,0
9579410,2024-07-23,validation,Credit card,Problem when making payments,Credit card,Other issue,0.7248859074330938,0.518174831902354,3
9580385,2024-07-23,validation,Checking or savings account,Opening an account,Checking or savings account,Managing an account,0.8195327133968017,0.28784607789178485,0
9581583,2024-07-23,validation,"Money transfer, virtual currency, or money service",Fraud or scam,Credit card,Other issue,0.473505469567019,0.3737985194038445,5
9587347,2024-07-23,validation,Checking or savings account,Managing an account,Checking or savings account,Managing an account,0.7033507297910814,0.5257028501382562,0
9587358,2024-07-23,validation,Checking or savings account,Managing an account,Checking or savings account,Managing an account,0.8231064803329101,0.3167508444117273,5
9587786,2024-07-23,validation,Checking or savings account,Managing an account,Credit card,Other issue,0.469612422353563,0.19920539152323088,6
9592812,2024-07-23,validation,"Money transfer, virtual currency, or money service",Other transaction problem,Checking or savings account,Managing an account,0.67848290840158,0.3872451285766512,0
9593255,2024-07-23,validation,Checking or savings account,Managing an account,Checking or savings account,Managing an account,0.9292311255608263,0.4810112554879183,5
9593589,2024-07-23,validation,Checking or savings account,Managing an account,Checking or savings account,Managing an account,0.5236794923541372,0.29442059989467945,0
9594199,2024-07-23,validation,Checking or savings account,Closing an account,Checking or savings account,Managing an account,0.7534025925597897,0.3452821215782236,0
9595565,2024-07-23,validation,Credit card,Getting a credit card,Credit card,Getting a credit card,0.6129251610028433,0.20636669296683768,4
9595923,2024-07-23,validation,Credit card,Getting a credit card,Credit card,Problem with a purchase shown on your statement,0.7024178101901019,0.26249569162072994,4
9595963,2024-07-23,validation,Checking or savings account,Managing an account,Checking or savings account,Managing an account,0.8699415488867985,0.559852098263557,2
9596034,2024-07-23,validation,Credit card,Fees or interest,Credit card,Other issue,0.8966220610849409,0.27368063637644763,3
9596527,2024-07-23,validation,Credit card,Struggling to pay your bill,Credit card,Problem with a purchase shown on your statement,0.6790199421645656,0.27598116517339766,5
9596663,2024-07-23,validation,Checking or savings account,Problem with a lender or other company charging your account,Credit card,Problem with a purchase shown on your statement,0.49139553663163754,0.22162842702672061,5
9596808,2024-07-23,validation,Checking or savings account,Managing an account,Checking or savings account,Managing an account,0.8684530056411797,0.602082349939822,0
9596888,2024-07-23,validation,Checking or savings account,Opening an account,Credit card,Managing an account,0.5779369375301291,0.18363036854659745,0
9596957,2024-07-23,validation,Credit card,Fees or interest,Credit card,Fees or interest,0.7115769642320565,0.2211800648178507,5
9597588,2024-07-23,validation,Credit card,Problem with a purchase shown on your statement,Credit card,Managing an account,0.523665178105693,0.2980826631530708,1
9598119,2024-07-23,validation,Checking or savings account,Managing an account,Checking or savings account,Managing an account,0.5778388567246701,0.27896502677238455,5
9588229,2024-07-24,validation,Credit card,Problem with a purchase shown on your statement,Credit card,Problem with a purchase shown on your statement,0.7507922119206222,0.2409458895990726,5
9588379,2024-07-24,validation,Checking or savings account,Managing an account,Checking or savings account,Managing an account,0.7322651304435447,0.5197493216750896,0
9597780,2024-07-24,validation,Checking or savings account,Problem with a lender or other company charging your account,Checking or savings account,Problem with a lender or other company charging your account,0.6673566909052616,0.3857449749181117,2
9598786,2024-07-24,validation,"Money transfer, virtual currency, or money service",Unauthorized transactions or other transaction problem,Checking or savings account,Managing an account,0.8796081662501511,0.39542137974975,5
9598797,2024-07-24,validation,"Money transfer, virtual currency, or money service",Unauthorized transactions or other transaction problem,Checking or savings account,Other issue,0.4834291870003792,0.24683123423397185,6
9603253,2024-07-24,validation,Credit card,Getting a credit card,Credit card,Getting a credit card,0.9440758737370035,0.7972125646317736,4
9603896,2024-07-24,validation,Credit card,Getting a credit card,Credit card,Getting a credit card,0.8793187335996256,0.29496647578463986,4
9604403,2024-07-24,validation,Credit card,"Other features, terms, or problems",Credit card,Managing an account,0.5214190449780963,0.3450208941759947,0
9604509,2024-07-24,validation,Credit card,Problem with a purchase shown on your statement,Credit card,Problem with a purchase shown on your statement,0.7356312092047593,0.5838501182041411,5
9604855,2024-07-24,validation,Checking or savings account,Managing an account,Checking or savings account,Managing an account,0.7351414882813841,0.2314486834171628,4
9605416,2024-07-24,validation,"Money transfer, virtual currency, or money service",Money was not available when promised,Checking or savings account,Managing an account,0.7803249348111531,0.37868246235521175,0
9605456,2024-07-24,validation,Checking or savings account,Problem with a lender or other company charging your account,Checking or savings account,Managing an account,0.7449555114712272,0.4123615831253705,5
9605574,2024-07-24,validation,Checking or savings account,Managing an account,"Money transfer, virtual currency, or money service",Managing an account,0.5766895866543978,0.28730514707428345,6
9606457,2024-07-24,validation,Checking or savings account,Opening an account,Checking or savings account,Managing an account,0.6830755540182621,0.32020758341626515,0
9606598,2024-07-24,validation,Credit card,Unable to get your credit report or credit score,Credit card,Problem with a purchase shown on your statement,0.7525520560181832,0.22288992059261,5
9606866,2024-07-24,validation,Credit card,"Advertising and marketing, including promotional offers",Credit card,Other issue,0.9396792347346599,0.3162254723297526,3
9607037,2024-07-24,validation,Credit card,Getting a credit card,Checking or savings account,Managing an account,0.46975523900448424,0.28880682918746997,0
9608204,2024-07-24,validation,Credit card,Problem with a purchase shown on your statement,Credit card,Problem with a purchase shown on your statement,0.9198003024499947,0.3086722045730506,1
9608871,2024-07-24,validation,Checking or savings account,Problem caused by your funds being low,Checking or savings account,Other issue,0.7137382903536474,0.7182357546891663,3
9609505,2024-07-24,validation,Checking or savings account,Closing an account,Checking or savings account,Managing an account,0.9465745329094618,0.45253179354619194,0
9600475,2024-07-25,validation,Credit card,Getting a credit card,Credit card,Other issue,0.9411844547120488,0.3354369377147419,7
9602377,2024-07-25,validation,Checking or savings account,Managing an account,Checking or savings account,Managing an account,0.954010854791274,0.6771554020718041,2
9602417,2024-07-25,validation,Credit card,Fees or interest,Credit card,Fees or interest,0.9484629764564806,0.39148846197687304,1
9612936,2024-07-25,validation,Checking or savings account,Managing an account,Checking or savings account,Other issue,0.4864580929244181,0.22213645003437507,6
9612977,2024-07-25,validation,Credit card,Problem with a purchase shown on your statement,Credit card,Other issue,0.44479749850858474,0.514516383522697,6
9613550,2024-07-25,validation,Credit card,Problem with a purchase shown on your statement,Credit card,Problem with a purchase shown on your statement,0.7306945495008053,0.29965446361796455,5
9613664,2024-07-25,validation,Credit card,"Other features, terms, or problems",Credit card,Problem with a purchase shown on your statement,0.9467663802293286,0.3737119359286287,1
9613807,2024-07-25,validation,Checking or savings account,Problem with a lender or other company charging your account,Checking or savings account,Managing an account,0.8067954286540923,0.3640268579152444,2
9613848,2024-07-25,validation,Credit card,Getting a credit card,Credit card,Getting a credit card,0.8972400711200089,0.27627837121058074,1
9613883,2024-07-25,validation,"Money transfer, virtual currency, or money service",Fraud or scam,Checking or savings account,Managing an account,0.5822636859955842,0.2790957085193376,6
9614178,2024-07-25,validation,Checking or savings account,Closing an account,Checking or savings account,Closing an account,0.9387881205716756,0.589214420933879,0
9615747,2024-07-25,validation,Credit card,Problem with a purchase shown on your statement,Credit card,Other issue,0.9561445469608982,0.5012121995405058,4
9615791,2024-07-25,validation,Checking or savings account,Problem with a lender or other company charging your account,Checking or savings account,Managing an account,0.6236468968302591,0.38604054728436377,0
9615811,2024-07-25,validation,Checking or savings account,Managing an account,Checking or savings account,Managing an account,0.6626230383159558,0.5420206276247307,6
9617419,2024-07-25,validation,Checking or savings account,Managing an account,Checking or savings account,Managing an account,0.6496935496517499,0.34511022098207683,0
9619120,2024-07-25,validation,Credit card,Problem with a purchase shown on your statement,Credit card,Problem with a purchase shown on your statement,0.8202217740100283,0.5242470564000526,5
9619181,2024-07-25,validation,Credit card,Trouble using your card,Credit card,Other issue,0.7182357131333019,0.303353332574321,1
9619328,2024-07-25,validation,"Money transfer, virtual currency, or money service",Unauthorized transactions or other transaction problem,"Money transfer, virtual currency, or money service",Fraud or scam,0.6388146284606664,0.25339507855195537,5
9620510,2024-07-25,validation,Credit card,Problem with a purchase shown on your statement,Credit card,Problem with a purchase shown on your statement,0.5558907936660098,0.32117963699787017,6
9620712,2024-07-25,validation,Checking or savings account,Closing an account,Checking or savings account,Closing an account,0.5538075812112306,0.28383567199365956,6
9621368,2024-07-25,validation,Checking or savings account,Closing an account,Checking or savings account,Managing an account,0.9252521261998078,0.48508716835742194,0
9623431,2024-07-25,validation,Credit card,Getting a credit card,Credit card,Other issue,0.9417481085621178,0.2629705939913461,1
9659702,2024-07-25,validation,Checking or savings account,Managing an account,Credit card,Other issue,0.533954861442695,0.3564939118740436,5
9612234,2024-07-26,validation,Checking or savings account,Problem with a lender or other company charging your account,Checking or savings account,Managing an account,0.6223581155086164,0.3190922772239616,2
9617401,2024-07-26,validation,Checking or savings account,Closing an account,Checking or savings account,Closing an account,0.9336951908598089,0.4090103545208232,2
9618805,2024-07-26,validation,Credit card,Getting a credit card,Credit card,Getting a credit card,0.950441920723929,0.38823442799573177,1
9619422,2024-07-26,validation,Checking or savings account,Problem caused by your funds being low,Checking or savings account,Other issue,0.6745516721017273,0.3736441776353633,6
9620143,2024-07-26,validation,Credit card,Problem with a purchase shown on your statement,Credit card,Other issue,0.7744945524145088,0.27169551447814416,5
9627772,2024-07-26,validation,Credit card,Fees or interest,Credit card,Fees or interest,0.8917358826987108,0.39069044573263306,1
9627975,2024-07-26,validation,Checking or savings account,Managing an account,Checking or savings account,Managing an account,0.8756165619002444,0.6939907940894395,2
9628318,2024-07-26,validation,"Money transfer, virtual currency, or money service",Money was not available when promised,Checking or savings account,Managing an account,0.8102983236041188,0.4927003045352721,0
9628367,2024-07-26,validation,Checking or savings account,Problem with a lender or other company charging your account,Checking or savings account,Managing an account,0.43959329149001025,0.27157733125878525,5
9628485,2024-07-26,validation,Credit card,Problem with a purchase shown on your statement,Credit card,Other issue,0.36566195061108386,0.34688857290447384,5
9628496,2024-07-26,validation,"Money transfer, virtual currency, or money service",Fraud or scam,Checking or savings account,Fraud or scam,0.456523017339745,0.2272891835798172,7
9629881,2024-07-26,validation,Checking or savings account,Managing an account,Checking or savings account,Managing an account,0.8431672689765323,0.3896048571462205,0
9629934,2024-07-26,validation,Checking or savings account,Opening an account,Checking or savings account,Managing an account,0.5067063486597475,0.18303395628327784,4
9629988,2024-07-26,validation,Credit card,Fees or interest,Credit card,Fees or interest,0.9708189491378099,0.6338962928782921,3
9639734,2024-07-26,validation,Credit card,Problem with a purchase shown on your statement,Credit card,Problem with a purchase shown on your statement,0.49399898497365347,0.23857785569104484,5
9624473,2024-07-27,validation,Checking or savings account,Closing an account,Checking or savings account,Closing an account,0.6475192836567333,0.2788609611700225,3
9634188,2024-07-27,validation,Checking or savings account,Managing an account,Checking or savings account,Other issue,0.5099538858773087,0.31149062216574214,6
9634523,2024-07-27,validation,Credit card,"Advertising and marketing, including promotional offers",Credit card,"Other features, terms, or problems",0.9834463701103577,0.2722597594118574,1
9634551,2024-07-27,validation,Credit card,Incorrect information on your report,Credit card,Other issue,0.7426135332417394,0.49306760020498985,4
9634556,2024-07-27,validation,Checking or savings account,Managing an account,Checking or savings account,Managing an account,0.8757900501042433,0.39025927382747516,0
9634678,2024-07-27,validation,Checking or savings account,Problem with a lender or other company charging your account,Checking or savings account,Managing an account,0.6095249375440998,0.2814793488191703,6
9635174,2024-07-27,validation,Checking or savings account,Managing an account,Checking or savings account,Managing an account,0.6931113241828164,0.27428844908390476,2
9636296,2024-07-27,validation,Checking or savings account,Managing an account,Checking or savings account,Managing an account,0.5254124777836237,0.30348605579245724,5
9636389,2024-07-27,validation,Credit card,Closing your account,Credit card,Getting a credit card,0.8409222337966898,0.6332923815481163,1
9636650,2024-07-27,validation,Credit card,Problem with a purchase shown on your statement,Credit card,Problem with a purchase shown on your statement,0.986883544974769,0.8134593465511514,1
9636723,2024-07-27,validation,Checking or savings account,Problem with a lender or other company charging your account,Checking or savings account,Managing an account,0.8812354810631502,0.3393806558749467,6
9637875,2024-07-27,validation,Checking or savings account,Closing an account,Checking or savings account,Managing an account,0.7695388806136744,0.41087440924286805,0
9637989,2024-07-27,validation,Checking or savings account,Problem with a lender or other company charging your account,Checking or savings account,Problem with a purchase shown on your statement,0.5265923417460029,0.28561680640011844,2
9639826,2024-07-27,validation,Credit card,Problem with a purchase shown on your statement,Credit card,Fees or interest,0.9470764353085567,0.3105236945993511,3
9654056,2024-07-27,validation,"Money transfer, virtual currency, or money service",Other transaction problem,"Money transfer, virtual currency, or money service",Other issue,0.6766224434989987,0.44678262513408296,0
9670178,2024-07-27,validation,Credit card,Trouble using your card,Credit card,Other issue,0.9368442862181738,0.42104071489272865,4
9630803,2024-07-28,validation,Credit card,"Advertising and marketing, including promotional offers",Credit card,Problem with a purchase shown on your statement,0.4814580884224529,0.30380206236202784,5
9636852,2024-07-28,validation,Credit card,Trouble using your card,Credit card,Other issue,0.7022452862088793,0.2945423627315549,3
9638805,2024-07-28,validation,Checking or savings account,Managing an account,Checking or savings account,Managing an account,0.7012450502539517,0.426526010119511,6
9652927,2024-07-28,validation,Credit card,Getting a credit card,Credit card,Getting a credit card,0.7260469105610421,0.2052101697729075,1
9653960,2024-07-28,validation,Checking or savings account,Closing an account,Checking or savings account,Managing an account,0.9405347153707276,0.5643443589769102,0
9643654,2024-07-29,validation,Checking or savings account,Closing an account,Checking or savings account,Closing an account,0.7722322097122798,0.30766416733333385,6
9643670,2024-07-29,validation,"Money transfer, virtual currency, or money service",Fraud or scam,Credit card,Other issue,0.4710461377893577,0.3160905888110965,3
9643756,2024-07-29,validation,"Money transfer, virtual currency, or money service",Confusing or missing disclosures,"Money transfer, virtual currency, or money service",Other issue,0.44057480108803276,0.26873934399556393,3
9643825,2024-07-29,validation,Checking or savings account,Problem caused by your funds being low,Credit card,Other issue,0.6564659548894586,0.4578564841714152,4
9645061,2024-07-29,validation,Checking or savings account,Managing an account,Checking or savings account,Managing an account,0.6289674159698408,0.38025927895443457,5
9646571,2024-07-29,validation,Credit card,"Other features, terms, or problems",Credit card,Other issue,0.7913285709313607,0.24011700749266135,1
9647499,2024-07-29,validation,Credit card,Getting a credit card,Credit card,Getting a credit card,0.9488849243129777,0.40671957400225484,4
9647875,2024-07-29,validation,Credit card,Problem with a purchase shown on your statement,"Money transfer, virtual currency, or money service",Other issue,0.5505712207531948,0.6566091684495745,5
9648626,2024-07-29,validation,Credit card,Problem with a company's investigation into an existing problem,Credit card,Problem with a purchase shown on your statement,0.8090673907403063,0.22693063249771003,5
9649632,2024-07-29,validation,Credit card,Problem with a purchase shown on your statement,Credit card,Problem with a purchase shown on your statement,0.6076779693267338,0.16842588840104725,4
9650742,2024-07-29,validation,Credit card,Fees or interest,Credit card,Fees or interest,0.9596241150950375,0.8208133450603932,3
9651458,2024-07-29,validation,Credit card,Incorrect information on your report,Credit card,Other issue,0.9249155600732815,0.5753220748899096,2
9653412,2024-07-29,validation,Credit card,Fees or interest,Credit card,Fees or interest,0.7915073471172354,0.3189564320548318,3
9653662,2024-07-29,validation,Credit card,Closing your account,Credit card,Closing your account,0.9856342537632073,0.20563776874519263,1
9642258,2024-07-30,validation,Checking or savings account,Managing an account,Checking or savings account,Managing an account,0.6629172664401365,0.37700879036394697,4
9642974,2024-07-30,validation,Checking or savings account,Managing an account,Credit card,Problem with a purchase shown on your statement,0.7120487684625183,0.2886733089456005,5
9643055,2024-07-30,validation,Credit card,Fees or interest,Credit card,Fees or interest,0.9537881851836295,0.47271513002664595,3
9645772,2024-07-30,validation,Checking or savings account,Problem with a lender or other company charging your account,Checking or savings account,Managing an account,0.7575659992913851,0.3253232436451704,0
9645774,2024-07-30,validation,Checking or savings account,Closing an account,Checking or savings account,Managing an account,0.6181078064189077,0.24240048488915913,5
9645890,2024-07-30,validation,"Money transfer, virtual currency, or money service","Managing, opening, or closing your mobile wallet account",Credit card,Other issue,0.5245320055669899,0.3351125014908507,0
9654381,2024-07-30,validation,Checking or savings account,Managing an account,Checking or savings account,Managing an account,0.8278888949641509,0.6324171098148749,0
9654955,2024-07-30,validation,"Money transfer, virtual currency, or money service",Fraud or scam,Checking or savings account,Managing an account,0.5425576081503486,0.3312823484760183,0
9655733,2024-07-30,validation,Checking or savings account,Closing an account,Checking or savings account,Managing an account,0.6329214398446016,0.2322901174208151,3
9655861,2024-07-30,validation,Credit card,Problem when making payments,Credit card,Other issue,0.6718400662513306,0.36727256269882236,3
9656111,2024-07-30,validation,Checking or savings account,Opening an account,Checking or savings account,Other issue,0.6767305689007318,0.21991286685208983,0
9656660,2024-07-30,validation,Credit card,Improper use of your report,Credit card,Getting a credit card,0.9331542525736931,0.28512746274023204,4
9657696,2024-07-30,validation,Credit card,Fees or interest,Credit card,Fees or interest,0.9370129607990778,0.2818505613384248,1
9658003,2024-07-30,validation,Checking or savings account,Managing an account,Checking or savings account,Managing an account,0.894594662497511,0.3718260150956747,6
9658690,2024-07-30,validation,Checking or savings account,Opening an account,Checking or savings account,Managing an account,0.8056591342421996,0.3951508900807285,4
9658724,2024-07-30,validation,"Money transfer, virtual currency, or money service",Lost or stolen money order,Checking or savings account,Other issue,0.5474076008098376,0.38497050786620457,7
9658865,2024-07-30,validation,Credit card,Problem with a purchase shown on your statement,Checking or savings account,Managing an account,0.5250654707672877,0.32499009954663954,2
9658919,2024-07-30,validation,Credit card,Getting a credit card,Credit card,Other issue,0.9190885159800127,0.31223645100991,1
9667307,2024-07-31,validation,Credit card,"Advertising and marketing, including promotional offers",Credit card,Other issue,0.9035603768734718,0.37778537092945835,4
9667814,2024-07-31,validation,Credit card,"Other features, terms, or problems",Credit card,Other issue,0.9550998455993985,0.3427821185929517,1
9667871,2024-07-31,validation,Credit card,Problem with a purchase shown on your statement,Credit card,Getting a credit card,0.8062932996601831,0.22151529507134973,1
9668737,2024-07-31,validation,Credit card,Closing your account,Credit card,Managing an account,0.7888431791684841,0.17566804582527196,4
9671348,2024-07-31,validation,Checking or savings account,Managing an account,Checking or savings account,Managing an account,0.9235071347607944,0.7231918572460239,0
9671440,2024-07-31,validation,Credit card,Problem with a purchase shown on your statement,Credit card,Other issue,0.7442344406778886,0.4575294286481662,5
9671450,2024-07-31,validation,"Money transfer, virtual currency, or money service",Unauthorized transactions or other transaction problem,Checking or savings account,Managing an account,0.6618370085731924,0.4260258263037498,6
9671749,2024-07-31,validation,Checking or savings account,Problem with a lender or other company charging your account,Checking or savings account,Problem with a purchase shown on your statement,0.6897390910670045,0.28160549545430325,5
9671935,2024-07-31,validation,"Money transfer, virtual currency, or money service",Fraud or scam,"Money transfer, virtual currency, or money service",Fraud or scam,0.544083409380926,0.28810780194185015,2
9672282,2024-07-31,validation,Checking or savings account,Closing an account,Checking or savings account,Other issue,0.562273286865559,0.2589477075195101,0
9672552,2024-07-31,validation,Checking or savings account,Managing an account,Checking or savings account,Managing an account,0.9167223013084096,0.33650904826708616,0
9672588,2024-07-31,validation,Checking or savings account,Managing an account,Checking or savings account,Managing an account,0.7300386156506041,0.5627816006277817,0
9673086,2024-07-31,validation,Credit card,"Advertising and marketing, including promotional offers",Credit card,Other issue,0.9342354355540654,0.20915220484895633,1
9673410,2024-07-31,validation,Checking or savings account,Managing an account,Checking or savings account,Managing an account,0.8314380734305776,0.4645737555670303,0
9673779,2024-07-31,validation,Checking or savings account,Closing an account,Checking or savings account,Closing an account,0.8203344406252236,0.32878174825581435,0
9669496,2024-08-01,validation,Credit card,Problem with a company's investigation into an existing problem,Credit card,Other issue,0.9828721209400557,0.7573746990378495,3
9669789,2024-08-01,validation,Checking or savings account,Managing an account,Checking or savings account,Managing an account,0.8005252484123432,0.5147168118144745,5
9669791,2024-08-01,validation,Credit card,Getting a credit card,Credit card,Other issue,0.8491761248355154,0.29258632921052385,4
9674541,2024-08-01,validation,Credit card,Problem with a purchase shown on your statement,Checking or savings account,Problem with a lender or other company charging your account,0.5069468150818736,0.23447960848387617,6
9674841,2024-08-01,validation,"Money transfer, virtual currency, or money service",Fraud or scam,"Money transfer, virtual currency, or money service",Other issue,0.6736832929204802,0.3635073667000842,5
9675370,2024-08-01,validation,Credit card,Closing your account,Credit card,Other issue,0.9585269525555542,0.3946401726631397,1
9675779,2024-08-01,validation,Checking or savings account,Managing an account,Checking or savings account,Managing an account,0.7476271084095041,0.45803136070203054,0
9676429,2024-08-01,validation,Credit card,Fees or interest,Credit card,Fees or interest,0.9197229312978059,0.4073303956768765,3
9683401,2024-08-01,validation,Credit card,Closing your account,Credit card,Closing an account,0.8742396113333827,0.1477779774574475,1
9684005,2024-08-01,validation,Credit card,Problem with a purchase shown on your statement,Credit card,Problem with a purchase shown on your statement,0.7866446552598443,0.5177240472614054,5
9684862,2024-08-01,validation,Checking or savings account,Managing an account,Checking or savings account,Other issue,0.7555767456566274,0.3220457751076195,3
9685378,2024-08-01,validation,Checking or savings account,Managing an account,Checking or savings account,Managing an account,0.6834580036024592,0.3923955529107092,0
9685531,2024-08-01,validation,Credit card,Fees or interest,Credit card,Other issue,0.8264152441990092,0.20557695811731125,5
9685656,2024-08-01,validation,"Money transfer, virtual currency, or money service",Confusing or missing disclosures,Checking or savings account,Managing an account,0.5691400344372984,0.4066351559963342,0
9695709,2024-08-01,validation,Checking or savings account,Managing an account,Checking or savings account,Managing an account,0.7319085303306992,0.3399390830342659,6
9680218,2024-08-02,validation,Checking or savings account,Managing an account,Checking or savings account,Managing an account,0.9072379656782723,0.5400330788985074,0
9686560,2024-08-02,validation,Checking or savings account,Problem with a lender or other company charging your account,Checking or savings account,Other issue,0.8531874372521692,0.5328279743058016,7
9688562,2024-08-02,validation,Checking or savings account,Problem caused by your funds being low,Checking or savings account,Managing an account,0.887388632129781,0.6121203557183622,0
9690032,2024-08-02,validation,"Money transfer, virtual currency, or money service",Trouble accessing funds in your mobile or digital wallet,Checking or savings account,Managing an account,0.9047469509062733,0.6874614206848062,2
9692118,2024-08-02,validation,Credit card,Problem when making payments,Credit card,Other issue,0.6759544962741164,0.30627346560274227,7
9692282,2024-08-02,validation,Checking or savings account,Opening an account,Checking or savings account,Managing an account,0.9119971030671868,0.4707342558893142,0
9692351,2024-08-02,validation,Credit card,"Other features, terms, or problems",Credit card,Other issue,0.6214533463295298,0.31911486849131604,0
9692692,2024-08-02,validation,Checking or savings account,Opening an account,Checking or savings account,Managing an account,0.9028369936222572,0.5918600482938492,6
9693695,2024-08-02,validation,"Money transfer, virtual currency, or money service",Fraud or scam,"Money transfer, virtual currency, or money service",Fraud or scam,0.4697524273775672,0.27406984739078555,6
9693791,2024-08-02,validation,Checking or savings account,Closing an account,Checking or savings account,Managing an account,0.9611548625530764,0.6917348507528255,0
9694125,2024-08-02,validation,Credit card,Problem with a purchase shown on your statement,Checking or savings account,Problem with a purchase shown on your statement,0.5334236032614602,0.3404929873973452,6
9694803,2024-08-02,validation,Checking or savings account,Managing an account,Checking or savings account,Problem with a lender or other company charging your account,0.6087349977251517,0.29616057222822195,6
9695807,2024-08-02,validation,Credit card,Closing your account,Credit card,Other issue,0.7867113643143309,0.24850430505660784,4
9695946,2024-08-02,validation,Credit card,Fees or interest,Credit card,Other issue,0.6962767381772383,0.253156119015041,4
9695990,2024-08-02,validation,Credit card,Problem with a purchase shown on your statement,Credit card,Problem with a purchase shown on your statement,0.6033290668872735,0.3739027884283785,1
9701800,2024-08-02,validation,Credit card,Problem with a purchase shown on your statement,Credit card,Other issue,0.5599212250579687,0.2444451707944154,5
9686813,2024-08-03,validation,Credit card,Closing your account,Credit card,Other issue,0.6978508474278887,0.322957829029093,1
9697178,2024-08-03,validation,Credit card,Problem with a purchase shown on your statement,Credit card,Problem with a purchase shown on your statement,0.9583689870959676,0.6225953682433144,1
9698469,2024-08-03,validation,Credit card,"Other features, terms, or problems",Credit card,Other issue,0.8957036893701436,0.37514409179157554,3
9699131,2024-08-03,validation,Credit card,Fees or interest,Credit card,Other issue,0.9392170887780626,0.44104293518213206,4
9699986,2024-08-03,validation,Checking or savings account,Managing an account,Checking or savings account,Managing an account,0.56493691158481,0.4053612639897957,5
9700024,2024-08-03,validation,Checking or savings account,Managing an account,Checking or savings account,Managing an account,0.9236082455201099,0.7022503029070959,0
9700209,2024-08-03,validation,Credit card,"Other features, terms, or problems",Credit card,Problem with a purchase shown on your statement,0.9302159791367666,0.37917673851147027,1
9700414,2024-08-03,validation,Credit card,Getting a credit card,Credit card,Other issue,0.9510004813327726,0.27785696800049775,1
9700588,2024-08-03,validation,Checking or savings account,Closing an account,Credit card,Problem with a purchase shown on your statement,0.5560349871787129,0.5041833844997915,5
9701241,2024-08-03,validation,Credit card,Trouble using your card,Credit card,Other issue,0.6643822330107881,0.22563006044073092,4
9701521,2024-08-03,validation,Checking or savings account,Closing an account,Checking or savings account,Managing an account,0.7801942736238645,0.5965663095650161,0
9697295,2024-08-04,validation,"Money transfer, virtual currency, or money service",Fraud or scam,Checking or savings account,Other issue,0.5260947789095046,0.3833261896173527,0
9704059,2024-08-04,validation,Credit card,Incorrect information on your report,Credit card,Other issue,0.9452383437416283,0.6464099407815148,3
9704934,2024-08-04,validation,Checking or savings account,Managing an account,Checking or savings account,Managing an account,0.7223417960385944,0.4633680593984751,5
9704975,2024-08-04,validation,Checking or savings account,Problem with a lender or other company charging your account,Checking or savings account,Managing an account,0.5750257779966889,0.4217557252232198,5
9705043,2024-08-04,validation,Checking or savings account,Problem with a lender or other company charging your account,Checking or savings account,Managing an account,0.8936967501870107,0.6541156763665327,2
9705066,2024-08-04,validation,Checking or savings account,Managing an account,Credit card,Other issue,0.5122580366960727,0.3009544491726083,5
9705322,2024-08-04,validation,Checking or savings account,Managing an account,Checking or savings account,Managing an account,0.8739071464180459,0.4721762603126248,0
9705546,2024-08-04,validation,Checking or savings account,Closing an account,Checking or savings account,Managing an account,0.7933980228913559,0.3380738056874607,0
9705758,2024-08-04,validation,Checking or savings account,Managing an account,Credit card,Managing an account,0.556764707572233,0.305401778516416,5
9705883,2024-08-04,validation,Credit card,"Other features, terms, or problems",Credit card,"Other features, terms, or problems",0.7793176175529233,0.2075841089950738,6
9703166,2024-08-05,validation,Checking or savings account,Opening an account,Checking or savings account,Opening an account,0.9010678815108494,0.29871882955403317,6
9703405,2024-08-05,validation,Credit card,Incorrect information on your report,Credit card,Other issue,0.7993913577707743,0.546050074476591,4
9703492,2024-08-05,validation,Credit card,Incorrect information on your report,Credit card,Other issue,0.8314850763090835,0.5573904201690463,4
9703572,2024-08-05,validation,Credit card,Incorrect information on your report,Credit card,Other issue,0.8946462207973936,0.48533018276951406,4
9703638,2024-08-05,validation,Credit card,Incorrect information on your report,Credit card,Other issue,0.8497517926588013,0.5804410556659969,4
9707748,2024-08-05,validation,Credit card,Problem with a company's investigation into an existing problem,Credit card,Other issue,0.7170435973730326,0.3522459825602661,4
9710727,2024-08-05,validation,Checking or savings account,Opening an account,Checking or savings account,Managing an account,0.801998312730369,0.2713204226760812,0
9711036,2024-08-05,validation,Checking or savings account,Closing an account,Checking or savings account,Managing an account,0.9410804336877663,0.6145165414566446,0
9711053,2024-08-05,validation,Checking or savings account,Managing an account,Checking or savings account,Managing an account,0.8022091858886837,0.5952695825107679,0
9711262,2024-08-05,validation,Credit card,Fees or interest,Credit card,Other issue,0.7862974512022289,0.22783733424819916,7
9711621,2024-08-05,validation,Credit card,Fees or interest,Credit card,Fees or interest,0.6571835016998806,0.25419778339315785,3
9712274,2024-08-05,validation,Checking or savings account,Managing an account,Checking or savings account,Managing an account,0.8970163107177307,0.4946162810888594,5
9712478,2024-08-05,validation,Checking or savings account,Problem caused by your funds being low,Checking or savings account,Other issue,0.766255368773731,0.39138114605659086,7
9712961,2024-08-05,validation,Checking or savings account,Managing an account,Checking or savings account,Other issue,0.6630806420769078,0.28967922570467874,0
9713569,2024-08-05,validation,"Money transfer, virtual currency, or money service",Fraud or scam,Checking or savings account,Other issue,0.6183614238015821,0.2709957693589376,0
9713798,2024-08-05,validation,Credit card,Getting a credit card,Credit card,Other issue,0.7166854538439008,0.3318691342271972,4
9713995,2024-08-05,validation,"Money transfer, virtual currency, or money service",Fraud or scam,Checking or savings account,Managing an account,0.5433407641310235,0.2032583432255893,6
9714169,2024-08-05,validation,Credit card,Getting a credit card,Credit card,Getting a credit card,0.9913957163753214,0.5367745151368295,1
9716220,2024-08-05,validation,Credit card,Problem with a company's investigation into an existing problem,Credit card,Other issue,0.6541687588667687,0.25776085149235795,4
9716290,2024-08-05,validation,Checking or savings account,Managing an account,Checking or savings account,Managing an account,0.62657641552274,0.37689462473511715,0
9717773,2024-08-05,validation,Credit card,Problem with a company's investigation into an existing problem,Credit card,Other issue,0.7594419576538851,0.30750448813117337,4
9719004,2024-08-06,validation,Credit card,Problem with a purchase shown on your statement,Credit card,Problem with a purchase shown on your statement,0.6176496719385239,0.4198424011775688,5
9720003,2024-08-06,validation,Checking or savings account,Managing an account,Checking or savings account,Managing an account,0.6962055208314688,0.4367362723461934,0
9721446,2024-08-06,validation,Credit card,Problem with a purchase shown on your statement,Credit card,Problem with a purchase shown on your statement,0.6358998688232831,0.21492660614012996,5
9721610,2024-08-06,validation,Checking or savings account,Managing an account,Checking or savings account,Managing an account,0.7567047743602329,0.2669294821967633,7
9721972,2024-08-06,validation,Credit card,Problem with a purchase shown on your statement,Credit card,Problem with a purchase shown on your statement,0.9562731926293159,0.5988508727254234,1
9722146,2024-08-06,validation,Checking or savings account,Closing an account,Checking or savings account,Managing an account,0.8919942658141141,0.6208872338126786,0
9722219,2024-08-06,validation,Credit card,Problem with a purchase shown on your statement,Credit card,Other issue,0.7327412658513347,0.24611718778969255,1
9722230,2024-08-06,validation,Credit card,Problem with a purchase shown on your statement,Credit card,Problem with a purchase shown on your statement,0.8464598804895896,0.3710491556909375,5
9728374,2024-08-06,validation,Credit card,Problem with a purchase shown on your statement,Credit card,Problem with a purchase shown on your statement,0.8927631104125812,0.6860732260270819,5
9728680,2024-08-06,validation,Checking or savings account,Managing an account,Checking or savings account,Managing an account,0.650947061488273,0.3263547121729223,0
9729817,2024-08-06,validation,"Money transfer, virtual currency, or money service",Money was not available when promised,"Money transfer, virtual currency, or money service",Other issue,0.6609578642778465,0.35227176033078617,0
9728311,2024-08-07,validation,Checking or savings account,Managing an account,Checking or savings account,Managing an account,0.7569272357144452,0.4562813938646166,0
9733829,2024-08-07,validation,Credit card,Problem when making payments,Credit card,Other issue,0.683133581657882,0.24767963507713597,3
9734023,2024-08-07,validation,Credit card,Problem with a purchase shown on your statement,Credit card,Problem with a purchase shown on your statement,0.5552610561720532,0.4117387428069116,5
9734026,2024-08-07,validation,Checking or savings account,Managing an account,Checking or savings account,Managing an account,0.8434561220625452,0.456320556390507,0
9734176,2024-08-07,validation,Checking or savings account,Managing an account,Credit card,Other issue,0.6163431665497996,0.2038842245773061,1
9734630,2024-08-07,validation,Checking or savings account,Opening an account,Checking or savings account,Managing an account,0.898420619225942,0.49100382336857684,0
9735242,2024-08-07,validation,Checking or savings account,Managing an account,Checking or savings account,Managing an account,0.5441100071460344,0.31810267925316543,1
9735268,2024-08-07,validation,Credit card,Problem when making payments,Credit card,Other issue,0.9086188624591036,0.4336758616402215,3
9735272,2024-08-07,validation,Checking or savings account,Managing an account,Checking or savings account,Problem with a lender or other company charging your account,0.7740279576574728,0.303001579568411,6
9736900,2024-08-07,validation,Checking or savings account,Managing an account,Checking or savings account,Managing an account,0.416837424699872,0.18548127709308662,3
9737383,2024-08-07,validation,Checking or savings account,Closing an account,Checking or savings account,Managing an account,0.6563029877620871,0.31644837107044255,5
9738148,2024-08-07,validation,Credit card,"Advertising and marketing, including promotional offers",Credit card,Other issue,0.8917826762395757,0.32801135732520714,1
9738216,2024-08-07,validation,Checking or savings account,Problem with a lender or other company charging your account,Checking or savings account,Other issue,0.5385419268979642,0.4165346733975608,3
9738383,2024-08-07,validation,"Money transfer, virtual currency, or money service",Unauthorized transactions or other transaction problem,Checking or savings account,Problem with a purchase shown on your statement,0.45804221330922074,0.2880741673111241,5
9738817,2024-08-07,validation,Checking or savings account,Closing an account,Checking or savings account,Closing an account,0.8311343145008148,0.32487854985249015,0
9739242,2024-08-07,validation,"Money transfer, virtual currency, or money service",Fraud or scam,Checking or savings account,Fraud or scam,0.4765428528742167,0.2351674405557803,0
9740529,2024-08-07,validation,Credit card,"Other features, terms, or problems",Checking or savings account,Managing an account,0.7143214354062101,0.619095130883685,0
9740627,2024-08-07,validation,Credit card,Problem with a purchase shown on your statement,Credit card,Managing an account,0.6019824435754901,0.18159355387222242,0
9741922,2024-08-07,validation,"Money transfer, virtual currency, or money service",Other service problem,Credit card,Managing an account,0.5234670728694012,0.2660305421329089,0
9742402,2024-08-07,validation,Credit card,Getting a credit card,Credit card,Other issue,0.8209355823790108,0.5816258867894547,4
9742747,2024-08-07,validation,Checking or savings account,Opening an account,Credit card,Other issue,0.7074701561705594,0.36138344406300255,4
9742934,2024-08-07,validation,Credit card,Getting a credit card,Credit card,Other issue,0.8255494229565997,0.5803603132977414,4
9733507,2024-08-08,validation,Credit card,Closing your account,Credit card,Managing an account,0.504971655223207,0.28979709244876006,0
9733713,2024-08-08,validation,"Money transfer, virtual currency, or money service",Fraud or scam,Checking or savings account,Other issue,0.47807516196638744,0.2359020350950894,5
9744127,2024-08-08,validation,Credit card,Problem with a company's investigation into an existing problem,Credit card,Getting a credit card,0.9737863146832749,0.5525028644833543,4
9744174,2024-08-08,validation,"Money transfer, virtual currency, or money service",Fraud or scam,"Money transfer, virtual currency, or money service",Fraud or scam,0.474122249826929,0.2488884405821149,5
9745245,2024-08-08,validation,Credit card,Problem with a purchase shown on your statement,Credit card,Other issue,0.4028153534638399,0.26181203523641683,5
9748179,2024-08-08,validation,Credit card,Getting a credit card,Credit card,Other issue,0.9248404862774143,0.19215874327271026,4
9748378,2024-08-08,validation,Checking or savings account,Managing an account,"Money transfer, virtual currency, or money service",Fraud or scam,0.41691640915482964,0.2604152497906903,2
9748397,2024-08-08,validation,Credit card,Problem with a purchase shown on your statement,Credit card,Problem with a purchase shown on your statement,0.9022915407519391,0.6525667512955187,5
9748737,2024-08-08,validation,Checking or savings account,Managing an account,Checking or savings account,Managing an account,0.8391222805857119,0.30274211656867916,7
9748994,2024-08-08,validation,Checking or savings account,Managing an account,Checking or savings account,Problem with a purchase shown on your statement,0.5015538751842128,0.2965804328406394,5
9749234,2024-08-08,validation,Checking or savings account,Managing an account,Credit card,Managing an account,0.43495354611564085,0.26462115187130175,5
9750034,2024-08-08,validation,Checking or savings account,Managing an account,Checking or savings account,Managing an account,0.6981033238169442,0.31636714836908225,0
9750312,2024-08-08,validation,"Money transfer, virtual currency, or money service",Unauthorized transactions or other transaction problem,Checking or savings account,Problem with a lender or other company charging your account,0.5736115916803494,0.2662230346603124,5
9752597,2024-08-08,validation,Checking or savings account,Problem with a lender or other company charging your account,Credit card,Managing an account,0.4957984212553779,0.22378716606407917,1
9752644,2024-08-08,validation,Credit card,Problem with a purchase shown on your statement,Credit card,Problem with a purchase shown on your statement,0.8566443569049496,0.5789669782527868,1
9752704,2024-08-08,validation,Checking or savings account,Managing an account,Checking or savings account,Problem with a purchase shown on your statement,0.45843604728600906,0.26079026570805247,5
9753344,2024-08-08,validation,Checking or savings account,Closing an account,Checking or savings account,Managing an account,0.7163859643998902,0.5026676805091129,0
9753579,2024-08-08,validation,Checking or savings account,Closing an account,Checking or savings account,Closing an account,0.8456808353900362,0.360596801648926,2
9753631,2024-08-08,validation,Checking or savings account,Managing an account,Checking or savings account,Managing an account,0.5422591324728866,0.3060193391000171,6
9753951,2024-08-08,validation,Checking or savings account,Problem with a lender or other company charging your account,Checking or savings account,Managing an account,0.7657345969948947,0.576077098145095,0
9754656,2024-08-08,validation,Credit card,Problem with a purchase shown on your statement,Credit card,Problem with a purchase shown on your statement,0.7765031986970364,0.450760641118227,5
9754965,2024-08-08,validation,Checking or savings account,Problem with a lender or other company charging your account,Checking or savings account,Managing an account,0.7765987901277008,0.2748584685956393,6
9755195,2024-08-08,validation,"Money transfer, virtual currency, or money service",Money was not available when promised,"Money transfer, virtual currency, or money service",Other issue,0.604432264103877,0.4389403792856959,0
9747002,2024-08-09,validation,Credit card,Closing your account,Credit card,Other issue,0.8020251311573406,0.3877671651848705,4
9750744,2024-08-09,validation,Credit card,Getting a credit card,Credit card,Other issue,0.8326966080897642,0.5860090845401726,4
9750789,2024-08-09,validation,Credit card,Getting a credit card,Credit card,Other issue,0.8209355823790108,0.5816258867894547,4
9752133,2024-08-09,validation,Credit card,Fees or interest,Credit card,Other issue,0.9600210613397351,0.34508619904894783,1
9752372,2024-08-09,validation,Checking or savings account,Managing an account,Checking or savings account,Managing an account,0.8765819196988098,0.5832627713054415,6
9757076,2024-08-09,validation,Checking or savings account,Managing an account,Checking or savings account,Managing an account,0.9230833673400747,0.7814203989146379,0
9757161,2024-08-09,validation,Credit card,Fees or interest,Credit card,Other issue,0.8711524823204994,0.257466375007549,3
9757244,2024-08-09,validation,Credit card,"Other features, terms, or problems",Credit card,Other issue,0.7310948296745019,0.23952909813667256,1
9757316,2024-08-09,validation,"Money transfer, virtual currency, or money service",Other transaction problem,Checking or savings account,Managing an account,0.5773778524777212,0.47354358195638663,0
9759189,2024-08-09,validation,Checking or savings account,Problem caused by your funds being low,Checking or savings account,Other issue,0.8014346776393483,0.44818945535851745,0
9759272,2024-08-09,validation,Checking or savings account,Managing an account,Checking or savings account,Managing an account,0.5466041193555005,0.34266947424689465,2
9801641,2024-08-09,validation,Credit card,"Other features, terms, or problems",Credit card,Other issue,0.7002434428037946,0.32546265637329175,1
9801904,2024-08-09,validation,Checking or savings account,Managing an account,Checking or savings account,Managing an account,0.6005556192906066,0.3766541120434837,5
9801937,2024-08-09,validation,Credit card,"Advertising and marketing, including promotional offers",Credit card,Fees or interest,0.7704255023406797,0.4784627535379996,1
9803575,2024-08-09,validation,Credit card,"Other features, terms, or problems",Credit card,Other issue,0.8158527074426579,0.14888324087916288,1
9805137,2024-08-09,validation,Credit card,Problem with a purchase shown on your statement,Credit card,Other issue,0.87176033095539,0.3727338987379226,4
9761382,2024-08-10,validation,Credit card,Incorrect information on your report,Credit card,Fees or interest,0.974908965708041,0.39424275908587914,3
9775882,2024-08-10,validation,Credit card,Credit monitoring or identity theft protection services,Credit card,Other issue,0.9869811562788581,0.4184124004186875,3
9776605,2024-08-10,validation,Credit card,Fees or interest,Credit card,Fees or interest,0.9663567594838373,0.7717375752275386,3
9776624,2024-08-10,validation,Credit card,"Other features, terms, or problems",Credit card,Other issue,0.6756183698031206,0.22574314234751533,1
9777208,2024-08-10,validation,"Money transfer, virtual currency, or money service",Other transaction problem,"Money transfer, virtual currency, or money service",Other issue,0.381866508608241,0.5395503318820457,4
9777330,2024-08-10,validation,Credit card,Fees or interest,Credit card,Other issue,0.9446964626594975,0.3047663333238994,3
9777424,2024-08-10,validation,Credit card,Fees or interest,Credit card,Other issue,0.884676688671396,0.33437632430218056,1
9777532,2024-08-10,validation,Credit card,Problem with a purchase shown on your statement,Credit card,Problem with a purchase shown on your statement,0.8949188441868454,0.37004163332711176,1
9777655,2024-08-10,validation,"Money transfer, virtual currency, or money service",Fraud or scam,"Money transfer, virtual currency, or money service",Other issue,0.5282074012320734,0.3358977578120383,5
9786477,2024-08-10,validation,Checking or savings account,Managing an account,Checking or savings account,Managing an account,0.63819306170583,0.5022461133527617,0
9794358,2024-08-10,validation,Checking or savings account,Managing an account,Checking or savings account,Managing an account,0.8842516993055957,0.45430448974199283,7
9795497,2024-08-10,validation,Credit card,Problem with a purchase shown on your statement,Credit card,Problem with a purchase shown on your statement,0.5571075784020892,0.407048030603952,5
9796549,2024-08-10,validation,Checking or savings account,Problem with a lender or other company charging your account,Checking or savings account,Problem with a purchase shown on your statement,0.6906025966257908,0.33340946574868546,5
9797058,2024-08-10,validation,Credit card,"Other features, terms, or problems",Credit card,Other issue,0.8893799972762679,0.2822666453827347,3
9818008,2024-08-10,validation,Credit card,Fees or interest,Credit card,Fees or interest,0.9517015106486783,0.8047715838523696,3
9776806,2024-08-11,validation,Checking or savings account,Closing an account,Checking or savings account,Managing an account,0.6588613971610073,0.275273344827295,2
9776858,2024-08-11,validation,Checking or savings account,Problem with a lender or other company charging your account,Checking or savings account,Managing an account,0.5213201585292301,0.3547110101691409,5
9777173,2024-08-11,validation,Checking or savings account,Closing an account,Checking or savings account,Closing an account,0.9314023646533628,0.6180147992460717,0
9777695,2024-08-11,validation,Checking or savings account,Closing an account,Checking or savings account,Managing an account,0.9668780997037324,0.6259054937815959,0
9777718,2024-08-11,validation,Credit card,Problem with a purchase shown on your statement,Checking or savings account,Managing an account,0.5911423416935698,0.30727589483823825,0
9777720,2024-08-11,validation,Checking or savings account,Managing an account,Checking or savings account,Managing an account,0.8565059561277978,0.4096476148768017,5
9777761,2024-08-11,validation,Credit card,"Other features, terms, or problems",Checking or savings account,Other issue,0.513459892382687,0.2798762575238964,3
9777986,2024-08-11,validation,"Money transfer, virtual currency, or money service",Fraud or scam,Credit card,Other issue,0.3953591815276047,0.22376480963904058,5
9778007,2024-08-11,validation,Credit card,"Other features, terms, or problems",Credit card,Other issue,0.4403434169579403,0.2208785817646516,6
9817931,2024-08-11,validation,Credit card,Problem with a purchase shown on your statement,Checking or savings account,Managing an account,0.6663591212673963,0.37634085435996584,0
9765173,2024-08-12,validation,Credit card,Credit monitoring or identity theft protection services,Credit card,Other issue,0.5176596954461629,0.2549038503603784,0
9770611,2024-08-12,validation,Credit card,"Other features, terms, or problems",Credit card,Other issue,0.7882336328826809,0.3171084267641173,4
9771103,2024-08-12,validation,Checking or savings account,Managing an account,"Money transfer, virtual currency, or money service",Managing an account,0.624955355377832,0.2785636040439964,2
9771637,2024-08-12,validation,Credit card,Fees or interest,Credit card,Fees or interest,0.9393342627818769,0.6812467899067217,3
9773138,2024-08-12,validation,Checking or savings account,Closing an account,Checking or savings account,Closing an account,0.7609920442200121,0.3090376789286797,0
9774246,2024-08-12,validation,Credit card,Problem when making payments,Credit card,Other issue,0.7119531866776315,0.33155119116862686,1
9774517,2024-08-12,validation,Checking or savings account,Problem caused by your funds being low,Checking or savings account,Managing an account,0.9365515243480598,0.7320901863939258,5
9775441,2024-08-12,validation,Credit card,Problem with a purchase shown on your statement,Credit card,Problem with a purchase shown on your statement,0.8505678065464218,0.46092047391565727,5
9775505,2024-08-12,validation,Checking or savings account,Managing an account,Checking or savings account,Managing an account,0.8227873586523362,0.42670935102935276,0
9775802,2024-08-12,validation,Credit card,Problem when making payments,Credit card,Other issue,0.9037244901073502,0.4188035224413418,3
9775823,2024-08-12,validation,Credit card,Getting a credit card,Credit card,Getting a credit card,0.9242996553809802,0.30330820382089113,4
9776396,2024-08-12,validation,Checking or savings account,Managing an account,Checking or savings account,Managing an account,0.7988798985127215,0.6950021566979167,0
9776405,2024-08-12,validation,Credit card,Problem with a purchase shown on your statement,Credit card,Problem with a purchase shown on your statement,0.8106398454521587,0.40264515889445934,5
9776661,2024-08-12,validation,Checking or savings account,Closing an account,Checking or savings account,Managing an account,0.848681902990797,0.4652759955621844,6
9777011,2024-08-12,validation,Credit card,"Other features, terms, or problems",Credit card,Other issue,0.6115602287427836,0.2518837851238334,1
9777050,2024-08-12,validation,Credit card,Problem with a purchase shown on your statement,Credit card,Problem with a purchase shown on your statement,0.8032071437077598,0.689934233390082,5
9777765,2024-08-12,validation,Checking or savings account,Managing an account,Checking or savings account,Managing an account,0.6914159316737717,0.43026676844689793,1
9777786,2024-08-12,validation,Credit card,Incorrect information on your report,Credit card,Other issue,0.7532356083731964,0.28823043883082705,4
9783722,2024-08-13,validation,Checking or savings account,Managing an account,Checking or savings account,Managing an account,0.712112535650424,0.4591585137768627,0
9785155,2024-08-13,validation,Checking or savings account,Managing an account,Checking or savings account,Managing an account,0.820589524880192,0.37759950905844253,6
9785314,2024-08-13,validation,Checking or savings account,Problem with a lender or other company charging your account,Checking or savings account,Managing an account,0.656146763579741,0.35353524773047673,2
9785335,2024-08-13,validation,Checking or savings account,Closing an account,Checking or savings account,Closing an account,0.6729507091514453,0.231191040787964,0
9785760,2024-08-13,validation,Checking or savings account,Managing an account,Checking or savings account,Managing an account,0.739339979276649,0.42367546386173377,2
9785761,2024-08-13,validation,Checking or savings account,Managing an account,Checking or savings account,Managing an account,0.5997883436888198,0.43546788304828155,5
9785789,2024-08-13,validation,"Money transfer, virtual currency, or money service",Other transaction problem,Checking or savings account,Managing an account,0.5711215946363501,0.29733997996451345,0
9785985,2024-08-13,validation,Checking or savings account,Closing an account,Checking or savings account,Other issue,0.5054066742968577,0.43206320820436106,5
9786359,2024-08-13,validation,Credit card,Fees or interest,Credit card,Fees or interest,0.9846043079906274,0.33946887531539316,4
9786375,2024-08-13,validation,Credit card,"Advertising and marketing, including promotional offers",Credit card,Other issue,0.6623853535623105,0.32844603867316574,5
9786387,2024-08-13,validation,Credit card,Problem with a purchase shown on your statement,Credit card,Problem with a purchase shown on your statement,0.9355808195203176,0.5468735195119941,1
9786389,2024-08-13,validation,Checking or savings account,Managing an account,Checking or savings account,Managing an account,0.9379937514136343,0.4679746769229143,0
9786458,2024-08-13,validation,Checking or savings account,Opening an account,Checking or savings account,Other issue,0.6161151041319718,0.24785961245548427,2
9787948,2024-08-13,validation,Credit card,Problem with a purchase shown on your statement,Credit card,Problem with a purchase shown on your statement,0.7210575299419191,0.4106981700499886,5
9804460,2024-08-13,validation,"Money transfer, virtual currency, or money service",Other transaction problem,Credit card,Other issue,0.9056984117436093,0.38630865118062635,1
9779537,2024-08-14,validation,Credit card,Closing your account,Credit card,Other issue,0.9626244980666973,0.28142197612663733,1
9779630,2024-08-14,validation,Checking or savings account,Managing an account,Checking or savings account,Managing an account,0.7952366534410312,0.4941764992500072,5
9796845,2024-08-14,validation,Credit card,"Advertising and marketing, including promotional offers",Credit card,"Other features, terms, or problems",0.9418170057467454,0.3313095518034829,4
9797358,2024-08-14,validation,Credit card,Getting a credit card,Credit card,Getting a credit card,0.8077222916112263,0.5729615303862724,4
9797828,2024-08-14,validation,Checking or savings account,Managing an account,Checking or savings account,Managing an account,0.8101265620199855,0.36931385017886625,2
9798964,2024-08-14,validation,Credit card,Problem with a purchase shown on your statement,Credit card,Problem with a purchase shown on your statement,0.6659084700586868,0.5083802856573604,5
9799139,2024-08-14,validation,Checking or savings account,Closing an account,Checking or savings account,Other issue,0.5462019268040279,0.4538270066062791,0
9799980,2024-08-14,validation,Checking or savings account,Managing an account,Checking or savings account,Managing an account,0.5618579483369741,0.257679501710208,1
9800134,2024-08-14,validation,"Money transfer, virtual currency, or money service",Fraud or scam,Checking or savings account,Managing an account,0.767502200100644,0.4829257644689269,7
9801065,2024-08-14,validation,Credit card,Fees or interest,Credit card,Other issue,0.9487727513675198,0.418879669697138,3
9801292,2024-08-14,validation,Credit card,Problem with a purchase shown on your statement,Credit card,Problem with a purchase shown on your statement,0.9508159916293767,0.5128955299482203,4
9801492,2024-08-14,validation,Credit card,"Other features, terms, or problems",Credit card,Other issue,0.8394179599950052,0.46002856814220244,3
9802342,2024-08-14,validation,Credit card,Problem with a purchase shown on your statement,Credit card,Problem with a purchase shown on your statement,0.6771389423204415,0.27669272970256187,5
9804008,2024-08-14,validation,Checking or savings account,Managing an account,Checking or savings account,Managing an account,0.6443485812861348,0.29462588625882924,0
9804116,2024-08-14,validation,Checking or savings account,Managing an account,Checking or savings account,Managing an account,0.6078830536743942,0.41100258181498067,5
9804329,2024-08-14,validation,"Money transfer, virtual currency, or money service",Fraud or scam,Checking or savings account,Other issue,0.5412308388874955,0.2988758716086836,0
9805197,2024-08-14,validation,Checking or savings account,Closing an account,Checking or savings account,Closing an account,0.9413425338153316,0.5268089221535319,0
9794363,2024-08-15,validation,Checking or savings account,Opening an account,Checking or savings account,Other issue,0.6479473077509927,0.1910421957634436,6
9794934,2024-08-15,validation,Checking or savings account,Managing an account,Checking or savings account,Problem with a purchase shown on your statement,0.44841615654294065,0.21908397579602348,5
9794940,2024-08-15,validation,Credit card,Problem with a purchase shown on your statement,Credit card,Managing an account,0.47256285151937755,0.2546495545636012,5
9810564,2024-08-15,validation,Checking or savings account,Managing an account,Checking or savings account,Managing an account,0.9472491291025714,0.880296090954195,0
9810643,2024-08-15,validation,Credit card,Problem with a purchase shown on your statement,Credit card,Other issue,0.5255024218648268,0.2233919261044563,6
9810684,2024-08-15,validation,Credit card,Fees or interest,Checking or savings account,Other issue,0.47299882594138076,0.23163160773886232,6
9810780,2024-08-15,validation,Checking or savings account,Managing an account,Checking or savings account,Managing an account,0.4840965787635009,0.31263194776585085,5
9810940,2024-08-15,validation,Checking or savings account,Unable to get your credit report or credit score,Checking or savings account,Other issue,0.5485902361114745,0.2453352032417394,6
9811002,2024-08-15,validation,Credit card,Problem when making payments,Credit card,Managing an account,0.5836999066713237,0.22631444819011057,0
9811055,2024-08-15,validation,Credit card,Trouble using your card,Credit card,Other issue,0.530910531908716,0.3102122156661839,6
9811329,2024-08-15,validation,Credit card,"Other features, terms, or problems",Credit card,Other issue,0.574959474071448,0.20142201707973323,6
9811860,2024-08-15,validation,Checking or savings account,Problem with a lender or other company charging your account,Checking or savings account,Managing an account,0.8068535291441562,0.416775569299696,0
9811864,2024-08-15,validation,Checking or savings account,Managing an account,Checking or savings account,Closing an account,0.9052783046045698,0.6265617984104683,0
9812199,2024-08-15,validation,Credit card,Fees or interest,Credit card,Other issue,0.8287623822606558,0.3276164476258926,1
9812520,2024-08-15,validation,Checking or savings account,Problem with a lender or other company charging your account,Checking or savings account,Managing an account,0.5952279073877429,0.32635587172829317,4
9812562,2024-08-15,validation,Credit card,Problem with a purchase shown on your statement,Checking or savings account,Managing an account,0.4707604932582004,0.31986351315334144,4
9813317,2024-08-15,validation,Checking or savings account,Managing an account,Checking or savings account,Managing an account,0.8021390638734832,0.3969489876964983,2
9813447,2024-08-15,validation,Checking or savings account,Opening an account,Checking or savings account,Managing an account,0.7397925688530899,0.4399284684081024,0
9814361,2024-08-15,validation,Checking or savings account,Closing an account,Credit card,Other issue,0.5006949131969675,0.16196556586294006,1
9814923,2024-08-15,validation,Checking or savings account,Closing an account,Checking or savings account,Managing an account,0.5508286493758395,0.25569476489271376,2
9815013,2024-08-15,validation,"Money transfer, virtual currency, or money service",Fraud or scam,"Money transfer, virtual currency, or money service",Fraud or scam,0.8222047110467011,0.6431530564819233,5
9816244,2024-08-15,validation,"Money transfer, virtual currency, or money service",Money was not available when promised,"Money transfer, virtual currency, or money service",Other issue,0.7766923949254924,0.4820362340449314,0
9817592,2024-08-15,validation,Checking or savings account,Managing an account,Checking or savings account,Managing an account,0.5479822959272578,0.36235373292245715,6
9817630,2024-08-15,validation,Checking or savings account,Opening an account,Checking or savings account,Managing an account,0.7682506133227154,0.4573557374225038,0
9817900,2024-08-15,validation,"Money transfer, virtual currency, or money service",Money was not available when promised,"Money transfer, virtual currency, or money service",Other issue,0.6203564175763249,0.3885796191403716,0
9808441,2024-08-16,validation,Credit card,"Other features, terms, or problems",Credit card,Other issue,0.9419699803935755,0.21176015127532413,1
9823767,2024-08-16,validation,Checking or savings account,Managing an account,Checking or savings account,Managing an account,0.8677230145747337,0.5122986719822027,0
9824170,2024-08-16,validation,Credit card,Problem with a purchase shown on your statement,Credit card,Problem with a purchase shown on your statement,0.8013505247874747,0.44437581427864453,4
9824265,2024-08-16,validation,Credit card,Closing your account,Credit card,Other issue,0.5573952133280419,0.2752525787752323,3
9824821,2024-08-16,validation,Checking or savings account,Opening an account,Checking or savings account,Managing an account,0.829772519885797,0.3870250871675132,0
9824912,2024-08-16,validation,Credit card,Problem with a purchase shown on your statement,Credit card,Problem with a purchase shown on your statement,0.622297201651382,0.5501153109974275,6
9825682,2024-08-16,validation,Credit card,Problem with a purchase shown on your statement,Credit card,Problem with a purchase shown on your statement,0.5452257780121956,0.45900321056456056,5
9825704,2024-08-16,validation,Checking or savings account,Managing an account,Checking or savings account,Managing an account,0.6616459300449523,0.3366939982904754,1
9825789,2024-08-16,validation,"Money transfer, virtual currency, or money service",Other service problem,Checking or savings account,Managing an account,0.46940610142239325,0.28192974850002966,7
9826541,2024-08-16,validation,Checking or savings account,Managing an account,Checking or savings account,Managing an account,0.8854523812881456,0.5444043583640761,0
9826649,2024-08-16,validation,Checking or savings account,Closing an account,Checking or savings account,Closing an account,0.6838770252849318,0.25356161156818235,4
9827374,2024-08-16,validation,Checking or savings account,Problem with a lender or other company charging your account,Checking or savings account,Problem with a lender or other company charging your account,0.6443817381799587,0.2832264040415713,5
9827514,2024-08-16,validation,Checking or savings account,Problem with a lender or other company charging your account,Checking or savings account,Other issue,0.4746492943733769,0.40198438793893393,6
9827580,2024-08-16,validation,Checking or savings account,Closing an account,Checking or savings account,Managing an account,0.7603643247351843,0.4424112321548042,0
9827875,2024-08-16,validation,Checking or savings account,Managing an account,Checking or savings account,Managing an account,0.5901133596727006,0.4444210671634193,0
9827964,2024-08-16,validation,Credit card,Incorrect information on your report,Credit card,Other issue,0.9611112113131043,0.5876693565807656,3
9828635,2024-08-16,validation,Credit card,Fees or interest,Credit card,Other issue,0.5145312812657756,0.2465231280357131,0
9828725,2024-08-16,validation,Credit card,"Other features, terms, or problems",Credit card,Other issue,0.8111955801275753,0.3863941280496451,1
9828751,2024-08-16,validation,Credit card,Closing your account,Credit card,Other issue,0.49721332470303636,0.3016034284850256,1
9828856,2024-08-16,validation,Credit card,Closing your account,Checking or savings account,Closing an account,0.6819883546467523,0.23785547681708796,2
9828926,2024-08-16,validation,Checking or savings account,Managing an account,Checking or savings account,Managing an account,0.5973986442983945,0.3270244489129731,1
9829079,2024-08-16,validation,Checking or savings account,Managing an account,Checking or savings account,Managing an account,0.7222826670646793,0.42902970507097643,0
9829419,2024-08-16,validation,Credit card,Fees or interest,Credit card,Other issue,0.9647950549152612,0.2512590948930596,1
9822202,2024-08-17,validation,Credit card,Closing your account,Credit card,Other issue,0.9528880912053171,0.3134472609398594,1
9832346,2024-08-17,validation,Credit card,Problem with a purchase shown on your statement,Credit card,Problem with a lender or other company charging your account,0.8017302407419015,0.25430714315557845,6
9832465,2024-08-17,validation,"Money transfer, virtual currency, or money service",Fraud or scam,Checking or savings account,Managing an account,0.7915551826822042,0.49825648963316704,0
9832541,2024-08-17,validation,Checking or savings account,Managing an account,Checking or savings account,Managing an account,0.8097004554611594,0.3466689444023209,0
9832649,2024-08-17,validation,Credit card,Closing your account,Checking or savings account,Other issue,0.4661498181627055,0.3097505012759987,6
9832823,2024-08-17,validation,Credit card,Trouble using your card,Checking or savings account,Managing an account,0.6267227301409315,0.18448636383121084,6
9833271,2024-08-17,validation,Checking or savings account,Opening an account,Checking or savings account,Closing an account,0.7626686305826651,0.18733684111897977,0
9833290,2024-08-17,validation,Credit card,Closing your account,Credit card,Other issue,0.9549722932122381,0.2913722839663383,1
9833359,2024-08-17,validation,"Money transfer, virtual currency, or money service",Fraud or scam,Checking or savings account,Managing an account,0.7132263436345749,0.5970263536014933,0
9833742,2024-08-17,validation,Checking or savings account,Managing an account,Checking or savings account,Managing an account,0.84287037662445,0.7593690950297208,0
9834271,2024-08-17,validation,Credit card,Getting a credit card,Credit card,Other issue,0.8652297756523128,0.3508535939617844,4
9834624,2024-08-17,validation,Credit card,Fees or interest,Credit card,Fees or interest,0.8781803185058399,0.28117883841026065,1
9834836,2024-08-17,validation,Checking or savings account,Managing an account,Credit card,Problem with a purchase shown on your statement,0.6636604440742436,0.2813992059198054,5
9834848,2024-08-17,validation,Credit card,Trouble using your card,Credit card,Other issue,0.9354525294438263,0.5212500003179384,4
9835277,2024-08-17,validation,Checking or savings account,Opening an account,Checking or savings account,Other issue,0.6553980605349676,0.2871930076831016,0
9835862,2024-08-17,validation,Checking or savings account,Opening an account,Checking or savings account,Managing an account,0.7815271240532814,0.4866205064960164,0
9839147,2024-08-18,validation,Credit card,Fees or interest,Credit card,Other issue,0.4656334651178885,0.3586327727131616,3
9839400,2024-08-18,validation,Credit card,Closing your account,Credit card,Closing your account,0.7676584462599736,0.1931919190352076,1
9839413,2024-08-18,validation,"Money transfer, virtual currency, or money service",Other transaction problem,"Money transfer, virtual currency, or money service",Other issue,0.6693752135681091,0.3474105208599984,5
9839488,2024-08-18,validation,Credit card,Getting a credit card,Credit card,Getting a credit card,0.9903922648100412,0.5339190227499432,4
9839614,2024-08-18,validation,Credit card,Fees or interest,Credit card,Fees or interest,0.889199192605485,0.39614608774644733,3
9840601,2024-08-18,validation,Checking or savings account,Managing an account,Checking or savings account,Managing an account,0.478327488310369,0.3502440638261019,5
9840839,2024-08-18,validation,"Money transfer, virtual currency, or money service",Wrong amount charged or received,Credit card,Other issue,0.45376416201021763,0.3163492098793876,3
9841052,2024-08-18,validation,Credit card,"Other features, terms, or problems",Credit card,Problem with a purchase shown on your statement,0.9580347156315316,0.3250442182269623,1
9843418,2024-08-19,validation,Checking or savings account,Managing an account,Checking or savings account,Managing an account,0.7275025064415959,0.40176063968543385,6
9844868,2024-08-19,validation,Checking or savings account,Managing an account,Checking or savings account,Managing an account,0.8579365969333977,0.6533508821890784,0
9845041,2024-08-19,validation,Credit card,"Other features, terms, or problems",Credit card,Closing an account,0.6176641063847336,0.17404036124909303,0
9845724,2024-08-19,validation,Credit card,Getting a credit card,Credit card,Other issue,0.8996407828456927,0.2858665505460745,4
9845757,2024-08-19,validation,Credit card,Getting a credit card,Checking or savings account,Managing an account,0.5556762582514462,0.22577640849428263,2
9845848,2024-08-19,validation,Credit card,"Other features, terms, or problems",Credit card,Problem with a purchase shown on your statement,0.7028756258576169,0.4072347808337036,7
9845854,2024-08-19,validation,Credit card,Problem with a purchase shown on your statement,Credit card,Problem with a purchase shown on your statement,0.8275163705113804,0.5026816007621895,5
9847363,2024-08-19,validation,Credit card,"Advertising and marketing, including promotional offers",Credit card,Other issue,0.8027739021936519,0.32673667324897304,1
9849481,2024-08-19,validation,Credit card,"Advertising and marketing, including promotional offers",Credit card,Fees or interest,0.9119034766896021,0.24582091463079578,1
9850353,2024-08-19,validation,Credit card,Getting a credit card,Credit card,Other issue,0.9559287316927646,0.22392584290662143,1
9851055,2024-08-19,validation,Checking or savings account,Managing an account,Checking or savings account,Managing an account,0.6816135151449078,0.543370959939255,0
9852308,2024-08-19,validation,Checking or savings account,Closing an account,Checking or savings account,Managing an account,0.8549236295935625,0.5137880795403302,0
9854452,2024-08-19,validation,Credit card,"Other features, terms, or problems",Credit card,Other issue,0.769419414484138,0.2508748248745964,2
9847626,2024-08-20,validation,Checking or savings account,Problem with a lender or other company charging your account,Checking or savings account,Managing an account,0.8537399911445399,0.4114388828094383,2
9859357,2024-08-20,validation,Credit card,Getting a credit card,Credit card,Other issue,0.8193294376136551,0.21651302273561485,1
9860424,2024-08-20,validation,Credit card,Fees or interest,Credit card,Fees or interest,0.8202628242346737,0.2986088986732549,3
9860507,2024-08-20,validation,Checking or savings account,Problem caused by your funds being low,Checking or savings account,Managing an account,0.9234121799411997,0.2869141867142107,2
9861197,2024-08-20,validation,Credit card,Problem with a purchase shown on your statement,Credit card,Problem with a purchase shown on your statement,0.9629837328738082,0.2893303534355349,1
9861561,2024-08-20,validation,Credit card,Problem with a purchase shown on your statement,Credit card,Problem with a purchase shown on your statement,0.764548667509404,0.4297445707636489,5
9862382,2024-08-20,validation,Credit card,"Other features, terms, or problems",Credit card,Other issue,0.502479026155676,0.3384100767351035,7
9862538,2024-08-20,validation,Checking or savings account,Managing an account,Checking or savings account,Getting a credit card,0.49703945342393635,0.14095589428552247,6
9862985,2024-08-20,validation,Credit card,Fees or interest,Credit card,Fees or interest,0.9427734102844126,0.37295121598890146,1
9863496,2024-08-20,validation,Credit card,Fees or interest,Credit card,Problem with a purchase shown on your statement,0.5686042233926961,0.2355682044581201,2
9863564,2024-08-20,validation,Checking or savings account,Managing an account,Checking or savings account,Managing an account,0.7397708486473487,0.38674228025558427,0
9864142,2024-08-20,validation,Credit card,Fees or interest,Credit card,Other issue,0.7145374132545395,0.21604727923855208,4
9864780,2024-08-20,validation,"Money transfer, virtual currency, or money service",Trouble accessing funds in your mobile or digital wallet,Checking or savings account,Managing an account,0.4555707901655315,0.32428899829797847,0
9864998,2024-08-20,validation,"Money transfer, virtual currency, or money service",Other service problem,Checking or savings account,Other issue,0.4305144846398774,0.3446867032665902,0
9865489,2024-08-20,validation,Checking or savings account,Closing an account,Checking or savings account,Managing an account,0.8891172754260357,0.3780393902156499,2
9858129,2024-08-21,validation,Credit card,Problem with a purchase shown on your statement,Credit card,Problem with a purchase shown on your statement,0.6630094535623701,0.5568673585504312,5
9858763,2024-08-21,validation,Checking or savings account,Managing an account,Checking or savings account,Managing an account,0.7416180606399201,0.4899804217847268,2
9858983,2024-08-21,validation,Credit card,Problem with a purchase shown on your statement,Credit card,Problem with a purchase shown on your statement,0.8846046538885505,0.6235759255306859,1
9859332,2024-08-21,validation,"Money transfer, virtual currency, or money service",Fraud or scam,"Money transfer, virtual currency, or money service",Other issue,0.41673080814841806,0.3929263207093132,5
9869962,2024-08-21,validation,Credit card,Incorrect information on your report,Credit card,Getting a credit card,0.7493772530220232,0.406064268826998,6
9873869,2024-08-21,validation,"Money transfer, virtual currency, or money service",Money was not available when promised,Checking or savings account,Managing an account,0.7279651066414096,0.5322542750149312,0
9874771,2024-08-21,validation,Credit card,Problem with a purchase shown on your statement,Credit card,Problem with a purchase shown on your statement,0.9734672706823875,0.5129262885288045,3
9875838,2024-08-21,validation,Checking or savings account,Problem caused by your funds being low,Checking or savings account,Managing an account,0.7254725205540374,0.4011809274816965,2
9877504,2024-08-21,validation,Checking or savings account,Closing an account,Checking or savings account,Managing an account,0.9510052187619196,0.6776032160203276,0
9877533,2024-08-21,validation,Checking or savings account,Managing an account,Checking or savings account,Managing an account,0.5908675770243428,0.30089453850370007,0
9877670,2024-08-21,validation,Credit card,Fees or interest,Credit card,Fees or interest,0.9443173267268934,0.3353381616149306,3
9878133,2024-08-21,validation,Credit card,Problem when making payments,Credit card,Other issue,0.9549945633765027,0.5455587118070068,3
9878875,2024-08-21,validation,Checking or savings account,Opening an account,Credit card,Getting a credit card,0.8545134283390413,0.6725138005327216,4
9878876,2024-08-21,validation,"Money transfer, virtual currency, or money service",Other transaction problem,"Money transfer, virtual currency, or money service",Other issue,0.46841666500045487,0.3889122109340107,2
9879810,2024-08-21,validation,Checking or savings account,Managing an account,Checking or savings account,Managing an account,0.4238096569711791,0.29413179905313147,5
9879934,2024-08-21,validation,Checking or savings account,Closing an account,Checking or savings account,Managing an account,0.8521279953303527,0.39907466242559625,6
9879964,2024-08-21,validation,Credit card,Incorrect information on your report,Credit card,Other issue,0.9515104987373734,0.3708983217413004,4
9880679,2024-08-21,validation,Credit card,"Advertising and marketing, including promotional offers",Credit card,Fees or interest,0.9194784330582985,0.5850946297624577,3
9880785,2024-08-21,validation,"Money transfer, virtual currency, or money service",Problem with customer service,Credit card,Other issue,0.5118935040256322,0.26323720177475934,4
9881244,2024-08-21,validation,Checking or savings account,Managing an account,Credit card,Problem with a purchase shown on your statement,0.6731561300018402,0.49519082121511543,5
9881387,2024-08-21,validation,Checking or savings account,Managing an account,Checking or savings account,Problem with a purchase shown on your statement,0.5071804482468923,0.36725261949815013,5
9882510,2024-08-21,validation,Checking or savings account,Opening an account,Credit card,Other issue,0.6340655291228285,0.31824360725915973,4
9870916,2024-08-22,validation,Credit card,Getting a credit card,Credit card,Getting a credit card,0.8246056079139601,0.35168145303708814,4
9871034,2024-08-22,validation,Credit card,Getting a credit card,Credit card,Getting a credit card,0.828935338195535,0.3371171330324286,4
9871037,2024-08-22,validation,Credit card,Getting a credit card,Credit card,Getting a credit card,0.762446865524305,0.35842496429957343,6
9872428,2024-08-22,validation,"Money transfer, virtual currency, or money service",Fraud or scam,Checking or savings account,Managing an account,0.39881148701739955,0.25017394437983204,5
9873327,2024-08-22,validation,Checking or savings account,Closing an account,Credit card,Other issue,0.5251858749667275,0.25743177240071907,6
9883156,2024-08-22,validation,"Money transfer, virtual currency, or money service",Fraud or scam,Checking or savings account,Other issue,0.48402904678425107,0.39584865126764385,6
9883184,2024-08-22,validation,Checking or savings account,Problem with a lender or other company charging your account,Credit card,Problem with a purchase shown on your statement,0.5523543955143086,0.4401478732557863,5
9883196,2024-08-22,validation,Checking or savings account,Managing an account,Checking or savings account,Managing an account,0.7545100576413039,0.7393157329271043,0
9883378,2024-08-22,validation,Credit card,Incorrect information on your report,Credit card,Other issue,0.8840663436759129,0.3461804836922017,4
9884732,2024-08-22,validation,Checking or savings account,Problem with a lender or other company charging your account,Checking or savings account,Problem with a purchase shown on your statement,0.5317297640988351,0.410319179434306,5
9885923,2024-08-22,validation,Credit card,"Advertising and marketing, including promotional offers",Credit card,Fees or interest,0.9579821824965101,0.2962208120994936,3
9891342,2024-08-22,validation,Checking or savings account,Managing an account,Checking or savings account,Managing an account,0.6262825510026098,0.5233603569724453,0
9891694,2024-08-22,validation,Credit card,Fees or interest,Credit card,Other issue,0.9606771924146309,0.22929067392564365,1
9892189,2024-08-22,validation,Credit card,Incorrect information on your report,Credit card,Other issue,0.7694110537774568,0.3913904847267846,4
9892365,2024-08-22,validation,Credit card,Incorrect information on your report,Credit card,Other issue,0.7687598889689891,0.39466710844074815,4
9892490,2024-08-22,validation,Credit card,Problem with a purchase shown on your statement,Credit card,Problem with a purchase shown on your statement,0.9525475232373298,0.5890445398689299,5
9892596,2024-08-22,validation,Credit card,Incorrect information on your report,Credit card,Other issue,0.8412175652772135,0.3657936074962508,4
9892606,2024-08-22,validation,Credit card,Getting a credit card,Credit card,Getting a credit card,0.9313148693572937,0.34538623240215693,4
9893230,2024-08-22,validation,Credit card,Problem with a purchase shown on your statement,Credit card,Other issue,0.9944605241179556,0.26050183944664423,1
9893323,2024-08-22,validation,Checking or savings account,Managing an account,Checking or savings account,Managing an account,0.6902081401271064,0.46958117241430297,2
9896033,2024-08-22,validation,Credit card,Problem with a purchase shown on your statement,Credit card,Problem with a purchase shown on your statement,0.6142599061261478,0.3833895416613711,5
9896175,2024-08-22,validation,Checking or savings account,Managing an account,Checking or savings account,Managing an account,0.6432123355600973,0.3875910979421681,0
9896178,2024-08-22,validation,"Money transfer, virtual currency, or money service",Fraud or scam,Checking or savings account,Other issue,0.6074717658006241,0.26593624788073433,0
9925400,2024-08-22,validation,Credit card,Getting a credit card,Credit card,Getting a credit card,0.827449264406904,0.37255138951393263,4
9890762,2024-08-23,validation,"Money transfer, virtual currency, or money service",Fraud or scam,Checking or savings account,Managing an account,0.7672833570008684,0.46888941686845487,0
9891375,2024-08-23,validation,Credit card,Problem with a purchase shown on your statement,Credit card,Problem with a purchase shown on your statement,0.423469473004692,0.28398181690152735,5
9891662,2024-08-23,validation,Credit card,"Other features, terms, or problems",Credit card,Other issue,0.9101721333402235,0.49869844146716735,4
9896959,2024-08-23,validation,Credit card,Incorrect information on your report,Credit card,Other issue,0.7793159739041035,0.38200448942874327,4
9898511,2024-08-23,validation,Checking or savings account,Managing an account,Checking or savings account,Managing an account,0.6786353532948282,0.22935285902967997,0
9898582,2024-08-23,validation,Credit card,Closing your account,Credit card,Other issue,0.7912366354226047,0.27442868375218604,4
9899081,2024-08-23,validation,Credit card,Problem with a purchase shown on your statement,Credit card,Problem with a purchase shown on your statement,0.5183370463410978,0.2933449079011368,5
9899113,2024-08-23,validation,Checking or savings account,Managing an account,Checking or savings account,Managing an account,0.6463740595006097,0.40443840410667103,5
9899342,2024-08-23,validation,Credit card,Getting a credit card,Credit card,Getting a credit card,0.8408162243658539,0.3760757710261053,1
9902350,2024-08-23,validation,Checking or savings account,Managing an account,Checking or savings account,Managing an account,0.8437091300250227,0.3193474260927116,7
9903056,2024-08-23,validation,Checking or savings account,Problem caused by your funds being low,Credit card,Other issue,0.4450015616661906,0.3047264778023374,5
9903068,2024-08-23,validation,Credit card,Struggling to pay your bill,Credit card,Other issue,0.943858358517851,0.3846981839059832,1
9903730,2024-08-23,validation,Checking or savings account,Managing an account,Checking or savings account,Managing an account,0.8806051249127553,0.5599044065477227,7
9903805,2024-08-23,validation,Credit card,Getting a credit card,Credit card,Getting a credit card,0.839260604498627,0.3732458055893167,1
9904375,2024-08-23,validation,Checking or savings account,Improper use of your report,Checking or savings account,Other issue,0.46606928761339583,0.2329405574775007,6
9904962,2024-08-23,validation,Checking or savings account,Managing an account,Checking or savings account,Managing an account,0.8286777822754418,0.6376039777054591,0
9905094,2024-08-23,validation,Credit card,Closing your account,Credit card,Other issue,0.9524693289819368,0.3816179110490619,3
9905458,2024-08-23,validation,"Money transfer, virtual currency, or money service",Fraud or scam,"Money transfer, virtual currency, or money service",Fraud or scam,0.6116085082862194,0.3532995012070918,0
9906165,2024-08-23,validation,Credit card,Getting a credit card,Credit card,Getting a credit card,0.8394579548226346,0.34759157623557796,1
9906215,2024-08-23,validation,Credit card,Getting a credit card,Credit card,Getting a credit card,0.8324521485344513,0.3743273052729565,1
9906254,2024-08-23,validation,Credit card,Closing your account,Credit card,Other issue,0.6114340534853441,0.32612354222713025,2
9906533,2024-08-23,validation,Checking or savings account,Opening an account,Checking or savings account,Closing an account,0.849607932195619,0.24042173945282017,0
9906573,2024-08-23,validation,Credit card,Struggling to pay your bill,Credit card,Other issue,0.9677156740116354,0.40394323690575057,3
9906798,2024-08-23,validation,Credit card,Getting a credit card,Credit card,Problem with a purchase shown on your statement,0.9258780208498828,0.20902093122177728,4
9906863,2024-08-23,validation,Credit card,"Other features, terms, or problems",Credit card,Other issue,0.5609675840465688,0.35414198095608096,5
9907155,2024-08-23,validation,Checking or savings account,Problem caused by your funds being low,Checking or savings account,Managing an account,0.8868306945094153,0.7114682526535028,0
9898411,2024-08-24,validation,Credit card,Problem with a purchase shown on your statement,Credit card,Problem with a purchase shown on your statement,0.6460118687813825,0.449718085447579,5
9899582,2024-08-24,validation,Checking or savings account,Managing an account,Checking or savings account,Managing an account,0.6802378495034134,0.5751572959776776,1
9900002,2024-08-24,validation,Credit card,Problem with a purchase shown on your statement,Checking or savings account,Other issue,0.47769503901531357,0.2267727212635431,5
9908259,2024-08-24,validation,Checking or savings account,Managing an account,Checking or savings account,Closing an account,0.7701381513441093,0.3648365100292914,0
9909935,2024-08-24,validation,"Money transfer, virtual currency, or money service",Other transaction problem,Checking or savings account,Managing an account,0.6736286898491228,0.29301840731215234,0
9910233,2024-08-24,validation,Checking or savings account,Problem with a lender or other company charging your account,Checking or savings account,Managing an account,0.6832897992813455,0.42230502453817415,0
9910493,2024-08-24,validation,Credit card,Incorrect information on your report,Credit card,Other issue,0.8157721553555685,0.33834814576159894,6
9925743,2024-08-24,validation,Credit card,Problem when making payments,Credit card,Other issue,0.7692068097328923,0.6600067628287587,7
9926763,2024-08-24,validation,Credit card,Getting a credit card,Credit card,Getting a credit card,0.9803178835807047,0.6259077364558062,1
9931645,2024-08-24,validation,Checking or savings account,Managing an account,Checking or savings account,Managing an account,0.8412584232393435,0.2946202301530506,0
9920770,2024-08-25,validation,Credit card,Incorrect information on your report,Credit card,Other issue,0.8259988961105565,0.4362101468329716,4
9923545,2024-08-25,validation,Checking or savings account,Managing an account,Checking or savings account,Managing an account,0.9026765310749372,0.46508060940055607,0
9912531,2024-08-26,validation,Checking or savings account,Closing an account,Checking or savings account,Closing an account,0.7746403085237402,0.2322684104728929,6
9914747,2024-08-26,validation,Credit card,Closing your account,Checking or savings account,Other issue,0.5109278541841165,0.26157803654644635,4
9915412,2024-08-26,validation,Credit card,Fees or interest,Credit card,Other issue,0.5324738860050259,0.37586641499252355,5
9915792,2024-08-26,validation,Checking or savings account,Closing an account,Checking or savings account,Closing an account,0.9823440482352108,0.41320351779666054,0
9916077,2024-08-26,validation,Credit card,Getting a credit card,Credit card,Other issue,0.7555000640020637,0.3546406024312798,4
9917167,2024-08-26,validation,Credit card,Incorrect information on your report,Credit card,Other issue,0.6935242643189435,0.3666063022802548,6
9924953,2024-08-26,validation,Credit card,Problem with a purchase shown on your statement,Credit card,Problem with a purchase shown on your statement,0.7985267851676935,0.514930418079589,1
9926063,2024-08-26,validation,Checking or savings account,Closing an account,Checking or savings account,Managing an account,0.8908940672050139,0.611704140554312,0
9926324,2024-08-26,validation,Credit card,Getting a credit card,Credit card,Problem with a purchase shown on your statement,0.9449202624438912,0.27755704269866976,1
9926507,2024-08-26,validation,Checking or savings account,Problem with a lender or other company charging your account,Checking or savings account,Managing an account,0.45876987997907953,0.28819769797711625,5
9926709,2024-08-26,validation,Checking or savings account,Problem with a lender or other company charging your account,Checking or savings account,Managing an account,0.8322665911500178,0.5662524017980903,0
9926715,2024-08-26,validation,"Money transfer, virtual currency, or money service","Managing, opening, or closing your mobile wallet account",Checking or savings account,Other issue,0.3709653398436536,0.280703832758942,0
9926729,2024-08-26,validation,Checking or savings account,Managing an account,Checking or savings account,Managing an account,0.7258597934795463,0.3606064887757811,0
9927312,2024-08-26,validation,Credit card,Problem when making payments,Credit card,Other issue,0.841560637710125,0.3359703272225368,1
9927436,2024-08-26,validation,Credit card,Problem with a purchase shown on your statement,Credit card,Other issue,0.6723110937699981,0.31013069263206844,5
9927459,2024-08-26,validation,"Money transfer, virtual currency, or money service",Other transaction problem,"Money transfer, virtual currency, or money service",Other issue,0.4944927537543423,0.344217494367136,2
9927881,2024-08-26,validation,Checking or savings account,Managing an account,Credit card,Problem with a purchase shown on your statement,0.7533045158226074,0.22579284268022218,1
9927898,2024-08-26,validation,Credit card,Problem when making payments,Credit card,Fees or interest,0.9681324557228194,0.6704643625377971,3
9928711,2024-08-26,validation,Checking or savings account,Managing an account,Credit card,Managing an account,0.602282572675623,0.3012854449152636,0
9929084,2024-08-26,validation,"Money transfer, virtual currency, or money service","Managing, opening, or closing your mobile wallet account","Money transfer, virtual currency, or money service",Other issue,0.49666629478948476,0.5848502920469013,5
9929148,2024-08-26,validation,Credit card,Problem with a purchase shown on your statement,Credit card,Problem with a purchase shown on your statement,0.8917930929356654,0.5712500669429967,5
10033530,2024-08-27,validation,Credit card,"Other features, terms, or problems",Credit card,Other issue,0.9307130201681908,0.28486619450595185,1
9915867,2024-08-27,validation,Credit card,Struggling to pay your bill,Credit card,Other issue,0.6765292392105774,0.38687917667507504,4
9922985,2024-08-27,validation,Credit card,Problem with a purchase shown on your statement,Credit card,Problem with a purchase shown on your statement,0.7504804154754682,0.5915384285250515,5
9932464,2024-08-27,validation,Credit card,Incorrect information on your report,Credit card,Other issue,0.7276648302441783,0.3787490415757867,7
9932498,2024-08-27,validation,Credit card,Closing your account,Checking or savings account,Managing an account,0.7252006196296217,0.29822523160974296,0
9932740,2024-08-27,validation,Checking or savings account,Opening an account,Checking or savings account,Managing an account,0.9285870542575365,0.41207895972238545,7
9933422,2024-08-27,validation,Credit card,Problem with a purchase shown on your statement,Credit card,Problem with a purchase shown on your statement,0.8106766785145568,0.5692001260106131,5
9933578,2024-08-27,validation,Credit card,Incorrect information on your report,Credit card,Other issue,0.8704658223371303,0.45513218580608,4
9934453,2024-08-27,validation,Checking or savings account,Managing an account,Credit card,Other issue,0.5635802899119444,0.17298159056958562,6
9934517,2024-08-27,validation,Credit card,Problem with a purchase shown on your statement,Credit card,Problem with a purchase shown on your statement,0.9542379670054671,0.45127434010317957,1
9934526,2024-08-27,validation,Credit card,Fees or interest,Credit card,Managing an account,0.762581201484991,0.1897164116425807,7
9935789,2024-08-27,validation,Checking or savings account,Managing an account,Checking or savings account,Managing an account,0.9224382058812763,0.7100129070533786,0
9936061,2024-08-27,validation,Checking or savings account,Problem with a lender or other company charging your account,"Money transfer, virtual currency, or money service",Other issue,0.7459943221242276,0.2749372950209594,0
9937556,2024-08-27,validation,Credit card,Closing your account,Credit card,Other issue,0.974215114906334,0.436627438885861,1
9937634,2024-08-27,validation,Checking or savings account,Problem caused by your funds being low,Checking or savings account,Other issue,0.6904779377642749,0.2685371967638079,6
9937635,2024-08-27,validation,Credit card,Getting a credit card,Credit card,Other issue,0.6012818557684665,0.19701191057717332,4
9937711,2024-08-27,validation,Credit card,Problem with a purchase shown on your statement,Credit card,Problem with a purchase shown on your statement,0.9670441163305266,0.34736841950226266,1
9937814,2024-08-27,validation,"Money transfer, virtual currency, or money service",Fraud or scam,Checking or savings account,Problem with a purchase shown on your statement,0.5497827508546367,0.36290555947060776,5
9939797,2024-08-27,validation,Checking or savings account,Opening an account,Checking or savings account,Managing an account,0.8573094043756001,0.2221847927556987,2
9939949,2024-08-27,validation,Credit card,"Other features, terms, or problems",Credit card,Problem with a purchase shown on your statement,0.90477409457968,0.27225876399752913,1
9931906,2024-08-28,validation,Credit card,Problem with a purchase shown on your statement,Credit card,Problem with a purchase shown on your statement,0.9065036164386036,0.6808658844279614,5
9942270,2024-08-28,validation,Credit card,Problem when making payments,Checking or savings account,Other issue,0.4956764512229488,0.30639236664014335,0
9942302,2024-08-28,validation,Credit card,Problem with a purchase shown on your statement,Credit card,Problem with a purchase shown on your statement,0.6967224662454045,0.4766610323572056,5
9942535,2024-08-28,validation,Credit card,Problem with a purchase shown on your statement,Credit card,Problem with a purchase shown on your statement,0.8320633352015937,0.4399641958090289,4
9943484,2024-08-28,validation,Credit card,Problem with a purchase shown on your statement,Credit card,Problem with a purchase shown on your statement,0.9546707306169574,0.6203344266164953,1
9943485,2024-08-28,validation,Credit card,Problem with a purchase shown on your statement,Credit card,Problem with a purchase shown on your statement,0.8526243097884528,0.6444798694723071,1
9944799,2024-08-28,validation,Checking or savings account,Managing an account,Checking or savings account,Managing an account,0.8179415750650334,0.34055084482133513,0
9946283,2024-08-28,validation,"Money transfer, virtual currency, or money service",Money was not available when promised,Checking or savings account,Managing an account,0.610614356050892,0.5678863768886917,0
9948061,2024-08-28,validation,Checking or savings account,Managing an account,Checking or savings account,Managing an account,0.47217080608925177,0.19581830004451264,6
9948266,2024-08-28,validation,Checking or savings account,Managing an account,Checking or savings account,Managing an account,0.740150925935444,0.44203003572700295,2
9948342,2024-08-28,validation,Credit card,"Other features, terms, or problems",Credit card,Other issue,0.4999118176475709,0.2827941375162978,6
9948385,2024-08-28,validation,Checking or savings account,Managing an account,Checking or savings account,Managing an account,0.9181653002318821,0.43436494904183215,0
9948791,2024-08-28,validation,Credit card,"Advertising and marketing, including promotional offers",Credit card,Other issue,0.8223438893960154,0.3718728146691355,6
9949028,2024-08-28,validation,Credit card,Getting a credit card,Credit card,Problem with a purchase shown on your statement,0.8010404395910877,0.21337411472997547,1
9949056,2024-08-28,validation,Credit card,"Other features, terms, or problems",Credit card,Other issue,0.9047638354855903,0.2219795864499554,4
9949352,2024-08-28,validation,Credit card,Problem when making payments,Credit card,Other issue,0.7391135395641688,0.35682444831221705,6
9949748,2024-08-28,validation,Credit card,"Other features, terms, or problems",Credit card,Other issue,0.8353985319525272,0.2723390702698583,1
9949929,2024-08-28,validation,Checking or savings account,Managing an account,Checking or savings account,Managing an account,0.8359666118883468,0.43762113176703876,1
9950263,2024-08-28,validation,Credit card,Trouble using your card,Credit card,Other issue,0.855512914733219,0.21881600616532085,1
9950270,2024-08-28,validation,Credit card,Problem with a purchase shown on your statement,Credit card,Problem with a purchase shown on your statement,0.9297117578524944,0.8092633240242658,5
9951086,2024-08-28,validation,Credit card,Getting a credit card,Credit card,Other issue,0.8368510716412414,0.4428460735671682,4
9951169,2024-08-28,validation,Checking or savings account,Problem caused by your funds being low,Checking or savings account,Managing an account,0.9460158775383055,0.35717800633825075,6
9951760,2024-08-28,validation,Checking or savings account,Managing an account,Checking or savings account,Managing an account,0.8258915879854869,0.4303766755672855,0
9951791,2024-08-28,validation,Checking or savings account,Closing an account,Checking or savings account,Managing an account,0.5516056230893261,0.3716942629871104,0
9969849,2024-08-28,validation,Checking or savings account,Opening an account,Checking or savings account,Other issue,0.44238165037763016,0.29579388111793325,0
10010449,2024-08-29,validation,Checking or savings account,Managing an account,Checking or savings account,Managing an account,0.5734122760299288,0.27404330713860287,0
10010466,2024-08-29,validation,"Money transfer, virtual currency, or money service",Fraud or scam,Checking or savings account,Managing an account,0.5011955982082363,0.35300086189018826,0
9954459,2024-08-29,validation,Credit card,"Advertising and marketing, including promotional offers",Credit card,Other issue,0.7610567511050305,0.4261312945517192,3
9954754,2024-08-29,validation,Credit card,Closing your account,Credit card,Other issue,0.9678153157665623,0.2283415022965245,1
9955438,2024-08-29,validation,Checking or savings account,Managing an account,Checking or savings account,Managing an account,0.6512454555630028,0.33978321464687644,0
9956527,2024-08-29,validation,Checking or savings account,Opening an account,Checking or savings account,Managing an account,0.8411136061317654,0.3162697445901962,2
9984684,2024-08-29,validation,Checking or savings account,Opening an account,Credit card,Other issue,0.5940859784273789,0.1690884774094018,0
9984820,2024-08-29,validation,Credit card,Credit monitoring or identity theft protection services,Credit card,Other issue,0.9424404071299233,0.466426763795991,4
9985021,2024-08-29,validation,Checking or savings account,Managing an account,Credit card,Other issue,0.529196741733459,0.22997740338882505,0
9985215,2024-08-29,validation,Credit card,Getting a credit card,Credit card,Getting a credit card,0.5779445212071042,0.24376998285311824,4
9952664,2024-08-30,validation,Credit card,Getting a credit card,Credit card,Other issue,0.767785986063251,0.3681998394427759,4
9959346,2024-08-30,validation,Credit card,Getting a credit card,Credit card,Getting a credit card,0.9400988030700703,0.3726890889926395,4
9959492,2024-08-30,validation,Checking or savings account,Managing an account,Checking or savings account,Managing an account,0.48604913117555504,0.2622910522257795,5
9961571,2024-08-30,validation,"Money transfer, virtual currency, or money service",Money was not available when promised,Checking or savings account,Other issue,0.387600968881718,0.32636976591275907,5
9961680,2024-08-30,validation,Checking or savings account,Closing an account,Checking or savings account,Closing an account,0.7102147588073618,0.3257777817795685,0
9961753,2024-08-30,validation,Credit card,Fees or interest,Credit card,Closing an account,0.6243150767565531,0.2025271527076246,0
9962102,2024-08-30,validation,Checking or savings account,Opening an account,Checking or savings account,Other issue,0.6064982812318588,0.2821985480168883,0
9962457,2024-08-30,validation,Checking or savings account,Managing an account,Checking or savings account,Problem with a purchase shown on your statement,0.4386765743682842,0.2997679128417919,5
9969235,2024-08-30,validation,Checking or savings account,Managing an account,Checking or savings account,Managing an account,0.6107942465597894,0.4682207513799851,0
9969290,2024-08-30,validation,Checking or savings account,Managing an account,Checking or savings account,Other issue,0.40282048285645383,0.28950211263823467,3
9969432,2024-08-30,validation,Credit card,Closing your account,Credit card,Other issue,0.6388833874736698,0.423838522035763,3
9970580,2024-08-30,validation,Checking or savings account,Managing an account,Checking or savings account,Managing an account,0.8748540451911727,0.45862053347834114,0
9970874,2024-08-30,validation,Credit card,Fees or interest,Credit card,Other issue,0.8177676749225706,0.23197737761473058,1
9971113,2024-08-30,validation,Checking or savings account,Problem caused by your funds being low,Checking or savings account,Other issue,0.4587881465975847,0.3735583449752483,3
9971252,2024-08-30,validation,Credit card,Fees or interest,Credit card,Other issue,0.6326087573668459,0.3942642266179899,3
9971291,2024-08-30,validation,Credit card,"Other features, terms, or problems",Credit card,"Other features, terms, or problems",0.9698336911532403,0.3266130295580119,1
9971597,2024-08-30,validation,Credit card,Fees or interest,Credit card,Other issue,0.928621343689298,0.2730189032054703,1
9982880,2024-08-30,validation,Credit card,"Other features, terms, or problems",Credit card,Other issue,0.9291468092697694,0.381591112588117,1
9983966,2024-08-30,validation,"Money transfer, virtual currency, or money service",Fraud or scam,Checking or savings account,Managing an account,0.5540402205121241,0.28722537792459846,5
9967283,2024-08-31,validation,Checking or savings account,Problem with a lender or other company charging your account,Checking or savings account,Managing an account,0.7734140417742388,0.37558420376377544,0
9974057,2024-08-31,validation,Checking or savings account,Problem with a lender or other company charging your account,Checking or savings account,Managing an account,0.8561654892179011,0.49151076879991057,2
9975895,2024-08-31,validation,"Money transfer, virtual currency, or money service",Problem with customer service,"Money transfer, virtual currency, or money service",Other issue,0.5415606351375001,0.34267901851981225,0
9975923,2024-08-31,validation,"Money transfer, virtual currency, or money service",Problem with customer service,Checking or savings account,Managing an account,0.48082596405677436,0.2377302641381456,0
9976121,2024-08-31,validation,Checking or savings account,Managing an account,Checking or savings account,Managing an account,0.7568128282970793,0.3911235018532544,6
9977660,2024-08-31,validation,Checking or savings account,Managing an account,Checking or savings account,Other issue,0.8157449671626654,0.5491266109845909,7
9980217,2024-08-31,validation,Checking or savings account,Managing an account,Checking or savings account,Managing an account,0.882699865613216,0.5484755683397865,0
9981060,2024-08-31,validation,Credit card,Trouble using your card,Credit card,Managing an account,0.4937019529923744,0.41448730603068706,5
9983649,2024-08-31,validation,Checking or savings account,Managing an account,Checking or savings account,Managing an account,0.6865946863854456,0.43667261456318185,2
9972037,2024-09-01,validation,Checking or savings account,Managing an account,Checking or savings account,Managing an account,0.5733291689130897,0.29692515629132965,4
9972802,2024-09-01,validation,Checking or savings account,Managing an account,Checking or savings account,Managing an account,0.7389250588213906,0.2941866342347521,6
9973375,2024-09-01,validation,Credit card,Getting a credit card,Credit card,Managing an account,0.46921873604162395,0.1955746858571936,4
9982713,2024-09-01,validation,Checking or savings account,Opening an account,Checking or savings account,Managing an account,0.8588880414398463,0.2595184906074821,0
9981736,2024-09-02,validation,Checking or savings account,Managing an account,Checking or savings account,Managing an account,0.8218284326937195,0.6241653617555804,0
9986709,2024-09-02,validation,Credit card,Getting a credit card,Credit card,Other issue,0.8615965675060622,0.20078494581406645,4
9986814,2024-09-02,validation,"Money transfer, virtual currency, or money service",Unauthorized transactions or other transaction problem,"Money transfer, virtual currency, or money service",Other issue,0.47971556446756547,0.4163177584559043,5
9987539,2024-09-02,validation,Credit card,Problem with a purchase shown on your statement,Credit card,Problem with a purchase shown on your statement,0.8143583402472024,0.38738263805579237,1
9989650,2024-09-02,validation,Credit card,Incorrect information on your report,Credit card,Other issue,0.7678262918135574,0.3916681653447713,4
9989945,2024-09-02,validation,Credit card,Incorrect information on your report,Credit card,Other issue,0.7984374384194393,0.37672000801072986,4
9990008,2024-09-02,validation,Checking or savings account,Managing an account,Checking or savings account,Managing an account,0.9171260086967093,0.6157877744811974,5
9990162,2024-09-02,validation,Credit card,Incorrect information on your report,Credit card,Other issue,0.8063996189340071,0.4188413507309113,4
9991242,2024-09-02,validation,Checking or savings account,Closing an account,Credit card,Other issue,0.9095790504684174,0.4745158114162659,1
9993187,2024-09-02,validation,Credit card,Problem when making payments,Credit card,Other issue,0.5883148041588374,0.42387843799294034,3
9993609,2024-09-02,validation,Checking or savings account,Managing an account,Checking or savings account,Managing an account,0.8822612130563807,0.38155566270264574,0
9994232,2024-09-02,validation,Checking or savings account,Closing an account,Checking or savings account,Closing an account,0.8581817593611291,0.3346048666749453,0
9995091,2024-09-02,validation,"Money transfer, virtual currency, or money service","Managing, opening, or closing your mobile wallet account",Checking or savings account,Closing an account,0.4110570598933857,0.255802468145784,4
10000475,2024-09-03,validation,Checking or savings account,Managing an account,Checking or savings account,Managing an account,0.7826685083320108,0.5819407482715531,0
10000679,2024-09-03,validation,Checking or savings account,Managing an account,Credit card,Managing an account,0.7456388681596965,0.2225199642553271,2
10000969,2024-09-03,validation,Checking or savings account,Closing an account,Checking or savings account,Managing an account,0.9289870887816227,0.46000362401397094,0
10001051,2024-09-03,validation,Credit card,Getting a credit card,Credit card,Getting a credit card,0.8844425990728281,0.48671358298655676,6
10001143,2024-09-03,validation,Checking or savings account,Managing an account,Checking or savings account,Managing an account,0.8441190842203579,0.5314362391862105,0
10001231,2024-09-03,validation,Credit card,Closing your account,Credit card,Other issue,0.9437985409933229,0.1916514235916459,1
10001822,2024-09-03,validation,Credit card,"Other features, terms, or problems",Credit card,Other issue,0.9832618922184713,0.49058934416337824,1
10001878,2024-09-03,validation,"Money transfer, virtual currency, or money service",Unexpected or other fees,"Money transfer, virtual currency, or money service",Other issue,0.7554401555660607,0.45329068867494143,5
10002502,2024-09-03,validation,Checking or savings account,Managing an account,Checking or savings account,Managing an account,0.7773652871184921,0.6518444193637978,0
10003377,2024-09-03,validation,Credit card,Problem with a purchase shown on your statement,Checking or savings account,Problem with a purchase shown on your statement,0.6962141968014275,0.31102339350412855,2
10003809,2024-09-03,validation,Checking or savings account,Managing an account,Checking or savings account,Managing an account,0.9810669349165172,0.7710694677034865,0
10004192,2024-09-03,validation,Credit card,Getting a credit card,Credit card,Getting a credit card,0.971442918795364,0.4613346405563533,1
10004255,2024-09-03,validation,Credit card,"Advertising and marketing, including promotional offers",Credit card,Managing an account,0.7442688271860044,0.18229782260123517,5
10004475,2024-09-03,validation,Checking or savings account,Managing an account,Checking or savings account,Managing an account,0.7261338663944134,0.30793536492497436,0
10004798,2024-09-03,validation,Checking or savings account,Managing an account,Checking or savings account,Managing an account,0.8728476878749546,0.6262374185981423,5
10007732,2024-09-03,validation,Checking or savings account,Opening an account,Credit card,Other issue,0.5502599931204956,0.3636230788898972,4
10008418,2024-09-03,validation,Checking or savings account,Managing an account,Checking or savings account,Managing an account,0.6893474178885648,0.3090114866154004,6
9987960,2024-09-03,validation,Credit card,Problem with a purchase shown on your statement,Credit card,Problem with a purchase shown on your statement,0.6510382276691141,0.36826531847057564,5
9988342,2024-09-03,validation,Checking or savings account,Closing an account,Credit card,Other issue,0.6949447971939454,0.3398128789661151,4
9988495,2024-09-03,validation,Credit card,Getting a credit card,Credit card,Other issue,0.6323045606021304,0.35718791509433817,4
9999309,2024-09-03,validation,"Money transfer, virtual currency, or money service",Fraud or scam,Credit card,Other issue,0.39341567477575384,0.22161667635359455,5
10010101,2024-09-04,validation,Credit card,Incorrect information on your report,Credit card,Other issue,0.9722427367766638,0.5075499811563133,4
10012100,2024-09-04,validation,Credit card,Problem with a purchase shown on your statement,Credit card,Problem with a purchase shown on your statement,0.8314392868628442,0.6420389824251688,2
10012336,2024-09-04,validation,Checking or savings account,Managing an account,Checking or savings account,Managing an account,0.6882496007495206,0.24523295348195945,7
10013406,2024-09-04,validation,"Money transfer, virtual currency, or money service",Trouble accessing funds in your mobile or digital wallet,Credit card,Other issue,0.40149734646524843,0.23086713777817755,4
10015848,2024-09-04,validation,Checking or savings account,Managing an account,Checking or savings account,Managing an account,0.543661140650107,0.2567183246104002,0
10017586,2024-09-04,validation,Credit card,Fees or interest,Credit card,Other issue,0.7679607576799983,0.44181356361164825,3
10017744,2024-09-04,validation,Checking or savings account,Managing an account,Checking or savings account,Managing an account,0.5588027591391584,0.2643400381716136,0
10018481,2024-09-04,validation,Checking or savings account,Managing an account,Checking or savings account,Other issue,0.5999823699880126,0.2945039864838244,2
10020536,2024-09-04,validation,Checking or savings account,Problem caused by your funds being low,Checking or savings account,Managing an account,0.7676989526904262,0.26462042075146935,6
10022140,2024-09-04,validation,Checking or savings account,Opening an account,Checking or savings account,Managing an account,0.8704325257027066,0.4143636171342979,2
10022642,2024-09-04,validation,Checking or savings account,Problem with a lender or other company charging your account,Checking or savings account,Managing an account,0.6956484385576694,0.40254951194146915,2
10024336,2024-09-04,validation,Checking or savings account,Managing an account,Checking or savings account,Managing an account,0.7479567158663668,0.37311735152660347,7
10024579,2024-09-04,validation,Checking or savings account,Managing an account,Checking or savings account,Managing an account,0.7170185897042074,0.5538542804946489,0
10033385,2024-09-04,validation,"Money transfer, virtual currency, or money service",Unauthorized transactions or other transaction problem,Checking or savings account,Other issue,0.468949017241154,0.25266895899763153,5
10033409,2024-09-04,validation,Credit card,"Other features, terms, or problems",Credit card,Other issue,0.8681032147971746,0.415146366643417,1
9995922,2024-09-04,validation,Credit card,Incorrect information on your report,Credit card,Other issue,0.7679217215609626,0.3914556435279148,4
9996240,2024-09-04,validation,Checking or savings account,Managing an account,Checking or savings account,Managing an account,0.6235491686543144,0.2635688685536302,0
9998317,2024-09-04,validation,Checking or savings account,Managing an account,Checking or savings account,Managing an account,0.9325573876904399,0.5844850543327211,2
10019552,2024-09-05,validation,Checking or savings account,Closing an account,Checking or savings account,Closing an account,0.8471535906603805,0.4579854798711442,6
10028109,2024-09-05,validation,"Money transfer, virtual currency, or money service",Other transaction problem,"Money transfer, virtual currency, or money service",Other issue,0.39444625444628767,0.2914606330269816,5
10029100,2024-09-05,validation,Credit card,"Advertising and marketing, including promotional offers",Credit card,Other issue,0.6736096810008462,0.38917623708730925,3
10030445,2024-09-05,validation,Credit card,"Other features, terms, or problems",Credit card,Other issue,0.5907498464011076,0.34816611928957114,0
10032854,2024-09-05,validation,Checking or savings account,Managing an account,Checking or savings account,Managing an account,0.8956840565562523,0.6623945066390524,6
10033185,2024-09-05,validation,Checking or savings account,Problem with a lender or other company charging your account,Checking or savings account,Managing an account,0.7854338022475456,0.39873013358657167,5
10033357,2024-09-05,validation,Checking or savings account,Opening an account,Checking or savings account,Managing an account,0.6727343728972142,0.27981142296909556,0
10047435,2024-09-05,validation,Credit card,Incorrect information on your report,Credit card,Other issue,0.8355152418628496,0.3649074425551969,4
10047459,2024-09-05,validation,Checking or savings account,Managing an account,Checking or savings account,Problem with a purchase shown on your statement,0.5215083622642925,0.398929011692363,5
10047963,2024-09-05,validation,"Money transfer, virtual currency, or money service",Fraud or scam,Credit card,Other issue,0.5679558780230768,0.3423125404870328,5
10068526,2024-09-05,validation,Credit card,Struggling to pay your bill,Credit card,Other issue,0.9129609747687194,0.42983155626001807,3
10026533,2024-09-06,validation,Credit card,"Other features, terms, or problems",Credit card,Other issue,0.6820548694714212,0.2736623898366463,2
10041306,2024-09-06,validation,Credit card,Fees or interest,Credit card,Other issue,0.9546852274035453,0.4169754241704595,1
10041773,2024-09-06,validation,Checking or savings account,Managing an account,Checking or savings account,Managing an account,0.5153110148979378,0.45040271483093025,0
10042153,2024-09-06,validation,Checking or savings account,Managing an account,Checking or savings account,Other issue,0.6180987602346262,0.2888923803978908,5
10042424,2024-09-06,validation,Checking or savings account,Managing an account,Checking or savings account,Managing an account,0.5981819314125274,0.26648092127542455,6
10047387,2024-09-06,validation,Checking or savings account,Closing an account,Checking or savings account,Closing an account,0.8549402448594865,0.39215933617339177,0
10047426,2024-09-06,validation,"Money transfer, virtual currency, or money service",Unexpected or other fees,Credit card,Other issue,0.9261041922425276,0.4354718135824396,3
10047920,2024-09-06,validation,Credit card,Getting a credit card,Credit card,Getting a credit card,0.9955298824532118,0.7608000684215424,1
10049473,2024-09-06,validation,Credit card,Problem with a purchase shown on your statement,Credit card,Other issue,0.5780318347500372,0.41199261586703056,5
10056399,2024-09-06,validation,Credit card,Getting a credit card,Credit card,Other issue,0.8224288050000622,0.2214200805012891,4
10056485,2024-09-06,validation,Checking or savings account,Problem with a lender or other company charging your account,"Money transfer, virtual currency, or money service",Fraud or scam,0.6731883639970093,0.26372656810362294,6
10059652,2024-09-06,validation,"Money transfer, virtual currency, or money service",Fraud or scam,Checking or savings account,Managing an account,0.48254482267789256,0.347792755882937,2
10059943,2024-09-06,validation,Checking or savings account,Managing an account,Checking or savings account,Other issue,0.5793240473751268,0.30080333536056675,6
10059947,2024-09-06,validation,Credit card,Problem when making payments,Checking or savings account,Other issue,0.5093753950436489,0.36430752362419655,3
10036037,2024-09-07,validation,"Money transfer, virtual currency, or money service",Trouble accessing funds in your mobile or digital wallet,Checking or savings account,Managing an account,0.578333843458708,0.43219136839170813,0
10051693,2024-09-07,validation,Credit card,Problem with a purchase shown on your statement,Credit card,Getting a credit card,0.9952277068929021,0.38463484604119946,1
10056277,2024-09-07,validation,Checking or savings account,Managing an account,Checking or savings account,Managing an account,0.706094944318434,0.4621514664761068,0
10059021,2024-09-07,validation,Credit card,"Other features, terms, or problems",Credit card,Managing an account,0.7170218964252724,0.20353381660869058,6
10051591,2024-09-08,validation,Credit card,Problem when making payments,Credit card,Other issue,0.9033560249814009,0.5122564995705442,3
10052019,2024-09-08,validation,Credit card,Getting a credit card,Credit card,Managing an account,0.7141810532897431,0.22133651489175574,2
10052397,2024-09-08,validation,Credit card,"Advertising and marketing, including promotional offers",Credit card,Problem with a purchase shown on your statement,0.9893931062996657,0.23484697731467963,1
10055773,2024-09-08,validation,Checking or savings account,Managing an account,Checking or savings account,Managing an account,0.891695402212349,0.39261155598243636,0
10059518,2024-09-08,validation,Checking or savings account,Managing an account,Checking or savings account,Managing an account,0.7889578957386535,0.49036621779748363,0
10062240,2024-09-08,validation,Credit card,"Advertising and marketing, including promotional offers",Credit card,Other issue,0.9663168513460703,0.3255425730073353,1
10064493,2024-09-08,validation,"Money transfer, virtual currency, or money service",Unexpected or other fees,Checking or savings account,Managing an account,0.5042908456176012,0.22913966737432254,5
10049643,2024-09-09,validation,Checking or savings account,Managing an account,Credit card,Other issue,0.5535307295882107,0.3505703430636916,4
10051609,2024-09-09,validation,Credit card,"Advertising and marketing, including promotional offers",Credit card,Other issue,0.7018103060492213,0.3699327492515083,2
10051681,2024-09-09,validation,Checking or savings account,Opening an account,Checking or savings account,Managing an account,0.939680870845939,0.6537475139545236,2
10053073,2024-09-09,validation,Credit card,Problem with a purchase shown on your statement,Credit card,Problem with a purchase shown on your statement,0.9502595470237135,0.6361320429292029,1
10054205,2024-09-09,validation,Checking or savings account,Opening an account,Checking or savings account,Managing an account,0.8052459413622852,0.3860811284872213,0
10054342,2024-09-09,validation,Credit card,Problem with a purchase shown on your statement,Credit card,Problem with a purchase shown on your statement,0.8729182999466782,0.2787587519252575,1
10054841,2024-09-09,validation,Checking or savings account,Closing an account,Checking or savings account,Managing an account,0.6004374902463702,0.42495089086910526,4
10054964,2024-09-09,validation,Checking or savings account,Problem with a lender or other company charging your account,Checking or savings account,Managing an account,0.7428330797929099,0.34999598375343133,0
10055153,2024-09-09,validation,"Money transfer, virtual currency, or money service",Fraud or scam,Checking or savings account,Managing an account,0.8942304072545809,0.49655667750636595,6
10055250,2024-09-09,validation,Credit card,Struggling to pay your bill,Credit card,Other issue,0.7998291313381624,0.3360251712108376,4
10055254,2024-09-09,validation,Credit card,Getting a credit card,Credit card,Getting a credit card,0.8127244125587504,0.49020024872283,6
10055929,2024-09-09,validation,Credit card,Incorrect information on your report,Credit card,Other issue,0.6945887010448956,0.4723560375806097,4
10060430,2024-09-09,validation,Credit card,Fees or interest,Credit card,Fees or interest,0.9729944169698236,0.4853217815434425,3
10060851,2024-09-09,validation,Credit card,Incorrect information on your report,Credit card,Other issue,0.8053106225883299,0.5367492873899504,4
10061948,2024-09-09,validation,Checking or savings account,Opening an account,Credit card,Other issue,0.6135961809692023,0.2320459847769351,4
10065119,2024-09-09,validation,Checking or savings account,Managing an account,Checking or savings account,Problem with a purchase shown on your statement,0.6258816281442132,0.2454672777315618,5
10066892,2024-09-09,validation,Checking or savings account,Closing an account,Checking or savings account,Other issue,0.49611663305090326,0.2529726696593355,6
10067362,2024-09-09,validation,Checking or savings account,Managing an account,Checking or savings account,Managing an account,0.8052858170939728,0.5519271173794258,0
10080939,2024-09-09,validation,Checking or savings account,Closing an account,Checking or savings account,Managing an account,0.971995502859053,0.5786782078143778,0
10064966,2024-09-10,validation,"Money transfer, virtual currency, or money service",Fraud or scam,Credit card,Other issue,0.5866362154100878,0.2284829940447707,5
10065003,2024-09-10,validation,Checking or savings account,Managing an account,Checking or savings account,Managing an account,0.4837462283421864,0.3219298950494638,3
10065038,2024-09-10,validation,Checking or savings account,Managing an account,Credit card,Managing an account,0.5182399039770871,0.2925293841585023,3
10066464,2024-09-10,validation,Credit card,Problem with a purchase shown on your statement,Credit card,Problem with a purchase shown on your statement,0.7503831118915923,0.7333366580487064,5
10066710,2024-09-10,validation,Checking or savings account,Managing an account,Checking or savings account,Managing an account,0.8651332077559769,0.5900984237914745,0
10066778,2024-09-10,validation,Checking or savings account,Managing an account,Checking or savings account,Managing an account,0.8489679737539375,0.5996736020966822,6
10066994,2024-09-10,validation,Checking or savings account,Problem with a company's investigation into an existing problem,Checking or savings account,Managing an account,0.5157015466079078,0.33149858312914304,4
10067095,2024-09-10,validation,Checking or savings account,Managing an account,Checking or savings account,Managing an account,0.554261860381666,0.32911261261210434,2
10067096,2024-09-10,validation,Checking or savings account,Problem with a lender or other company charging your account,Checking or savings account,Managing an account,0.7022203102028329,0.31731796833109677,0
10074239,2024-09-10,validation,Credit card,Fees or interest,Credit card,Other issue,0.6520068060749985,0.1714485322190051,1
10074778,2024-09-10,validation,Credit card,"Other features, terms, or problems",Credit card,Problem with a purchase shown on your statement,0.8095211444457511,0.6129609170507464,5
10074790,2024-09-10,validation,Credit card,Problem with a purchase shown on your statement,Credit card,Problem with a purchase shown on your statement,0.42838565827262304,0.5463263029266192,2
10075576,2024-09-10,validation,Credit card,Problem with a purchase shown on your statement,Credit card,Problem with a purchase shown on your statement,0.8486989049624074,0.4716381061392312,5
10077368,2024-09-10,validation,Credit card,Problem with a purchase shown on your statement,Credit card,Problem with a purchase shown on your statement,0.8452646192741765,0.5648719258717977,5
10077376,2024-09-10,validation,Checking or savings account,Closing an account,Checking or savings account,Closing an account,0.963957745529236,0.4963683944780989,0
10077380,2024-09-10,validation,Credit card,"Advertising and marketing, including promotional offers",Credit card,Problem with a purchase shown on your statement,0.8782135462522931,0.1975512890395664,1
10077741,2024-09-10,validation,Credit card,Problem with a purchase shown on your statement,Credit card,Other issue,0.7811034433738283,0.3350912111281865,5
10078383,2024-09-10,validation,Checking or savings account,Managing an account,Checking or savings account,Managing an account,0.6456947820058356,0.5599440383429232,5
10080516,2024-09-10,validation,Credit card,Improper use of your report,Credit card,Other issue,0.7687598889689891,0.39466710844074815,4
10080560,2024-09-10,validation,Checking or savings account,Managing an account,Checking or savings account,Managing an account,0.6271676119887983,0.3674441029525271,3
10080740,2024-09-10,validation,Checking or savings account,Managing an account,Checking or savings account,Managing an account,0.6747323507312255,0.2571657404851008,0
10080907,2024-09-10,validation,Checking or savings account,Managing an account,Checking or savings account,Managing an account,0.8647113785156687,0.4083580423341119,7
10073381,2024-09-11,validation,"Money transfer, virtual currency, or money service",Money was not available when promised,Checking or savings account,Managing an account,0.6183359696083869,0.4358862329460167,0
10085331,2024-09-11,validation,Checking or savings account,Problem with a lender or other company charging your account,Credit card,Other issue,0.35821667347771324,0.22887305272673286,5
10085458,2024-09-11,validation,Checking or savings account,Managing an account,Checking or savings account,Managing an account,0.7498208444343021,0.39672991343182396,2
10085600,2024-09-11,validation,Checking or savings account,Closing an account,Checking or savings account,Managing an account,0.8163196926784858,0.3280680881431176,0
10085842,2024-09-11,validation,Checking or savings account,Managing an account,Checking or savings account,Managing an account,0.8058802724506007,0.5480555152926723,5
10085850,2024-09-11,validation,Checking or savings account,Closing an account,Checking or savings account,Closing an account,0.9099692129462156,0.6783979522050906,0
10086647,2024-09-11,validation,Checking or savings account,Opening an account,Checking or savings account,Managing an account,0.785394798872231,0.32031160199817443,0
10086876,2024-09-11,validation,Checking or savings account,Closing an account,Checking or savings account,Managing an account,0.8268532703730008,0.2576473334980226,0
10087002,2024-09-11,validation,Credit card,"Other features, terms, or problems",Credit card,Other issue,0.846826704629637,0.42892589981834256,1
10087107,2024-09-11,validation,"Money transfer, virtual currency, or money service",Confusing or missing disclosures,Checking or savings account,Closing an account,0.657315985379049,0.32885504963383727,0
10087756,2024-09-11,validation,Credit card,Getting a credit card,Credit card,Other issue,0.7181395720227837,0.2306218709249207,1
10087971,2024-09-11,validation,Credit card,Closing your account,Credit card,Other issue,0.7384329950068174,0.2867405838223049,3
10088334,2024-09-11,validation,Checking or savings account,Problem with a company's investigation into an existing problem,Credit card,Other issue,0.487337736576904,0.2458661573282086,4
10089836,2024-09-11,validation,Checking or savings account,Managing an account,Checking or savings account,Managing an account,0.7452599115116051,0.5660513302568299,0
10089852,2024-09-11,validation,Checking or savings account,Problem with a lender or other company charging your account,Checking or savings account,Managing an account,0.8694680037080482,0.37481876807224995,5
10089961,2024-09-11,validation,Credit card,Problem with a purchase shown on your statement,Credit card,Problem with a purchase shown on your statement,0.4580396513326038,0.22753728988057875,5
10092041,2024-09-11,validation,Credit card,Getting a credit card,Credit card,Other issue,0.7687598889689891,0.39466710844074815,4
10092556,2024-09-11,validation,"Money transfer, virtual currency, or money service",Fraud or scam,Credit card,Other issue,0.47712344766625026,0.2895496174919271,5
10092577,2024-09-11,validation,Credit card,"Other features, terms, or problems",Credit card,Problem with a purchase shown on your statement,0.7271406801565812,0.3085363905184778,5
10093509,2024-09-11,validation,Checking or savings account,Opening an account,Checking or savings account,Managing an account,0.574627163633885,0.23748627313795911,7
10094195,2024-09-11,validation,Checking or savings account,Managing an account,Checking or savings account,Managing an account,0.7601791690618105,0.2684209321903646,6
10083626,2024-09-12,validation,Credit card,Problem with a purchase shown on your statement,Credit card,Other issue,0.5001288955203066,0.26069410352751776,5
10095301,2024-09-12,validation,"Money transfer, virtual currency, or money service",Fraud or scam,"Money transfer, virtual currency, or money service",Managing an account,0.4440736283499286,0.29153476350217555,6
10097073,2024-09-12,validation,Credit card,Problem with a purchase shown on your statement,Credit card,Problem with a purchase shown on your statement,0.9091828241217913,0.7049863684967245,5
10098047,2024-09-12,validation,Checking or savings account,Managing an account,Checking or savings account,Managing an account,0.727519155751375,0.32463282330071225,0
10100421,2024-09-12,validation,Credit card,Fees or interest,Credit card,Other issue,0.45938093221725074,0.21106606961491498,0
10100637,2024-09-12,validation,Checking or savings account,Managing an account,Checking or savings account,Other issue,0.47518018812524193,0.3640224398320967,5
10101328,2024-09-12,validation,"Money transfer, virtual currency, or money service",Money was not available when promised,"Money transfer, virtual currency, or money service",Other issue,0.5633822163472872,0.38595240857948876,0
10101352,2024-09-12,validation,Checking or savings account,Managing an account,Checking or savings account,Other issue,0.5301632820815303,0.286673394872239,2
10102264,2024-09-12,validation,Credit card,Fees or interest,Credit card,Fees or interest,0.9525083906194786,0.7395921114511408,3
10102345,2024-09-12,validation,"Money transfer, virtual currency, or money service",Fraud or scam,"Money transfer, virtual currency, or money service",Managing an account,0.5125457213213702,0.3721183850021975,4
10102982,2024-09-12,validation,Credit card,"Other features, terms, or problems",Checking or savings account,Managing an account,0.5482106435048293,0.2968795483634759,6
10106439,2024-09-12,validation,Checking or savings account,Closing an account,Checking or savings account,Closing an account,0.6065562041087594,0.3014701226778683,0
10107555,2024-09-12,validation,Checking or savings account,Closing an account,Checking or savings account,Managing an account,0.9689253098838838,0.5254110298246898,0
10109801,2024-09-13,validation,Credit card,Fees or interest,Credit card,Fees or interest,0.777543902434,0.3616723971779961,3
10110113,2024-09-13,validation,Credit card,Trouble using your card,Credit card,Other issue,0.9336707956667075,0.38622791098823234,3
10112064,2024-09-13,validation,Checking or savings account,Managing an account,Checking or savings account,Managing an account,0.5603619027565214,0.25126561015897314,2
10112073,2024-09-13,validation,Credit card,Getting a credit card,Credit card,Getting a credit card,0.9282501796327144,0.46417056910477533,2
10112652,2024-09-13,validation,Checking or savings account,Managing an account,Checking or savings account,Managing an account,0.6367989552897764,0.24003746792142486,6
10112748,2024-09-13,validation,Credit card,Problem with a purchase shown on your statement,Checking or savings account,Managing an account,0.5571431331013894,0.42305433025501177,1
10112783,2024-09-13,validation,Checking or savings account,Managing an account,Checking or savings account,Managing an account,0.5426334328174245,0.30406774199340003,6
10113778,2024-09-13,validation,"Money transfer, virtual currency, or money service",Money was not available when promised,"Money transfer, virtual currency, or money service",Managing an account,0.6156375108154672,0.47197271814304725,0
10113822,2024-09-13,validation,Credit card,Getting a credit card,Credit card,Getting a credit card,0.9562698654816879,0.33237279509308365,1
10115143,2024-09-13,validation,Checking or savings account,Problem with a lender or other company charging your account,Checking or savings account,Managing an account,0.47807221370506264,0.45174325259795123,5
10115236,2024-09-13,validation,Checking or savings account,Opening an account,Checking or savings account,Managing an account,0.7853141591065037,0.42411128715041363,4
10115360,2024-09-13,validation,Checking or savings account,Problem with a lender or other company charging your account,Credit card,Problem with a purchase shown on your statement,0.7519304381308038,0.33345543888050916,2
10115482,2024-09-13,validation,Credit card,Fees or interest,Credit card,Managing an account,0.47645067783740747,0.22771104023210206,2
10115659,2024-09-13,validation,Credit card,Problem with a company's investigation into an existing problem,Credit card,Problem with a purchase shown on your statement,0.839333628203752,0.5943266647096437,5
10116921,2024-09-13,validation,Credit card,Problem with a purchase shown on your statement,Credit card,Problem with a purchase shown on your statement,0.7207046695729552,0.43339054444075253,2
10118248,2024-09-13,validation,Checking or savings account,Problem caused by your funds being low,Checking or savings account,Other issue,0.6724654962810827,0.2928122515652699,6
10119440,2024-09-13,validation,Credit card,Problem with a company's investigation into an existing problem,Credit card,Managing an account,0.4907609951331859,0.21774027248085298,1
10119519,2024-09-13,validation,Credit card,Closing your account,Credit card,Fees or interest,0.9302615770083239,0.43361060084574105,1
10119520,2024-09-13,validation,Checking or savings account,Problem with a lender or other company charging your account,Credit card,Managing an account,0.5901002745496018,0.22231747443340416,5
10119555,2024-09-13,validation,Checking or savings account,Managing an account,"Money transfer, virtual currency, or money service",Fraud or scam,0.6702328810953592,0.30847721877033957,6
10119815,2024-09-13,validation,Credit card,Closing your account,Credit card,Other issue,0.9070516407883119,0.5715128536913996,3
10122660,2024-09-14,validation,Credit card,Closing your account,Credit card,Other issue,0.8175720854188253,0.3047780080560164,1
10123072,2024-09-14,validation,Credit card,"Advertising and marketing, including promotional offers",Credit card,Other issue,0.9014196883469205,0.4908858508386806,4
10123391,2024-09-14,validation,Checking or savings account,Opening an account,Checking or savings account,Other issue,0.6128026825184302,0.4066355594036318,0
10123392,2024-09-14,validation,Checking or savings account,Managing an account,Checking or savings account,Managing an account,0.7072989546432503,0.42221793592497925,0
10124062,2024-09-14,validation,Credit card,Problem with a purchase shown on your statement,Credit card,Problem with a purchase shown on your statement,0.5579459535332449,0.48214908566169423,5
10124114,2024-09-14,validation,Credit card,Problem when making payments,Credit card,Other issue,0.978437851813963,0.48500113453113675,1
10124255,2024-09-14,validation,Checking or savings account,Managing an account,Checking or savings account,Managing an account,0.9650266110585892,0.7399021676717709,0
10124321,2024-09-14,validation,"Money transfer, virtual currency, or money service",Confusing or missing disclosures,Checking or savings account,Managing an account,0.7557032962199292,0.37934027807671994,5
10124556,2024-09-14,validation,Checking or savings account,Managing an account,Checking or savings account,Managing an account,0.8312110987729138,0.5774813723060283,2
10125212,2024-09-14,validation,Credit card,Problem with a purchase shown on your statement,Checking or savings account,Problem with a purchase shown on your statement,0.4857895136069912,0.2422379509485159,5
10129660,2024-09-15,validation,Checking or savings account,Closing an account,Checking or savings account,Managing an account,0.7905046110751319,0.2784689071609604,4
10129775,2024-09-15,validation,Checking or savings account,Managing an account,Checking or savings account,Managing an account,0.7176893668380616,0.44636533527014144,6
10130156,2024-09-15,validation,Checking or savings account,Managing an account,Checking or savings account,Managing an account,0.9056996782824787,0.6506454776788093,2
10130575,2024-09-15,validation,Credit card,Problem with a purchase shown on your statement,Credit card,Other issue,0.9812886610032948,0.4691368404337654,1
10131172,2024-09-15,validation,Checking or savings account,Managing an account,Checking or savings account,Other issue,0.5409877917176645,0.2727134565841457,0
10128943,2024-09-16,validation,Credit card,Getting a credit card,Credit card,Other issue,0.7155381378580632,0.36361239407334955,4
10134882,2024-09-16,validation,Credit card,Closing your account,Credit card,Closing your account,0.9798513119361963,0.23259217343940275,1
10135838,2024-09-16,validation,Checking or savings account,Managing an account,Checking or savings account,Managing an account,0.6353252633798674,0.42475002954474006,0
10135844,2024-09-16,validation,"Money transfer, virtual currency, or money service",Fraud or scam,"Money transfer, virtual currency, or money service",Fraud or scam,0.7696569682680202,0.6518009034602996,2
10137066,2024-09-16,validation,Credit card,Fees or interest,Checking or savings account,Managing an account,0.48107523234617244,0.24774703135458062,2
10137780,2024-09-16,validation,Checking or savings account,Managing an account,Checking or savings account,Managing an account,0.709421656460476,0.4276085468391529,0
10138680,2024-09-16,validation,Credit card,Fees or interest,Credit card,Fees or interest,0.9363738763625764,0.20077899070613467,1
10139196,2024-09-16,validation,Credit card,Closing your account,Credit card,Other issue,0.7959615011711171,0.30198270662642307,4
10139848,2024-09-16,validation,Credit card,Trouble using your card,Credit card,Managing an account,0.4846645312340244,0.27743565958974054,6
10139890,2024-09-16,validation,Credit card,Getting a credit card,Credit card,Getting a credit card,0.8930770303784148,0.23367466699666245,1
10140346,2024-09-16,validation,Credit card,Fees or interest,Credit card,Other issue,0.7624150830887497,0.35674961720886,1
10140915,2024-09-16,validation,Checking or savings account,Closing an account,Checking or savings account,Managing an account,0.6192848578356289,0.35912243931163385,0
10141086,2024-09-16,validation,Credit card,Incorrect information on your report,Credit card,Other issue,0.7873043324196995,0.3681768999581938,4
10141436,2024-09-16,validation,Checking or savings account,Managing an account,Checking or savings account,Managing an account,0.8935414382165279,0.5787532894756527,0
10141490,2024-09-16,validation,Credit card,Fees or interest,Credit card,Other issue,0.5789223516395543,0.31720999095284996,3
10142037,2024-09-16,validation,Credit card,Incorrect information on your report,Credit card,Other issue,0.7687598889689891,0.39466710844074815,4
10132778,2024-09-17,validation,"Money transfer, virtual currency, or money service",Unauthorized transactions or other transaction problem,"Money transfer, virtual currency, or money service",Other issue,0.6271507562683996,0.336879626782905,5
10144062,2024-09-17,validation,"Money transfer, virtual currency, or money service",Confusing or missing disclosures,Checking or savings account,Managing an account,0.5441216770290465,0.266874183939082,5
10144234,2024-09-17,validation,Credit card,"Other features, terms, or problems",Credit card,Other issue,0.6784170127275568,0.2124906107305669,0
10144368,2024-09-17,validation,Checking or savings account,Managing an account,Checking or savings account,Managing an account,0.8949458347875061,0.38627946429151894,6
10145464,2024-09-17,validation,Credit card,Problem with a purchase shown on your statement,Credit card,Problem with a purchase shown on your statement,0.9395613128619256,0.5004030910362761,5
10145478,2024-09-17,validation,Checking or savings account,Opening an account,Credit card,Other issue,0.5582370359756896,0.17362915728080602,4
10147248,2024-09-17,validation,Checking or savings account,Managing an account,Checking or savings account,Managing an account,0.7673107649703356,0.5160013046739474,2
10148369,2024-09-17,validation,Credit card,Fees or interest,Credit card,Other issue,0.9513462673383895,0.345468986054567,1
10149560,2024-09-17,validation,Checking or savings account,Problem with a lender or other company charging your account,Checking or savings account,Problem with a purchase shown on your statement,0.4717414623065584,0.22131335928323134,5
10149767,2024-09-17,validation,Credit card,Problem with a purchase shown on your statement,Credit card,Problem with a purchase shown on your statement,0.908400500125693,0.8589535057674329,5
10150397,2024-09-17,validation,Checking or savings account,Managing an account,Checking or savings account,Managing an account,0.9072539428826387,0.6504381179624976,0
10150719,2024-09-17,validation,Credit card,Getting a credit card,Credit card,Other issue,0.9517160940276136,0.3955071346530915,4
10150724,2024-09-17,validation,Checking or savings account,Problem with a lender or other company charging your account,Checking or savings account,Managing an account,0.8703774917115926,0.313313013431975,2
10151186,2024-09-17,validation,Checking or savings account,Opening an account,Credit card,Managing an account,0.46983284262815334,0.19302361711371366,4
10151196,2024-09-17,validation,Checking or savings account,Opening an account,Checking or savings account,Managing an account,0.5687530378965883,0.1902093311524561,4
10152242,2024-09-17,validation,Credit card,Problem with a purchase shown on your statement,Credit card,Problem with a purchase shown on your statement,0.7354542131230505,0.4401621133167178,7
10152530,2024-09-17,validation,Checking or savings account,Problem caused by your funds being low,Checking or savings account,Other issue,0.765803764856293,0.42371414886815684,3
10152608,2024-09-17,validation,Credit card,Getting a credit card,Credit card,Getting a credit card,0.8860892287000076,0.3332358314411994,2
10152686,2024-09-17,validation,Credit card,Problem when making payments,Credit card,Fees or interest,0.9877450700560225,0.5512582100322692,3
10154214,2024-09-17,validation,Checking or savings account,Closing an account,Checking or savings account,Closing an account,0.8490518147340413,0.47111982987822904,0
10154634,2024-09-17,validation,Credit card,Problem when making payments,Credit card,Other issue,0.957531068172551,0.35942596953929307,3
10154954,2024-09-17,validation,Checking or savings account,Managing an account,Checking or savings account,Managing an account,0.8188915835698948,0.5060669606689492,6
10155514,2024-09-17,validation,Checking or savings account,Opening an account,Checking or savings account,Opening an account,0.7442615613713538,0.1915839400420214,4
10155922,2024-09-17,validation,"Money transfer, virtual currency, or money service",Fraud or scam,Credit card,Other issue,0.5331519245201872,0.295971631325462,5
10156630,2024-09-17,validation,Credit card,Fees or interest,Credit card,"Other features, terms, or problems",0.9362866131945196,0.3009563846794362,1
10158296,2024-09-18,validation,Checking or savings account,Managing an account,Checking or savings account,Managing an account,0.8275660904330895,0.5042179150335333,0
10158371,2024-09-18,validation,Checking or savings account,Opening an account,Credit card,Other issue,0.6346222174955147,0.23848830797075912,1
10158448,2024-09-18,validation,Credit card,Fees or interest,Credit card,Other issue,0.9357349007108559,0.34226118412299095,3
10160181,2024-09-18,validation,"Money transfer, virtual currency, or money service",Problem adding money,Checking or savings account,Managing an account,0.7021230297528172,0.44807989532182896,0
10160364,2024-09-18,validation,Checking or savings account,Closing an account,Checking or savings account,Other issue,0.5182711753204233,0.24678517411914738,4
10161034,2024-09-18,validation,Checking or savings account,Closing an account,Checking or savings account,Managing an account,0.7177122230742992,0.39608094712076053,0
10161249,2024-09-18,validation,Checking or savings account,Managing an account,Credit card,Other issue,0.4745791640227016,0.2533172224246502,0
10161761,2024-09-18,validation,Checking or savings account,Managing an account,Checking or savings account,Managing an account,0.7328806403093691,0.4082703072715134,0
10161815,2024-09-18,validation,Checking or savings account,Opening an account,Checking or savings account,Other issue,0.7326230049213156,0.19667401197976195,4
10162352,2024-09-18,validation,Credit card,Problem with a purchase shown on your statement,Credit card,Problem with a purchase shown on your statement,0.6915140916619587,0.4026633328357908,1
10162384,2024-09-18,validation,Credit card,Problem with a purchase shown on your statement,Credit card,Problem with a purchase shown on your statement,0.6920545753012121,0.23784926580187127,4
10162594,2024-09-18,validation,"Money transfer, virtual currency, or money service",Money was not available when promised,Checking or savings account,Other issue,0.5608481640916964,0.1792245064803031,5
10163507,2024-09-18,validation,Credit card,Problem with a purchase shown on your statement,Credit card,Problem with a purchase shown on your statement,0.5770811094670566,0.3383663361222331,5
10163930,2024-09-18,validation,Credit card,Fees or interest,Credit card,Other issue,0.742132020453522,0.19991209367803894,4
10164761,2024-09-18,validation,Credit card,Problem with a purchase shown on your statement,Credit card,Problem with a purchase shown on your statement,0.8384347261539843,0.5478793025761768,1
10166629,2024-09-18,validation,Checking or savings account,Closing an account,Checking or savings account,Managing an account,0.8625656945212663,0.5323697686513488,0
10166784,2024-09-18,validation,"Money transfer, virtual currency, or money service",Fraud or scam,Checking or savings account,Managing an account,0.49732328911894247,0.29632894946813076,5
10174296,2024-09-18,validation,Checking or savings account,Managing an account,Checking or savings account,Managing an account,0.8296857421479721,0.4122120989057329,2
10174417,2024-09-18,validation,Credit card,Problem with a purchase shown on your statement,Credit card,Other issue,0.7545590175241459,0.40844961957941167,5
10174857,2024-09-18,validation,Checking or savings account,Managing an account,Checking or savings account,Managing an account,0.9229968353691652,0.5913531841938607,2
10175579,2024-09-18,validation,Checking or savings account,Managing an account,Checking or savings account,Managing an account,0.7660328812663676,0.5087629449686276,1
10169725,2024-09-19,validation,Credit card,Problem with a purchase shown on your statement,Credit card,Managing an account,0.5300624479331324,0.3061416019467173,5
10169920,2024-09-19,validation,Credit card,Problem with a purchase shown on your statement,Credit card,Other issue,0.8683471077097907,0.40142096549234996,1
10170979,2024-09-19,validation,Checking or savings account,Opening an account,Checking or savings account,Managing an account,0.8859588783760278,0.41164841578896033,6
10172093,2024-09-19,validation,Credit card,Problem with a purchase shown on your statement,Credit card,Closing an account,0.5772835549089692,0.2895775494124171,1
10172232,2024-09-19,validation,Checking or savings account,Opening an account,Checking or savings account,Other issue,0.6542691302546108,0.3074221573760666,0
10173535,2024-09-19,validation,Credit card,Problem when making payments,Checking or savings account,Other issue,0.5109155277582104,0.3408901985946714,2
10173710,2024-09-19,validation,Checking or savings account,Managing an account,Checking or savings account,Opening an account,0.8917641025408687,0.3864833500114312,0
10176086,2024-09-19,validation,Checking or savings account,Managing an account,Checking or savings account,Managing an account,0.8111405366165658,0.46363834606646886,1
10176127,2024-09-19,validation,Credit card,Problem with a purchase shown on your statement,Credit card,Problem with a purchase shown on your statement,0.8213441838128476,0.40576711100414353,1
10176309,2024-09-19,validation,Credit card,Problem with a purchase shown on your statement,Credit card,Problem with a purchase shown on your statement,0.9292434649432688,0.41025140431452983,1
10176547,2024-09-19,validation,Credit card,Fees or interest,Credit card,Other issue,0.7757823954594664,0.40696104005048156,3
10177771,2024-09-19,validation,Credit card,Problem with a purchase shown on your statement,Checking or savings account,Problem with a purchase shown on your statement,0.49303236923551463,0.23703832351373497,5
10178352,2024-09-19,validation,Credit card,Problem with a purchase shown on your statement,Credit card,Other issue,0.5914156520470851,0.2313588533258189,1
10180174,2024-09-19,validation,Checking or savings account,Opening an account,Checking or savings account,Managing an account,0.950746527435137,0.4968020395284418,0
10180197,2024-09-19,validation,Credit card,"Other features, terms, or problems",Checking or savings account,Other issue,0.5006661779553032,0.24703678160873357,4
10181092,2024-09-19,validation,Checking or savings account,Closing an account,Checking or savings account,Managing an account,0.8329622719744235,0.6074122803019408,2
10185072,2024-09-19,validation,Checking or savings account,Closing an account,Checking or savings account,Managing an account,0.5572759854039421,0.2564069951003545,5
10192876,2024-09-19,validation,Credit card,"Advertising and marketing, including promotional offers",Credit card,Other issue,0.8780280582200546,0.3300977679077705,4
10194782,2024-09-19,validation,Checking or savings account,Managing an account,Checking or savings account,Managing an account,0.8690309264400625,0.6446582610273272,0
10203101,2024-09-19,validation,Checking or savings account,Managing an account,Checking or savings account,Managing an account,0.8046075735745131,0.6551463873022751,5
10178938,2024-09-20,validation,"Money transfer, virtual currency, or money service",Trouble accessing funds in your mobile or digital wallet,Checking or savings account,Other issue,0.4634613251889426,0.23199935761464152,0
10182707,2024-09-20,validation,Credit card,Trouble using your card,Credit card,Other issue,0.7876341340470981,0.4428104608358436,2
10182850,2024-09-20,validation,Checking or savings account,Managing an account,Checking or savings account,Managing an account,0.8001082189368388,0.3642997977917453,5
10183713,2024-09-20,validation,Credit card,Closing your account,Credit card,Other issue,0.7193742133742089,0.2218267653011168,3
10183832,2024-09-20,validation,"Money transfer, virtual currency, or money service",Money was not available when promised,Checking or savings account,Managing an account,0.5924992593761098,0.3759757349627199,5
10183981,2024-09-20,validation,Credit card,Problem when making payments,Credit card,Fees or interest,0.8921060885706401,0.4195178953949133,3
10184113,2024-09-20,validation,Checking or savings account,Problem with a lender or other company charging your account,Credit card,Other issue,0.40681433616224544,0.3227457900980157,5
10185718,2024-09-20,validation,Checking or savings account,Closing an account,Checking or savings account,Closing an account,0.9048755624174107,0.5056400445453231,2
10186237,2024-09-20,validation,Checking or savings account,Managing an account,Checking or savings account,Managing an account,0.6923814287062823,0.4779055136050023,0
10186383,2024-09-20,validation,Checking or savings account,Managing an account,Checking or savings account,Managing an account,0.7702060276942766,0.3924528763415731,0
10186401,2024-09-20,validation,Credit card,Fees or interest,Credit card,Other issue,0.9801405787546386,0.2215803150211974,1
10186469,2024-09-20,validation,Credit card,"Other features, terms, or problems",Checking or savings account,Managing an account,0.7472530079481667,0.2821228798941319,6
10187393,2024-09-20,validation,Checking or savings account,Opening an account,Checking or savings account,Managing an account,0.8103408860842288,0.3819576353553109,0
10187521,2024-09-20,validation,Credit card,Getting a credit card,Credit card,Getting a credit card,0.8649448485369179,0.20081476750504665,4
10188746,2024-09-20,validation,Checking or savings account,Managing an account,Checking or savings account,Managing an account,0.77484070147566,0.5795873437888275,0
10189315,2024-09-20,validation,Checking or savings account,Managing an account,Checking or savings account,Managing an account,0.8766251396168117,0.6254704098445474,0
10191260,2024-09-20,validation,Credit card,Problem with a purchase shown on your statement,Credit card,Problem with a purchase shown on your statement,0.7538714435137817,0.24966906158518692,6
10191972,2024-09-20,validation,Credit card,Problem with a purchase shown on your statement,Credit card,Problem with a purchase shown on your statement,0.9357707655255459,0.7179328796928606,5
10192222,2024-09-20,validation,Credit card,Problem with a purchase shown on your statement,Credit card,Problem with a purchase shown on your statement,0.942681293804225,0.7202869333570516,5
10193370,2024-09-20,validation,Credit card,Closing your account,Credit card,Other issue,0.6838502627509548,0.42052129692300505,4
10182003,2024-09-21,validation,"Money transfer, virtual currency, or money service",Fraud or scam,"Money transfer, virtual currency, or money service",Fraud or scam,0.5205411562747012,0.3624420549945042,2
10196163,2024-09-21,validation,Credit card,Closing your account,Credit card,Other issue,0.8723013058440121,0.40648621719256883,4
10198971,2024-09-21,validation,Credit card,Fees or interest,Credit card,Other issue,0.7194585330460858,0.20729301038216863,0
10199676,2024-09-21,validation,Credit card,Problem with a purchase shown on your statement,Credit card,Problem with a purchase shown on your statement,0.7664485873881253,0.5651178001619982,5
10201484,2024-09-21,validation,Checking or savings account,Opening an account,Checking or savings account,Managing an account,0.8886520187529817,0.5142962234361795,6
10201785,2024-09-21,validation,"Money transfer, virtual currency, or money service",Money was not available when promised,Checking or savings account,Managing an account,0.5168187468959057,0.45551700823659597,0
10246837,2024-09-21,validation,Credit card,Closing your account,Credit card,Other issue,0.8722292159407803,0.47321585077150136,4
10197599,2024-09-22,validation,Credit card,"Other features, terms, or problems",Credit card,Other issue,0.9522712126640658,0.3120710173394185,1
10206117,2024-09-22,validation,Checking or savings account,Opening an account,Checking or savings account,Managing an account,0.8672023110051105,0.43862801273168,0
10206475,2024-09-22,validation,Checking or savings account,Closing an account,Checking or savings account,Closing an account,0.6455329841401218,0.2512539494211238,0
10207440,2024-09-22,validation,Credit card,"Advertising and marketing, including promotional offers",Credit card,Other issue,0.8588911368089506,0.42996968033371763,1
10207598,2024-09-22,validation,Credit card,Getting a credit card,Credit card,Getting a credit card,0.9485740305558858,0.41304212575751614,1
10208116,2024-09-22,validation,Credit card,Problem when making payments,Credit card,Other issue,0.9550585271692954,0.4471293758812874,4
10208198,2024-09-22,validation,Credit card,Closing your account,Credit card,Other issue,0.9005379291240896,0.4401390264193978,4
10208420,2024-09-22,validation,Credit card,Closing your account,Credit card,Other issue,0.9786797595068217,0.641014068335144,4
10204994,2024-09-23,validation,Credit card,Incorrect information on your report,Credit card,Other issue,0.7765185976919007,0.3723453618416337,4
10205086,2024-09-23,validation,Credit card,Incorrect information on your report,Credit card,Other issue,0.8268661164924097,0.43439323467045643,4
10205137,2024-09-23,validation,Credit card,Getting a credit card,Credit card,Other issue,0.8787150117978099,0.339030268621698,4
10208597,2024-09-23,validation,"Money transfer, virtual currency, or money service",Fraud or scam,Checking or savings account,Managing an account,0.6105695984801698,0.4630511139883413,0
10209173,2024-09-23,validation,Credit card,Getting a credit card,Credit card,Other issue,0.6337983589976756,0.3463599432345078,6
10210290,2024-09-23,validation,Credit card,Problem with a purchase shown on your statement,Credit card,Problem with a purchase shown on your statement,0.7957340986505794,0.3666307617765933,5
10210368,2024-09-23,validation,Credit card,"Advertising and marketing, including promotional offers",Credit card,Problem with a purchase shown on your statement,0.9211661320573221,0.3052817439702248,1
10218535,2024-09-23,validation,Credit card,Problem with a purchase shown on your statement,Credit card,Problem with a purchase shown on your statement,0.8091685743295226,0.3166935451667681,3
10218609,2024-09-23,validation,Credit card,Fees or interest,Credit card,Other issue,0.5184394818593963,0.254395456096844,0
10219984,2024-09-23,validation,"Money transfer, virtual currency, or money service",Trouble accessing funds in your mobile or digital wallet,"Money transfer, virtual currency, or money service",Other issue,0.7433025230261643,0.676117330857017,0
10220172,2024-09-23,validation,"Money transfer, virtual currency, or money service",Unauthorized transactions or other transaction problem,"Money transfer, virtual currency, or money service",Other issue,0.5481231444793486,0.4558948080450304,5
10220175,2024-09-23,validation,Credit card,Trouble using your card,Credit card,Other issue,0.969949520289825,0.36502895088554865,1
10220229,2024-09-23,validation,Checking or savings account,Managing an account,Checking or savings account,Managing an account,0.5779095393305733,0.2983575426123031,4
10220910,2024-09-23,validation,Credit card,Problem with a purchase shown on your statement,Credit card,Managing an account,0.4984317126043458,0.30911637836969647,5
10221188,2024-09-23,validation,"Money transfer, virtual currency, or money service",Fraud or scam,Checking or savings account,Managing an account,0.7391575759484776,0.3741221697331109,6
10221277,2024-09-23,validation,Checking or savings account,Opening an account,Credit card,Other issue,0.7500235182867407,0.22227470519407827,1
10221396,2024-09-23,validation,Checking or savings account,Problem with a lender or other company charging your account,Credit card,Managing an account,0.3914398835989762,0.2059171603353852,5
10221419,2024-09-23,validation,Checking or savings account,Problem with a lender or other company charging your account,Checking or savings account,Managing an account,0.8604695825219201,0.5933618523549492,2
10222843,2024-09-23,validation,Credit card,Trouble using your card,Credit card,Other issue,0.5226003969051488,0.3792030087657919,1
10222924,2024-09-23,validation,"Money transfer, virtual currency, or money service",Other service problem,Checking or savings account,Managing an account,0.7587666464824406,0.4168563042014653,0
10223055,2024-09-23,validation,Checking or savings account,Problem with a lender or other company charging your account,Credit card,Other issue,0.6493605882823835,0.345221535954322,5
10223228,2024-09-23,validation,Credit card,Incorrect information on your report,Credit card,Other issue,0.6276331703760784,0.3352231831176789,6
10209943,2024-09-24,validation,Checking or savings account,Managing an account,Checking or savings account,Managing an account,0.874636480872891,0.648529230317914,0
10217492,2024-09-24,validation,Credit card,Getting a credit card,Credit card,Other issue,0.8685911821004472,0.3478668470260854,4
10224264,2024-09-24,validation,Checking or savings account,Managing an account,Checking or savings account,Managing an account,0.656745477319645,0.31180865036413663,4
10224402,2024-09-24,validation,Checking or savings account,Problem with a lender or other company charging your account,Checking or savings account,Managing an account,0.8076763679926501,0.4215105790555615,5
10224700,2024-09-24,validation,Checking or savings account,Closing an account,Checking or savings account,Managing an account,0.7917954086045798,0.4309626794292629,0
10226012,2024-09-24,validation,Credit card,Incorrect information on your report,Credit card,Other issue,0.9466393084366276,0.437993884173625,3
10226697,2024-09-24,validation,Checking or savings account,Problem with a lender or other company charging your account,Credit card,Problem with a purchase shown on your statement,0.6548432664699417,0.480679218743782,5
10229295,2024-09-24,validation,Credit card,Getting a credit card,Credit card,Getting a credit card,0.8939984213736732,0.6149773559383116,4
10233700,2024-09-24,validation,Checking or savings account,Opening an account,Checking or savings account,Managing an account,0.6910404585192125,0.2893603396572579,0
10237107,2024-09-24,validation,Checking or savings account,Managing an account,Checking or savings account,Managing an account,0.7227107012875282,0.4537552163170389,0
10231904,2024-09-25,validation,Checking or savings account,Closing an account,Credit card,Other issue,0.46461960603785,0.42911995098267025,4
10232822,2024-09-25,validation,Credit card,Problem with a purchase shown on your statement,Credit card,Problem with a purchase shown on your statement,0.7466092512516187,0.44288017730074064,5
10232834,2024-09-25,validation,Checking or savings account,Managing an account,Checking or savings account,Managing an account,0.9435580214026237,0.8020429348653229,0
10234516,2024-09-25,validation,Credit card,Getting a credit card,Credit card,Other issue,0.8356645004281724,0.2782085418088059,4
10235573,2024-09-25,validation,Credit card,Problem with a purchase shown on your statement,Credit card,Problem with a purchase shown on your statement,0.9730745283684435,0.7805923522462298,1
10235721,2024-09-25,validation,Checking or savings account,Problem caused by your funds being low,Checking or savings account,Managing an account,0.6756561922050563,0.3091065664625404,3
10236252,2024-09-25,validation,Checking or savings account,Managing an account,Checking or savings account,Managing an account,0.7451033945375922,0.492010934977381,0
10237060,2024-09-25,validation,Credit card,Problem with a purchase shown on your statement,Credit card,Other issue,0.6927786699181435,0.24274975893862444,1
10237263,2024-09-25,validation,Credit card,Problem with a purchase shown on your statement,Credit card,Problem with a purchase shown on your statement,0.735131861660478,0.17313464205590826,1
10237281,2024-09-25,validation,Checking or savings account,Problem with a lender or other company charging your account,Checking or savings account,Managing an account,0.6272521584423156,0.35935950591454774,2
10238302,2024-09-25,validation,Checking or savings account,Managing an account,Checking or savings account,Managing an account,0.7749239150800986,0.35318704006180723,5
10239065,2024-09-25,validation,"Money transfer, virtual currency, or money service",Unexpected or other fees,"Money transfer, virtual currency, or money service",Other issue,0.5815787943643458,0.34199093351352255,2
10240603,2024-09-25,validation,"Money transfer, virtual currency, or money service",Money was not available when promised,Checking or savings account,Managing an account,0.7517877828758999,0.37337291177835275,0
10240794,2024-09-25,validation,Checking or savings account,Managing an account,Credit card,Other issue,0.5802592872137498,0.37454069149944863,0
10241069,2024-09-25,validation,Checking or savings account,Managing an account,Checking or savings account,Managing an account,0.7938724715187162,0.483856587187075,0
10241073,2024-09-25,validation,Checking or savings account,Opening an account,Checking or savings account,Opening an account,0.7031197413016818,0.24099657988969403,0
10241867,2024-09-25,validation,Credit card,Getting a credit card,Credit card,Other issue,0.9034960986571557,0.2868049722586321,4
10241985,2024-09-25,validation,Checking or savings account,Managing an account,Checking or savings account,Managing an account,0.8062788890835804,0.4053747405675849,3
10242511,2024-09-25,validation,Credit card,Improper use of your report,Credit card,Problem with a purchase shown on your statement,0.9509049144523448,0.24795915601617793,4
10244141,2024-09-25,validation,Checking or savings account,Problem caused by your funds being low,Checking or savings account,Managing an account,0.9223724218710444,0.6825030646732708,7
10246296,2024-09-25,validation,"Money transfer, virtual currency, or money service",Trouble accessing funds in your mobile or digital wallet,Credit card,Other issue,0.4468508533217632,0.5121685899614365,0
10246481,2024-09-25,validation,Credit card,Problem with a purchase shown on your statement,Credit card,Problem with a purchase shown on your statement,0.8656241856073732,0.7909214143327372,5
10246566,2024-09-25,validation,Credit card,Closing your account,Credit card,Other issue,0.6120786584461309,0.36576626575471316,4
10246817,2024-09-25,validation,Credit card,Fees or interest,Credit card,Fees or interest,0.9821105473499481,0.6777129230533704,3
10246923,2024-09-25,validation,"Money transfer, virtual currency, or money service",Fraud or scam,Checking or savings account,Managing an account,0.5276147304326334,0.37008656099394843,6
10235391,2024-09-26,validation,Credit card,Problem with a purchase shown on your statement,Credit card,Problem with a purchase shown on your statement,0.6397037345190221,0.2527910121971095,5
10255229,2024-09-26,validation,"Money transfer, virtual currency, or money service",Fraud or scam,Checking or savings account,Managing an account,0.6689384278588745,0.3392304244580791,0
10255850,2024-09-26,validation,Credit card,Problem when making payments,Credit card,Other issue,0.5592009094097903,0.2556758261468209,0
10256067,2024-09-26,validation,Credit card,Incorrect information on your report,Checking or savings account,Other issue,0.7877612867909661,0.25627690596607333,6
10256835,2024-09-26,validation,Credit card,Problem when making payments,Credit card,Other issue,0.6961676670160357,0.31196932851570774,5
10258197,2024-09-26,validation,Checking or savings account,Closing an account,Checking or savings account,Opening an account,0.8304638331403993,0.34716333660206555,0
10259825,2024-09-26,validation,Credit card,Problem with a purchase shown on your statement,Credit card,Problem with a purchase shown on your statement,0.6622850965357064,0.2914750213819116,5
10259899,2024-09-26,validation,Credit card,"Other features, terms, or problems",Credit card,Problem with a purchase shown on your statement,0.7453859965330863,0.3506937607172545,2
10260634,2024-09-26,validation,Credit card,Problem with a purchase shown on your statement,Credit card,Problem with a purchase shown on your statement,0.7864426923598475,0.43603647752940217,5
10261470,2024-09-26,validation,Credit card,Incorrect information on your report,Credit card,Other issue,0.9647558630314668,0.3443889024125901,4
10262525,2024-09-26,validation,Credit card,Trouble using your card,Credit card,Other issue,0.8650634605031337,0.2792035966708142,4
10263308,2024-09-26,validation,Credit card,Incorrect information on your report,Credit card,Other issue,0.7678262918135574,0.3916681653447713,4
10263810,2024-09-26,validation,Credit card,Problem with a purchase shown on your statement,Credit card,Problem with a purchase shown on your statement,0.9969563269278874,0.9016398906672232,1
10264094,2024-09-26,validation,"Money transfer, virtual currency, or money service",Fraud or scam,Checking or savings account,Managing an account,0.6857785988088982,0.3376411943350422,2
10252481,2024-09-27,validation,Checking or savings account,Closing an account,Checking or savings account,Closing an account,0.7803570575348202,0.4241935924086469,0
10265224,2024-09-27,validation,Checking or savings account,Managing an account,Checking or savings account,Managing an account,0.8151623785236131,0.342640459286908,7
10265593,2024-09-27,validation,Checking or savings account,Managing an account,Checking or savings account,Managing an account,0.7778744302630721,0.3614963353875729,2
10265600,2024-09-27,validation,Checking or savings account,Managing an account,Checking or savings account,Managing an account,0.8501795719796911,0.3521662856284398,2
10265711,2024-09-27,validation,Checking or savings account,Problem with a lender or other company charging your account,Checking or savings account,Problem with a purchase shown on your statement,0.5404894091594624,0.5054708793982575,2
10265949,2024-09-27,validation,"Money transfer, virtual currency, or money service",Other transaction problem,"Money transfer, virtual currency, or money service",Other issue,0.6224987128921076,0.4395946812172911,0
10266055,2024-09-27,validation,Checking or savings account,Managing an account,Checking or savings account,Managing an account,0.5818088510615561,0.24056868235347734,2
10266233,2024-09-27,validation,Checking or savings account,Managing an account,Checking or savings account,Managing an account,0.8198575029550115,0.39329112488911033,0
10266909,2024-09-27,validation,Credit card,Getting a credit card,Credit card,Other issue,0.731965490736805,0.35658454878894985,4
10267055,2024-09-27,validation,Credit card,Getting a credit card,Credit card,Other issue,0.7547071581764664,0.37819637974478715,4
10267203,2024-09-27,validation,Credit card,Problem when making payments,Credit card,Other issue,0.6577057083572077,0.38661817813128235,5
10267494,2024-09-27,validation,Credit card,Incorrect information on your report,Credit card,Other issue,0.8740064780222507,0.3508894288811111,4
10269344,2024-09-27,validation,Credit card,Trouble using your card,Credit card,Problem with a purchase shown on your statement,0.8971485370683691,0.26618404609529106,1
10270018,2024-09-27,validation,Credit card,Problem with a purchase shown on your statement,Credit card,Managing an account,0.53280788677741,0.20469218811903656,1
10270059,2024-09-27,validation,"Money transfer, virtual currency, or money service",Money was not available when promised,Checking or savings account,Managing an account,0.5818281008086096,0.3670945011983264,4
10270135,2024-09-27,validation,Credit card,"Other features, terms, or problems",Credit card,Other issue,0.8510532813444491,0.42168977453633566,5
10270690,2024-09-27,validation,Checking or savings account,Closing an account,Checking or savings account,Managing an account,0.6410670736660705,0.3229491317698801,0
10270694,2024-09-27,validation,Credit card,Getting a credit card,Credit card,Other issue,0.9614069443794373,0.3924769508670579,4
10272134,2024-09-27,validation,Credit card,Fees or interest,Credit card,Problem with a purchase shown on your statement,0.773412814236135,0.14023524189535616,0
10272281,2024-09-27,validation,Credit card,"Other features, terms, or problems",Checking or savings account,Other issue,0.6188716208514327,0.44335648319753357,4
10273542,2024-09-27,validation,Credit card,Getting a credit card,Credit card,Other issue,0.7659311047145684,0.3851465186994759,4
10288684,2024-09-27,validation,Checking or savings account,Managing an account,Checking or savings account,Other issue,0.5158596407633356,0.27769599360956654,0
10277134,2024-09-28,validation,Credit card,Problem with a purchase shown on your statement,Credit card,Problem with a purchase shown on your statement,0.9130870287378288,0.26145631348613463,1
10277258,2024-09-28,validation,Checking or savings account,Managing an account,Checking or savings account,Managing an account,0.8851364628033996,0.4979507249261662,0
10284196,2024-09-28,validation,"Money transfer, virtual currency, or money service",Other transaction problem,"Money transfer, virtual currency, or money service",Other issue,0.4832097442988985,0.34666235452748695,2
10284496,2024-09-28,validation,Credit card,Closing your account,Credit card,Other issue,0.9582380886175794,0.36049817816322954,1
10285562,2024-09-28,validation,Checking or savings account,Closing an account,Checking or savings account,Managing an account,0.7948528001151983,0.4049861777340788,0
10286187,2024-09-28,validation,Credit card,Problem with a purchase shown on your statement,Credit card,Problem with a purchase shown on your statement,0.45551902395811866,0.3495531505405478,5
10286420,2024-09-28,validation,Checking or savings account,Problem with a lender or other company charging your account,Checking or savings account,Managing an account,0.8070665352251435,0.3633408642610323,5
10286498,2024-09-28,validation,Credit card,Closing your account,Credit card,Other issue,0.823886821442939,0.3289128734883827,1
10287317,2024-09-28,validation,Credit card,"Advertising and marketing, including promotional offers",Credit card,Fees or interest,0.9303927216449078,0.5721418997427479,3
10287887,2024-09-28,validation,"Money transfer, virtual currency, or money service",Unauthorized transactions or other transaction problem,Checking or savings account,Managing an account,0.7385630574393607,0.3940761943223902,2
10301120,2024-09-28,validation,Credit card,"Other features, terms, or problems",Credit card,Other issue,0.9069735549815906,0.37600852681330516,5
10279424,2024-09-29,validation,Credit card,Getting a credit card,Credit card,Managing an account,0.7909304045534391,0.21403913909909789,2
10281344,2024-09-29,validation,Checking or savings account,Managing an account,Checking or savings account,Managing an account,0.7264104273107052,0.6624996011235401,5
10282421,2024-09-29,validation,Credit card,Fees or interest,Credit card,Fees or interest,0.9694699315697229,0.9014200161307248,3
10283402,2024-09-29,validation,Checking or savings account,Managing an account,Checking or savings account,Managing an account,0.7078392404630178,0.6694485060632189,0
10277129,2024-09-30,test,Checking or savings account,Managing an account,Checking or savings account,Problem with a purchase shown on your statement,0.7878692528998291,0.405942082049636,5
10277657,2024-09-30,test,Credit card,Getting a credit card,Credit card,Other issue,0.8528776176492482,0.6141635318305587,4
10277933,2024-09-30,test,Credit card,Incorrect information on your report,Credit card,Other issue,0.8068636055677708,0.5479135513940081,4
10278307,2024-09-30,test,Checking or savings account,Problem with a lender or other company charging your account,Checking or savings account,Managing an account,0.733784077259181,0.3375022821296441,5
10278834,2024-09-30,test,Credit card,Incorrect information on your report,Credit card,Other issue,0.8679815491560131,0.579203842651151,4
10280324,2024-09-30,test,Credit card,Incorrect information on your report,Credit card,Other issue,0.8395065572918397,0.5204705009333842,4
10280334,2024-09-30,test,Credit card,Incorrect information on your report,Credit card,Other issue,0.8255816773873811,0.5596933135290943,4
10280336,2024-09-30,test,Credit card,Incorrect information on your report,Credit card,Other issue,0.7817614572239246,0.5593669000914475,4
10280391,2024-09-30,test,Credit card,Incorrect information on your report,Credit card,Other issue,0.8420598524356538,0.5867647250839203,4
10280419,2024-09-30,test,Credit card,Incorrect information on your report,Credit card,Other issue,0.805745723741435,0.5293246793819892,4
10291694,2024-09-30,test,Checking or savings account,Managing an account,Checking or savings account,Managing an account,0.5659885114645995,0.36142084793741125,0
10293953,2024-09-30,test,Credit card,Incorrect information on your report,Credit card,Other issue,0.8729411016474431,0.3565238758751557,1
10294535,2024-09-30,test,"Money transfer, virtual currency, or money service",Unauthorized transactions or other transaction problem,Credit card,Problem with a purchase shown on your statement,0.6336806442765371,0.5849552342121144,5
10295264,2024-09-30,test,Credit card,Problem with a purchase shown on your statement,Credit card,Problem with a purchase shown on your statement,0.5894493596723802,0.3621602102884725,5
10295836,2024-09-30,test,Checking or savings account,Problem with a lender or other company charging your account,Checking or savings account,Managing an account,0.9325207757243372,0.5075949298414653,0
10296517,2024-09-30,test,Credit card,Problem when making payments,Credit card,Other issue,0.7868524436590285,0.3176141675908681,3
10296561,2024-09-30,test,Credit card,Problem with a purchase shown on your statement,Credit card,Problem with a purchase shown on your statement,0.8981334785418799,0.24308445455144137,1
10296676,2024-09-30,test,Credit card,Getting a credit card,Credit card,Getting a credit card,0.8581751683055892,0.2226794107969439,2
10297676,2024-09-30,test,Checking or savings account,Managing an account,Checking or savings account,Managing an account,0.7771288876533813,0.25096763860216204,0
10298157,2024-09-30,test,"Money transfer, virtual currency, or money service",Unauthorized transactions or other transaction problem,"Money transfer, virtual currency, or money service",Other issue,0.5433268086338845,0.395683436557964,5
10298324,2024-09-30,test,Checking or savings account,Closing an account,Checking or savings account,Managing an account,0.9342292514842226,0.638057501397244,0
10298350,2024-09-30,test,Checking or savings account,Closing an account,Checking or savings account,Managing an account,0.866089031412867,0.5467034834594651,0
10299211,2024-09-30,test,Checking or savings account,Managing an account,Checking or savings account,Managing an account,0.5773784968961005,0.2544779514907001,0
10299838,2024-09-30,test,Credit card,Trouble using your card,Credit card,Other issue,0.9446058189828727,0.3651850704115727,1
10300515,2024-09-30,test,Checking or savings account,Managing an account,Credit card,Other issue,0.5186683596799215,0.29796374649540736,5
10300527,2024-09-30,test,Checking or savings account,Managing an account,Checking or savings account,Managing an account,0.8876919971585526,0.7390101207698254,0
10300530,2024-09-30,test,Credit card,Incorrect information on your report,Credit card,Other issue,0.7855657217160507,0.5431901303104987,4
10300884,2024-09-30,test,Credit card,Getting a credit card,Credit card,Closing an account,0.6767122146489422,0.16333487137716757,1
10301011,2024-09-30,test,Credit card,Incorrect information on your report,Credit card,Other issue,0.8033056100420971,0.5428221669174822,4
10290280,2024-10-01,test,Credit card,Closing your account,Credit card,Closing an account,0.7209083544311157,0.18201614626056833,4
10290378,2024-10-01,test,Checking or savings account,Closing an account,Checking or savings account,Managing an account,0.6792751000869947,0.3836548818353424,0
10290433,2024-10-01,test,Credit card,Incorrect information on your report,Credit card,Other issue,0.8447254458841166,0.5199474172175631,4
10291843,2024-10-01,test,Checking or savings account,Managing an account,Checking or savings account,Managing an account,0.7652840912549176,0.35137507309268695,5
10292023,2024-10-01,test,Checking or savings account,Managing an account,Checking or savings account,Managing an account,0.8640734115862833,0.3728300178866104,7
10292477,2024-10-01,test,Checking or savings account,Closing an account,Checking or savings account,Managing an account,0.8538915359175733,0.3067120473697254,0
10292846,2024-10-01,test,Credit card,Getting a credit card,Credit card,Other issue,0.8183204847127957,0.2374248898414373,4
10293581,2024-10-01,test,Checking or savings account,Managing an account,Checking or savings account,Managing an account,0.6601487776928298,0.39434886204092123,0
10303027,2024-10-01,test,Credit card,"Other features, terms, or problems",Checking or savings account,Managing an account,0.7683602899572133,0.4033149797121928,6
10304225,2024-10-01,test,Credit card,Getting a credit card,Credit card,Getting a credit card,0.9577023558906488,0.4212364097461435,4
10305216,2024-10-01,test,Credit card,Fees or interest,Credit card,Other issue,0.6624471270701391,0.5062366537466642,4
10305333,2024-10-01,test,Checking or savings account,Opening an account,Checking or savings account,Managing an account,0.8329565010985952,0.42255289677184255,0
10305547,2024-10-01,test,Checking or savings account,Problem with a lender or other company charging your account,Credit card,Problem with a purchase shown on your statement,0.5280733088848898,0.5035840459573062,5
10306039,2024-10-01,test,Checking or savings account,Closing an account,Checking or savings account,Closing an account,0.9132546919300609,0.470819107255778,2
10306943,2024-10-01,test,Credit card,Problem with a purchase shown on your statement,Credit card,Other issue,0.7997324638058337,0.24829968193342702,4
10307292,2024-10-01,test,Credit card,Problem with a purchase shown on your statement,Credit card,Problem with a purchase shown on your statement,0.8495365678750919,0.48544957638897634,1
10307467,2024-10-01,test,Checking or savings account,Managing an account,"Money transfer, virtual currency, or money service",Managing an account,0.6094600636684516,0.32057453667622743,0
10308371,2024-10-01,test,Checking or savings account,Opening an account,Checking or savings account,Managing an account,0.5728665582366268,0.40809068432972245,0
10308400,2024-10-01,test,"Money transfer, virtual currency, or money service",Fraud or scam,Checking or savings account,Managing an account,0.8169114780905304,0.5363497499175491,0
10309228,2024-10-01,test,Checking or savings account,Managing an account,Checking or savings account,Managing an account,0.7689672255223724,0.42344924605836654,0
10310099,2024-10-01,test,Credit card,Problem with a purchase shown on your statement,Credit card,Problem with a purchase shown on your statement,0.8286440141986594,0.7161854164638015,5
10311404,2024-10-01,test,Checking or savings account,Managing an account,Checking or savings account,Managing an account,0.7510581922588253,0.24561430145987914,3
10311412,2024-10-01,test,Checking or savings account,Managing an account,Checking or savings account,Managing an account,0.8665539309461301,0.7432712051866557,0
10303325,2024-10-02,test,Credit card,"Other features, terms, or problems",Credit card,Getting a credit card,0.9821656097131153,0.30090976922971907,1
10303429,2024-10-02,test,Checking or savings account,Managing an account,Checking or savings account,Managing an account,0.6300815584145265,0.2675918961854451,7
10304009,2024-10-02,test,Credit card,Closing your account,Credit card,Other issue,0.6397850112162049,0.1801829279311055,1
10305357,2024-10-02,test,Checking or savings account,Managing an account,Checking or savings account,Managing an account,0.6206429622039008,0.44064895246350205,0
10319906,2024-10-02,test,"Money transfer, virtual currency, or money service",Fraud or scam,Checking or savings account,Managing an account,0.5786569537618531,0.2635053075201898,0
10320134,2024-10-02,test,Checking or savings account,Managing an account,Checking or savings account,Managing an account,0.7847080712931183,0.4371750021490133,0
10321177,2024-10-02,test,"Money transfer, virtual currency, or money service",Fraud or scam,Checking or savings account,Managing an account,0.5717639579934672,0.3527417556392438,6
10321430,2024-10-02,test,Checking or savings account,Managing an account,Checking or savings account,Managing an account,0.8197655831908668,0.5627560930433246,0
10321548,2024-10-02,test,Checking or savings account,Closing an account,Checking or savings account,Managing an account,0.504827237761109,0.228929250492004,6
10321554,2024-10-02,test,Credit card,Getting a credit card,Credit card,Problem with a purchase shown on your statement,0.8575617995814236,0.48292936696228367,5
10321677,2024-10-02,test,Checking or savings account,Managing an account,Checking or savings account,Managing an account,0.8986699360415878,0.5356636365943953,0
10321682,2024-10-02,test,Checking or savings account,Managing an account,"Money transfer, virtual currency, or money service",Managing an account,0.5218275550731243,0.46016424026543357,2
10321870,2024-10-02,test,Credit card,Trouble using your card,Credit card,Other issue,0.9759037822091502,0.403457041065581,1
10322116,2024-10-02,test,"Money transfer, virtual currency, or money service",Other transaction problem,Checking or savings account,Managing an account,0.6881340589586712,0.30706112587184015,6
10322843,2024-10-02,test,Checking or savings account,Problem with a lender or other company charging your account,Credit card,Other issue,0.7435493296647913,0.4242816189635912,3
10323078,2024-10-02,test,Checking or savings account,Managing an account,Checking or savings account,Managing an account,0.7216565403086408,0.2801831352636554,2
10323183,2024-10-02,test,Credit card,Incorrect information on your report,Credit card,Other issue,0.818610556168858,0.5303974695478215,4
10323797,2024-10-02,test,Checking or savings account,Managing an account,Checking or savings account,Problem with a purchase shown on your statement,0.5366122194161952,0.30496468376315383,5
10324251,2024-10-02,test,"Money transfer, virtual currency, or money service",Wrong amount charged or received,Checking or savings account,Managing an account,0.649350109108063,0.36644751409571125,5
10325007,2024-10-02,test,Checking or savings account,Managing an account,Checking or savings account,Managing an account,0.8134617905626975,0.5080041232697443,0
10325291,2024-10-02,test,Checking or savings account,Managing an account,Checking or savings account,Managing an account,0.7364433743638403,0.5868258231221926,0
10327052,2024-10-02,test,Credit card,Getting a credit card,Credit card,Other issue,0.8926802541013189,0.39534310640146597,4
10315816,2024-10-03,test,Credit card,Incorrect information on your report,Credit card,Other issue,0.7950211318892348,0.5617428358447797,4
10318047,2024-10-03,test,Credit card,Problem when making payments,Credit card,Other issue,0.8251560624202617,0.33894783411832846,3
10318677,2024-10-03,test,"Money transfer, virtual currency, or money service",Fraud or scam,Checking or savings account,Managing an account,0.5381138083307403,0.279349050250174,0
10329602,2024-10-03,test,"Money transfer, virtual currency, or money service",Fraud or scam,Credit card,Other issue,0.5337450237274041,0.3487846131552093,0
10330178,2024-10-03,test,Credit card,Fees or interest,Credit card,Other issue,0.9244727130834449,0.37426820983420506,3
10330834,2024-10-03,test,Credit card,Fees or interest,Credit card,Fees or interest,0.8140310944408818,0.26338524896218435,2
10330880,2024-10-03,test,Credit card,Getting a credit card,Credit card,Other issue,0.766737245925991,0.19436139660850044,4
10332137,2024-10-03,test,Checking or savings account,Managing an account,Checking or savings account,Problem with a purchase shown on your statement,0.6578579542033013,0.2826209464490169,5
10332333,2024-10-03,test,Checking or savings account,Opening an account,Checking or savings account,Managing an account,0.7010947971561111,0.3307397376774578,2
10333630,2024-10-03,test,Checking or savings account,Managing an account,Credit card,Other issue,0.6557039080431932,0.3709698453357797,3
10334615,2024-10-03,test,Checking or savings account,Managing an account,Checking or savings account,Managing an account,0.788675145521453,0.3819477957819529,0
10335591,2024-10-03,test,Checking or savings account,Managing an account,Checking or savings account,Managing an account,0.5670306968643735,0.41514247332387993,2
10335798,2024-10-03,test,Credit card,"Other features, terms, or problems",Credit card,Other issue,0.7101931593167806,0.3419594721536207,1
10335979,2024-10-03,test,Checking or savings account,Managing an account,Checking or savings account,Managing an account,0.6125489964090676,0.30428431578215287,0
10337996,2024-10-03,test,Checking or savings account,Managing an account,Checking or savings account,Managing an account,0.42726543214277174,0.3100158134840069,4
10338763,2024-10-03,test,"Money transfer, virtual currency, or money service",Trouble accessing funds in your mobile or digital wallet,Checking or savings account,Managing an account,0.6667179982797141,0.4327681230853157,0
10352907,2024-10-03,test,Checking or savings account,Managing an account,Checking or savings account,Managing an account,0.7230096136513069,0.6620157300613463,0
10328498,2024-10-04,test,Credit card,Struggling to pay your bill,Credit card,Other issue,0.5814662462899773,0.16823014808321435,5
10340975,2024-10-04,test,Credit card,Fees or interest,Credit card,Fees or interest,0.7960798754842456,0.24612139594532376,1
10344083,2024-10-04,test,Checking or savings account,Problem with a lender or other company charging your account,Checking or savings account,Problem with a purchase shown on your statement,0.498738305113381,0.2721193956392702,1
10345807,2024-10-04,test,Checking or savings account,Managing an account,Checking or savings account,Other issue,0.6923418834439611,0.2938668614088397,6
10345926,2024-10-04,test,Credit card,Getting a credit card,Credit card,Other issue,0.8264012417033706,0.3166754968375071,1
10346327,2024-10-04,test,Checking or savings account,Managing an account,Checking or savings account,Managing an account,0.9322414616089568,0.6486593870822998,0
10346496,2024-10-04,test,Checking or savings account,Closing an account,Checking or savings account,Closing an account,0.7446594876051967,0.2785447566412811,7
10346650,2024-10-04,test,"Money transfer, virtual currency, or money service",Other transaction problem,Checking or savings account,Other issue,0.4882010527795884,0.328687228759717,2
10348217,2024-10-04,test,Credit card,"Other features, terms, or problems",Credit card,Managing an account,0.7214014343054486,0.2501255157201701,3
10348543,2024-10-04,test,Checking or savings account,Problem caused by your funds being low,Checking or savings account,Managing an account,0.7121388227291475,0.41946902084342624,4
10348737,2024-10-04,test,Checking or savings account,Managing an account,Checking or savings account,Managing an account,0.6429310315581545,0.4074705242159242,5
10349157,2024-10-04,test,Checking or savings account,Opening an account,Checking or savings account,Managing an account,0.7868676155863735,0.26299903908790884,7
10350432,2024-10-04,test,Checking or savings account,Closing an account,Checking or savings account,Other issue,0.5348680996968432,0.4288888088193546,0
10352264,2024-10-04,test,Checking or savings account,Managing an account,Credit card,Problem with a purchase shown on your statement,0.46788521942022326,0.4655626300198281,5
10352476,2024-10-04,test,Checking or savings account,Managing an account,Checking or savings account,Managing an account,0.6589329947076642,0.5114146256931587,0
10352792,2024-10-04,test,Credit card,Fees or interest,Credit card,Other issue,0.8332993757323314,0.4293650574016967,3
10354063,2024-10-04,test,Credit card,"Advertising and marketing, including promotional offers",Credit card,Other issue,0.9688872982710369,0.38219102128352067,1
10343723,2024-10-05,test,Checking or savings account,Managing an account,Checking or savings account,Managing an account,0.9800801072571471,0.6008365082490181,0
10343792,2024-10-05,test,Checking or savings account,Closing an account,Checking or savings account,Closing an account,0.7538302377326729,0.3496986372764999,0
10358551,2024-10-05,test,"Money transfer, virtual currency, or money service","Managing, opening, or closing your mobile wallet account",Checking or savings account,Other issue,0.5389827386804977,0.2327378026016965,4
10358574,2024-10-05,test,Credit card,Problem with a purchase shown on your statement,Credit card,Problem with a purchase shown on your statement,0.895367016221641,0.8131127927617015,5
10359223,2024-10-05,test,"Money transfer, virtual currency, or money service",Other transaction problem,Checking or savings account,Managing an account,0.6998410954465857,0.4291108109415559,4
10359341,2024-10-05,test,Checking or savings account,Opening an account,Checking or savings account,Managing an account,0.8059982285317905,0.4828532777540144,0
10360369,2024-10-05,test,Checking or savings account,Problem with a lender or other company charging your account,Checking or savings account,Managing an account,0.8683148135540186,0.4545906494513599,2
10360453,2024-10-05,test,Credit card,Problem with a purchase shown on your statement,Credit card,Problem with a purchase shown on your statement,0.9249078387451372,0.42890313741266345,1
10363638,2024-10-06,test,Credit card,Problem with a purchase shown on your statement,Credit card,Problem with a purchase shown on your statement,0.7217458243376281,0.574870122837341,5
10363741,2024-10-06,test,Checking or savings account,Managing an account,Checking or savings account,Managing an account,0.7292499092117578,0.6487140226572631,2
10364708,2024-10-06,test,Checking or savings account,Problem with a lender or other company charging your account,Checking or savings account,Managing an account,0.8744048373608884,0.683445827137715,5
10365206,2024-10-06,test,Credit card,Incorrect information on your report,Credit card,Getting a credit card,0.6582150619218009,0.23294060299282993,2
10361736,2024-10-07,test,Credit card,Fees or interest,Credit card,Fees or interest,0.9224505232379855,0.48113007330444973,3
10366687,2024-10-07,test,Checking or savings account,Closing an account,Checking or savings account,Closing an account,0.9185757959859434,0.3834350888832899,0
10369931,2024-10-07,test,Checking or savings account,Problem with a lender or other company charging your account,Checking or savings account,Managing an account,0.6776312090620662,0.35343381284476694,0
10370091,2024-10-07,test,Checking or savings account,Closing an account,Checking or savings account,Other issue,0.4447445505112216,0.3866267416900008,0
10370586,2024-10-07,test,Credit card,Struggling to pay your bill,Credit card,Other issue,0.47509393062057814,0.23597024080605147,0
10370809,2024-10-07,test,Credit card,Problem with a purchase shown on your statement,Credit card,Problem with a purchase shown on your statement,0.8841738892777313,0.3446214608305673,5
10371127,2024-10-07,test,Checking or savings account,Closing an account,Checking or savings account,Managing an account,0.6838805259794852,0.22133798404193125,0
10372334,2024-10-07,test,Credit card,Problem with a purchase shown on your statement,Credit card,Problem with a purchase shown on your statement,0.5477202437910562,0.5100768025475347,5
10372405,2024-10-07,test,Checking or savings account,Managing an account,Credit card,Other issue,0.892803609396356,0.5875809862099554,2
10372613,2024-10-07,test,Checking or savings account,Opening an account,Checking or savings account,Managing an account,0.7552534318014523,0.33595906471926235,6
10372844,2024-10-07,test,Credit card,Problem with a purchase shown on your statement,Credit card,Problem with a purchase shown on your statement,0.7381692058448329,0.25884351681777285,6
10373224,2024-10-07,test,Checking or savings account,Problem with a lender or other company charging your account,Checking or savings account,Managing an account,0.8368827560178232,0.4884030084390957,0
10374145,2024-10-07,test,Credit card,Problem with a purchase shown on your statement,Credit card,Problem with a purchase shown on your statement,0.7700622224045385,0.44210411545190875,5
10375395,2024-10-07,test,Checking or savings account,Managing an account,Checking or savings account,Managing an account,0.8613985145620288,0.5969020475237723,0
10375403,2024-10-07,test,Checking or savings account,Closing an account,Checking or savings account,Closing an account,0.6916361065555996,0.29452191431501257,0
10376222,2024-10-07,test,Checking or savings account,Opening an account,Checking or savings account,Closing an account,0.8486377996394385,0.20663811610193164,0
10376227,2024-10-07,test,Credit card,Problem with a purchase shown on your statement,Credit card,Problem with a purchase shown on your statement,0.6363341188329048,0.5150094932111455,1
10376874,2024-10-07,test,Credit card,Problem when making payments,Credit card,Other issue,0.8945488485306279,0.5923354646502462,3
10378051,2024-10-07,test,Checking or savings account,Managing an account,Checking or savings account,Managing an account,0.7063128353960267,0.47595490527753387,6
10367057,2024-10-08,test,Checking or savings account,Managing an account,Checking or savings account,Managing an account,0.9336706233776196,0.679530123958922,2
10368849,2024-10-08,test,Checking or savings account,Managing an account,Checking or savings account,Managing an account,0.7605718552237157,0.4227900480453705,2
10369510,2024-10-08,test,Credit card,"Advertising and marketing, including promotional offers",Checking or savings account,Other issue,0.5270427145024049,0.33877276752187147,0
10378973,2024-10-08,test,Checking or savings account,Managing an account,Checking or savings account,Managing an account,0.8665101104491036,0.7051423290644476,0
10378979,2024-10-08,test,Credit card,"Other features, terms, or problems",Credit card,"Other features, terms, or problems",0.772807507387685,0.2423483582968051,6
10379096,2024-10-08,test,Checking or savings account,Managing an account,Checking or savings account,Managing an account,0.7061738008930215,0.3884674676543711,0
10380511,2024-10-08,test,Credit card,Problem with a purchase shown on your statement,Credit card,Problem with a purchase shown on your statement,0.5986979093618489,0.48664035331417116,5
10381458,2024-10-08,test,"Money transfer, virtual currency, or money service",Fraud or scam,"Money transfer, virtual currency, or money service",Fraud or scam,0.519544273299137,0.26402363127179984,0
10381602,2024-10-08,test,"Money transfer, virtual currency, or money service",Fraud or scam,"Money transfer, virtual currency, or money service",Fraud or scam,0.7939316118568588,0.6774368048352888,6
10381613,2024-10-08,test,"Money transfer, virtual currency, or money service",Other transaction problem,Checking or savings account,Managing an account,0.8730098091551584,0.4546121040996291,6
10381682,2024-10-08,test,"Money transfer, virtual currency, or money service",Fraud or scam,Checking or savings account,Managing an account,0.7126614725180921,0.3902661904895689,2
10381685,2024-10-08,test,Checking or savings account,Managing an account,Checking or savings account,Managing an account,0.8078808919764624,0.2877164891834218,7
10383295,2024-10-08,test,Credit card,Fees or interest,Credit card,Other issue,0.8330976435267212,0.32677999938790275,3
10383410,2024-10-08,test,"Money transfer, virtual currency, or money service",Trouble accessing funds in your mobile or digital wallet,Checking or savings account,Managing an account,0.8149133510043431,0.6109989931144818,0
10383872,2024-10-08,test,Credit card,Problem with a purchase shown on your statement,Credit card,Problem with a purchase shown on your statement,0.6901744379548286,0.5115729896265453,5
10384051,2024-10-08,test,Checking or savings account,Problem with a lender or other company charging your account,Checking or savings account,Managing an account,0.6948402014689562,0.4131047216406791,5
10384514,2024-10-08,test,Checking or savings account,Managing an account,Checking or savings account,Managing an account,0.7417961990949983,0.3214431696026176,0
10386988,2024-10-08,test,Checking or savings account,Closing an account,Checking or savings account,Managing an account,0.6933680604480388,0.36946967763320454,0
10388614,2024-10-08,test,Checking or savings account,Opening an account,Checking or savings account,Managing an account,0.9148273471172749,0.3301094599998379,0
10391295,2024-10-09,test,Credit card,"Other features, terms, or problems",Credit card,Other issue,0.7653327451956101,0.339459317851172,7
10392098,2024-10-09,test,Checking or savings account,Problem with a lender or other company charging your account,Checking or savings account,Managing an account,0.7746166351146205,0.2909244203061292,2
10392392,2024-10-09,test,Checking or savings account,Managing an account,Checking or savings account,Managing an account,0.7841121407500565,0.5284452026866937,0
10393237,2024-10-09,test,Checking or savings account,Managing an account,Checking or savings account,Managing an account,0.9196863858170008,0.7065019617218196,6
10394764,2024-10-09,test,Checking or savings account,Closing an account,Checking or savings account,Managing an account,0.8268632008758612,0.4799061882038584,0
10395515,2024-10-09,test,Checking or savings account,Problem with a lender or other company charging your account,Checking or savings account,Managing an account,0.8793781275928942,0.43189161614711263,6
10396231,2024-10-09,test,Checking or savings account,Managing an account,"Money transfer, virtual currency, or money service",Other issue,0.4994952751748037,0.29745657284152294,5
10398831,2024-10-09,test,Checking or savings account,Closing an account,Checking or savings account,Managing an account,0.8432666942583104,0.40190656090971866,2
10401945,2024-10-09,test,Checking or savings account,Managing an account,Checking or savings account,Managing an account,0.9212689381548813,0.45603498948551074,0
10402354,2024-10-09,test,Checking or savings account,Closing an account,Checking or savings account,Closing an account,0.7193480021095808,0.3795734041569009,0
10402388,2024-10-09,test,Checking or savings account,Managing an account,Checking or savings account,Managing an account,0.545999878313456,0.27304181277895095,6
10403431,2024-10-09,test,Checking or savings account,Managing an account,Checking or savings account,Managing an account,0.6468013071329093,0.3013226599946721,0
10403491,2024-10-09,test,Checking or savings account,Managing an account,Checking or savings account,Managing an account,0.8436317159343177,0.46611031856147567,2
10403766,2024-10-09,test,Checking or savings account,Managing an account,Checking or savings account,Managing an account,0.7765901097023402,0.5970747124764729,0
10403777,2024-10-09,test,Credit card,Problem with a purchase shown on your statement,Credit card,Problem with a purchase shown on your statement,0.7116670129027538,0.417210788232558,5
10403998,2024-10-09,test,"Money transfer, virtual currency, or money service",Other transaction problem,"Money transfer, virtual currency, or money service",Other issue,0.5269009327868621,0.31866065604591515,5
10404368,2024-10-09,test,Checking or savings account,Closing an account,Checking or savings account,Closing an account,0.9083539493215941,0.5301473494908241,0
10404723,2024-10-09,test,Credit card,Problem when making payments,Credit card,Other issue,0.8380251816452962,0.4222654037063973,3
10404807,2024-10-09,test,Checking or savings account,Managing an account,Checking or savings account,Managing an account,0.8169447357450392,0.621959057507076,0
10404931,2024-10-09,test,Credit card,"Advertising and marketing, including promotional offers",Credit card,Fees or interest,0.7721962278513322,0.32981730148963756,3
10405067,2024-10-09,test,Credit card,Incorrect information on your report,Credit card,Other issue,0.6694664283441039,0.24533149432775958,1
10405211,2024-10-09,test,"Money transfer, virtual currency, or money service",Fraud or scam,"Money transfer, virtual currency, or money service",Problem with a purchase shown on your statement,0.5418559326636795,0.27626966907498124,5
10405395,2024-10-09,test,Credit card,Problem with a purchase shown on your statement,Credit card,Problem with a purchase shown on your statement,0.8137450595643709,0.4353339170625174,5
10397189,2024-10-10,test,"Money transfer, virtual currency, or money service",Fraud or scam,Checking or savings account,Managing an account,0.5149826979321426,0.23880752241282327,2
10401122,2024-10-10,test,Credit card,Getting a credit card,Credit card,Other issue,0.8317413820727457,0.27903939098980834,1
10407214,2024-10-10,test,"Money transfer, virtual currency, or money service",Money was not available when promised,Checking or savings account,Managing an account,0.6365416590972272,0.4554490486980189,4
10410131,2024-10-10,test,Checking or savings account,Closing an account,Checking or savings account,Managing an account,0.7706542401346059,0.24338787455925243,0
10410150,2024-10-10,test,Checking or savings account,Closing an account,Checking or savings account,Managing an account,0.8369445660283945,0.5805756481253302,0
10410334,2024-10-10,test,Credit card,Problem with a purchase shown on your statement,Credit card,Other issue,0.5879089166423543,0.21364355574999758,4
10411250,2024-10-10,test,Checking or savings account,Managing an account,Checking or savings account,Managing an account,0.6034125585820773,0.23902285135015797,7
10412372,2024-10-10,test,"Money transfer, virtual currency, or money service",Confusing or missing disclosures,Checking or savings account,Closing an account,0.8187108389557344,0.47746053946013206,0
10413238,2024-10-10,test,"Money transfer, virtual currency, or money service",Money was not available when promised,Checking or savings account,Other issue,0.5251284571796608,0.36290078370400325,0
10413317,2024-10-10,test,"Money transfer, virtual currency, or money service",Money was not available when promised,Checking or savings account,Managing an account,0.7033896946230731,0.544558628642767,0
10413452,2024-10-10,test,Checking or savings account,Managing an account,Checking or savings account,Other issue,0.5689690781914009,0.21642059128291172,2
10416297,2024-10-10,test,Checking or savings account,Managing an account,Checking or savings account,Managing an account,0.851381720774255,0.7622582713707897,0
10408625,2024-10-11,test,"Money transfer, virtual currency, or money service",Unauthorized transactions or other transaction problem,Credit card,Problem with a purchase shown on your statement,0.8334448891421161,0.8531735906548917,5
10417831,2024-10-11,test,Credit card,Problem with a purchase shown on your statement,Credit card,Problem with a purchase shown on your statement,0.5544511980233107,0.4181940485361721,5
10418192,2024-10-11,test,Checking or savings account,Managing an account,Credit card,Managing an account,0.47501642138596906,0.25797569087179584,1
10418959,2024-10-11,test,Checking or savings account,Managing an account,Checking or savings account,Managing an account,0.8432063774127893,0.5244702291306954,0
10419069,2024-10-11,test,Credit card,Closing your account,Credit card,Other issue,0.8209590983015658,0.2187976470882232,0
10420034,2024-10-11,test,Credit card,Fees or interest,Credit card,Other issue,0.9782454227620082,0.39953218357776654,1
10420047,2024-10-11,test,Credit card,Getting a credit card,Credit card,Problem with a purchase shown on your statement,0.7524529643646449,0.19671525065769893,1
10420862,2024-10-11,test,Credit card,Closing your account,Credit card,Other issue,0.9007139583595316,0.3714700127708067,4
10421315,2024-10-11,test,Checking or savings account,Managing an account,Credit card,Other issue,0.7510570386559726,0.2617061975676078,3
10426396,2024-10-11,test,"Money transfer, virtual currency, or money service",Other service problem,"Money transfer, virtual currency, or money service",Other issue,0.39461326597467944,0.2810356020200819,5
10426902,2024-10-11,test,Credit card,Problem with a purchase shown on your statement,Credit card,Problem with a purchase shown on your statement,0.8839385537079797,0.5158438013449294,5
10427475,2024-10-11,test,Checking or savings account,Managing an account,Checking or savings account,Managing an account,0.8752228568311543,0.4820596990469006,0
10427746,2024-10-11,test,Credit card,"Advertising and marketing, including promotional offers",Credit card,Other issue,0.8473206005258789,0.2941034464751574,3
10429186,2024-10-11,test,Checking or savings account,Opening an account,Credit card,Other issue,0.6188859170622423,0.5498830570726778,1
10431897,2024-10-12,test,Checking or savings account,Problem with a lender or other company charging your account,Checking or savings account,Managing an account,0.8724213212490888,0.5397201686721912,2
10432731,2024-10-12,test,Credit card,Fees or interest,Credit card,Other issue,0.7709871338301341,0.347636086366016,0
10432870,2024-10-12,test,"Money transfer, virtual currency, or money service",Fraud or scam,Checking or savings account,Managing an account,0.6748403503288171,0.2852187600057938,7
10433031,2024-10-12,test,Credit card,Fees or interest,Credit card,Fees or interest,0.9481028413893249,0.2740575719533803,3
10433273,2024-10-12,test,Credit card,Problem when making payments,Credit card,Other issue,0.9764998361433517,0.2601074001295178,1
10434729,2024-10-12,test,Credit card,Problem with a purchase shown on your statement,Credit card,Problem with a purchase shown on your statement,0.942298354156148,0.3861774485987354,2
10434756,2024-10-12,test,Credit card,Problem with a purchase shown on your statement,Credit card,Other issue,0.5803799776826872,0.3166733461279367,1
10434776,2024-10-12,test,Credit card,Problem with a purchase shown on your statement,Credit card,Problem with a purchase shown on your statement,0.6856515402120671,0.22536953626801468,6
10437917,2024-10-13,test,Checking or savings account,Managing an account,Checking or savings account,Managing an account,0.8356872425169155,0.5296572255518719,0
10438083,2024-10-13,test,Credit card,Fees or interest,Credit card,Closing your account,0.8383936368346903,0.18712962598403846,0
10438105,2024-10-13,test,Credit card,"Other features, terms, or problems",Credit card,Getting a credit card,0.7410408839401932,0.22293930758216088,6
10438365,2024-10-13,test,Checking or savings account,Managing an account,Checking or savings account,Managing an account,0.7976649570472,0.3123720675177799,7
10438518,2024-10-13,test,Credit card,Fees or interest,Credit card,Other issue,0.548943058792195,0.3233014099500357,3
10438901,2024-10-13,test,Checking or savings account,Closing an account,Checking or savings account,Managing an account,0.562408752986834,0.25829109161314256,4
10440282,2024-10-13,test,Checking or savings account,Managing an account,Checking or savings account,Managing an account,0.8648822505054996,0.4826192816599745,0
10442817,2024-10-13,test,"Money transfer, virtual currency, or money service",Other transaction problem,Credit card,Problem with a purchase shown on your statement,0.5094566143757475,0.3748748841652278,5
10466131,2024-10-13,test,Checking or savings account,Problem with a lender or other company charging your account,Checking or savings account,Managing an account,0.46974463474259404,0.2595535907766303,5
10441536,2024-10-14,test,Credit card,Problem with a purchase shown on your statement,Credit card,Problem with a purchase shown on your statement,0.9790688242410401,0.35603613235904413,1
10446598,2024-10-14,test,Checking or savings account,Closing an account,Checking or savings account,Managing an account,0.8957191562094498,0.41854418200298227,0
10448204,2024-10-14,test,"Money transfer, virtual currency, or money service",Fraud or scam,Checking or savings account,Managing an account,0.5645556531381055,0.2914875592701053,0
10448275,2024-10-14,test,Checking or savings account,Managing an account,Checking or savings account,Managing an account,0.8704476757180639,0.5594115394203271,2
10449394,2024-10-14,test,Credit card,Problem when making payments,Credit card,Other issue,0.8751413862368383,0.41265840383423164,3
10449533,2024-10-14,test,Credit card,Problem with a purchase shown on your statement,Credit card,Other issue,0.5828935775743479,0.289416056112326,3
10449647,2024-10-14,test,Credit card,Getting a credit card,Credit card,Getting a credit card,0.7703940713567755,0.24153460767413504,1
10452676,2024-10-14,test,Credit card,Problem with a purchase shown on your statement,Credit card,Problem with a purchase shown on your statement,0.7559598414426738,0.5295016554695386,5
10453561,2024-10-14,test,Checking or savings account,Problem with a lender or other company charging your account,Credit card,Problem with a purchase shown on your statement,0.8538417689096127,0.36380770318917,1
10461854,2024-10-14,test,"Money transfer, virtual currency, or money service",Unauthorized transactions or other transaction problem,"Money transfer, virtual currency, or money service",Other issue,0.5183030310036799,0.3985163622817709,5
10445502,2024-10-15,test,Checking or savings account,Managing an account,Checking or savings account,Managing an account,0.7679760843785228,0.6344046668577819,0
10457577,2024-10-15,test,Checking or savings account,Problem with a lender or other company charging your account,Credit card,Problem with a purchase shown on your statement,0.6569789610052813,0.283316759134715,2
10457862,2024-10-15,test,Credit card,Getting a credit card,Checking or savings account,Getting a credit card,0.5458762210562246,0.22821614902331783,1
10457962,2024-10-15,test,Checking or savings account,Opening an account,Checking or savings account,Opening an account,0.9732256385719762,0.3903442594300667,6
10458038,2024-10-15,test,"Money transfer, virtual currency, or money service",Fraud or scam,Checking or savings account,Other issue,0.4540509398618888,0.2625025891972927,0
10458090,2024-10-15,test,Checking or savings account,Opening an account,Checking or savings account,Managing an account,0.9354251433171146,0.3345974540317674,2
10459175,2024-10-15,test,Credit card,Getting a credit card,Credit card,Getting a credit card,0.8448544029556857,0.49137277201231144,4
10459178,2024-10-15,test,Credit card,Getting a credit card,Credit card,Getting a credit card,0.8127439493743062,0.46382990028087234,4
10459263,2024-10-15,test,Credit card,Getting a credit card,Credit card,Getting a credit card,0.8391104420185761,0.4672939845765314,4
10459299,2024-10-15,test,Checking or savings account,Managing an account,Checking or savings account,Managing an account,0.788461199626799,0.30205869947396374,5
10459414,2024-10-15,test,Credit card,Getting a credit card,Credit card,Getting a credit card,0.8383924683716742,0.47723790844225006,4
10459970,2024-10-15,test,Checking or savings account,Managing an account,Checking or savings account,Managing an account,0.8858994722007574,0.6132829451412382,0
10460998,2024-10-15,test,Checking or savings account,Problem with a lender or other company charging your account,Checking or savings account,Managing an account,0.7267428042484609,0.23433885616278616,5
10462099,2024-10-15,test,Checking or savings account,Managing an account,Checking or savings account,Managing an account,0.5248113402124123,0.2464214853630456,7
10462392,2024-10-15,test,Credit card,Problem with a purchase shown on your statement,Credit card,Problem with a purchase shown on your statement,0.728271265533734,0.7402425331808398,5
10455736,2024-10-16,test,Checking or savings account,Managing an account,Checking or savings account,Managing an account,0.8960055237894273,0.6269779013975584,2
10456499,2024-10-16,test,Credit card,Getting a credit card,Credit card,Getting a credit card,0.9315864530443494,0.4253631729137873,4
10467942,2024-10-16,test,"Money transfer, virtual currency, or money service",Fraud or scam,Credit card,Problem with a purchase shown on your statement,0.6970524212843113,0.48201252346893286,5
10467944,2024-10-16,test,"Money transfer, virtual currency, or money service",Fraud or scam,Credit card,Other issue,0.5608619420461307,0.2993031884376835,1
10468928,2024-10-16,test,Credit card,Problem with a purchase shown on your statement,Credit card,Other issue,0.706578759314004,0.2672736714416451,3
10474471,2024-10-16,test,Checking or savings account,Managing an account,Checking or savings account,Managing an account,0.8100841153622785,0.4723230889840816,6
10474680,2024-10-16,test,Credit card,"Other features, terms, or problems",Credit card,Other issue,0.6286627597909894,0.3943242605746363,2
10476128,2024-10-16,test,Credit card,Problem when making payments,Credit card,Other issue,0.895426712745998,0.363168088086173,3
10476867,2024-10-16,test,Credit card,Problem with a purchase shown on your statement,Credit card,Problem with a purchase shown on your statement,0.5883624811337791,0.3218980059082849,5
10478212,2024-10-16,test,Credit card,Fees or interest,Credit card,Fees or interest,0.9217712321753275,0.2917553204964707,1
10478875,2024-10-16,test,Credit card,"Other features, terms, or problems",Checking or savings account,Managing an account,0.4737742226651791,0.2320479362197537,5
10478956,2024-10-16,test,Checking or savings account,Managing an account,Credit card,Managing an account,0.5478876562601812,0.3078055913973566,3
10479908,2024-10-16,test,Credit card,Problem with a purchase shown on your statement,Credit card,Problem with a purchase shown on your statement,0.6990823851245123,0.5511599486324161,5
10481452,2024-10-16,test,"Money transfer, virtual currency, or money service",Unauthorized transactions or other transaction problem,"Money transfer, virtual currency, or money service",Other issue,0.341771594763992,0.43754312010522145,0
10481475,2024-10-16,test,Checking or savings account,Managing an account,Checking or savings account,Managing an account,0.899973856474152,0.6536571836832178,0
10481582,2024-10-16,test,Checking or savings account,Managing an account,Checking or savings account,Managing an account,0.7435901022576294,0.3462878017032018,0
10491350,2024-10-16,test,Checking or savings account,Managing an account,Checking or savings account,Managing an account,0.8745543924409828,0.5357896935626885,6
10471158,2024-10-17,test,Credit card,Problem with a purchase shown on your statement,Checking or savings account,Managing an account,0.798249928199748,0.5211295813059749,7
10472026,2024-10-17,test,Checking or savings account,Managing an account,Checking or savings account,Managing an account,0.8641783484860694,0.5104952307604809,0
10484638,2024-10-17,test,"Money transfer, virtual currency, or money service",Fraud or scam,Checking or savings account,Managing an account,0.7330293087335944,0.36368730467460847,5
10484698,2024-10-17,test,Checking or savings account,Closing an account,Checking or savings account,Closing an account,0.8148289655203376,0.2696515408682377,0
10485994,2024-10-17,test,Checking or savings account,Managing an account,Checking or savings account,Managing an account,0.7025977856016874,0.4534965940787741,0
10488100,2024-10-17,test,"Money transfer, virtual currency, or money service",Other transaction problem,Checking or savings account,Managing an account,0.8340024116205986,0.5261867238945245,0
10488145,2024-10-17,test,Checking or savings account,Managing an account,Checking or savings account,Managing an account,0.7744967612307186,0.49068592372076986,0
10488291,2024-10-17,test,Checking or savings account,Managing an account,Checking or savings account,Managing an account,0.6726941453532411,0.387448013781705,3
10488554,2024-10-17,test,Credit card,Closing your account,Credit card,"Other features, terms, or problems",0.7900593588545771,0.1677567965711983,7
10489748,2024-10-17,test,Credit card,Getting a credit card,Credit card,Getting a credit card,0.8878183235771776,0.355998276063218,1
10490449,2024-10-17,test,"Money transfer, virtual currency, or money service",Fraud or scam,Checking or savings account,Managing an account,0.7445990350996589,0.5135325870981791,2
10490451,2024-10-17,test,"Money transfer, virtual currency, or money service",Problem with customer service,Checking or savings account,Managing an account,0.6373299520932848,0.3186786270867154,5
10491575,2024-10-17,test,"Money transfer, virtual currency, or money service",Trouble accessing funds in your mobile or digital wallet,Checking or savings account,Managing an account,0.7828793154110499,0.3833684365161121,0
10492076,2024-10-17,test,Checking or savings account,Closing an account,Checking or savings account,Other issue,0.5457989009205667,0.2007805877206031,4
10492099,2024-10-17,test,Checking or savings account,Closing an account,Checking or savings account,Closing an account,0.893621774396122,0.2372855726768238,7
10492436,2024-10-17,test,Checking or savings account,Managing an account,Credit card,Managing an account,0.5068486582859927,0.3486945327041811,6
10493578,2024-10-17,test,"Money transfer, virtual currency, or money service",Trouble accessing funds in your mobile or digital wallet,"Money transfer, virtual currency, or money service",Other issue,0.4820248836174832,0.4543070032420775,0
10484708,2024-10-18,test,Credit card,Trouble using your card,Credit card,Other issue,0.820289946954997,0.42215614924340744,4
10499472,2024-10-18,test,Checking or savings account,Opening an account,Checking or savings account,Managing an account,0.6913915840457436,0.31393786682833746,0
10499941,2024-10-18,test,Checking or savings account,Closing an account,Checking or savings account,Managing an account,0.8160051622459327,0.44007148253741557,0
10500035,2024-10-18,test,Credit card,Problem with a purchase shown on your statement,Credit card,Other issue,0.598311642580529,0.31257090495534384,3
10500665,2024-10-18,test,Credit card,Fees or interest,Checking or savings account,Other issue,0.5308189984702613,0.24829475304242316,0
10500729,2024-10-18,test,Checking or savings account,Managing an account,Checking or savings account,Managing an account,0.66636990917589,0.2895122926273273,2
10502722,2024-10-18,test,Checking or savings account,Managing an account,Checking or savings account,Other issue,0.5541434154991536,0.3348743946768011,0
10504531,2024-10-18,test,Checking or savings account,Problem caused by your funds being low,Checking or savings account,Other issue,0.815534138668927,0.3163920643354134,7
10504674,2024-10-18,test,Checking or savings account,Closing an account,Checking or savings account,Managing an account,0.98241226492629,0.4520254570040265,0
10505234,2024-10-18,test,Checking or savings account,Managing an account,Checking or savings account,Managing an account,0.5985904626608839,0.47160434357757103,0
10505831,2024-10-18,test,Checking or savings account,Problem with a lender or other company charging your account,Checking or savings account,Managing an account,0.5543204160673917,0.27224520551511866,6
10506713,2024-10-18,test,Checking or savings account,Managing an account,Checking or savings account,Managing an account,0.7212574726260936,0.41944120334913176,0
10506732,2024-10-18,test,"Money transfer, virtual currency, or money service",Other transaction problem,Checking or savings account,Other issue,0.5489189345438598,0.23338456969964516,5
10495573,2024-10-19,test,Checking or savings account,Managing an account,Checking or savings account,Managing an account,0.7785356238624016,0.5186306466514049,0
10509812,2024-10-19,test,Credit card,Problem when making payments,Credit card,Other issue,0.7579318243656303,0.36004408588525016,3
10510510,2024-10-19,test,Credit card,Incorrect information on your report,Credit card,Other issue,0.7861263645322564,0.4311812324553675,0
10510864,2024-10-19,test,Credit card,Trouble using your card,Credit card,Other issue,0.9528928245397947,0.25823999567001527,4
10512245,2024-10-19,test,Credit card,Problem when making payments,Checking or savings account,Managing an account,0.6415480837849203,0.5358212033639372,0
10512388,2024-10-19,test,Credit card,Problem with a purchase shown on your statement,Credit card,Problem with a purchase shown on your statement,0.8712649956630949,0.4855946777093825,1
10512462,2024-10-19,test,Credit card,"Other features, terms, or problems",Credit card,Problem with a purchase shown on your statement,0.9009421642035798,0.5061290988969631,4
10512940,2024-10-19,test,Credit card,"Advertising and marketing, including promotional offers",Credit card,Problem with a purchase shown on your statement,0.9461720443220956,0.378375341920431,2
10513422,2024-10-19,test,Checking or savings account,Problem caused by your funds being low,Checking or savings account,Managing an account,0.7263273511275388,0.46289856309100963,5
10513914,2024-10-20,test,Checking or savings account,Managing an account,Checking or savings account,Managing an account,0.6485693086462254,0.4532121962854469,0
10515635,2024-10-20,test,Credit card,Fees or interest,Credit card,Other issue,0.7988376642675258,0.45997537954563883,3
10515921,2024-10-20,test,Credit card,Problem with a purchase shown on your statement,Credit card,Problem with a purchase shown on your statement,0.567840235283592,0.20489598663701875,5
10517189,2024-10-20,test,Credit card,Fees or interest,Credit card,Fees or interest,0.9860380367688779,0.40443829286133903,1
10517359,2024-10-20,test,Credit card,Problem with a purchase shown on your statement,Credit card,Problem with a purchase shown on your statement,0.9028068915096215,0.3013277774060899,1
10518134,2024-10-20,test,Credit card,Problem with a purchase shown on your statement,Credit card,Problem with a purchase shown on your statement,0.7952630496946824,0.41792152574623903,2
10516392,2024-10-21,test,Checking or savings account,Managing an account,Checking or savings account,Managing an account,0.893177895609806,0.7064354364085692,0
10516635,2024-10-21,test,Credit card,Problem with a purchase shown on your statement,Credit card,Problem with a purchase shown on your statement,0.7827664952842902,0.2640026444244565,6
10521404,2024-10-21,test,Credit card,Problem with a purchase shown on your statement,Credit card,Other issue,0.7147766091904257,0.23970432176051723,0
10521783,2024-10-21,test,Credit card,Getting a credit card,Credit card,Getting a credit card,0.8226260222545303,0.20909246302154372,4
10522050,2024-10-21,test,Checking or savings account,Managing an account,Checking or savings account,Managing an account,0.6741186765011612,0.38866693193023405,0
10523217,2024-10-21,test,"Money transfer, virtual currency, or money service",Other transaction problem,"Money transfer, virtual currency, or money service",Other issue,0.5750631326814777,0.49493789880081324,5
10523717,2024-10-21,test,Checking or savings account,Managing an account,Checking or savings account,Managing an account,0.7664710629047282,0.37774256016495456,0
10523890,2024-10-21,test,Credit card,Fees or interest,Credit card,Fees or interest,0.9607553637221066,0.35914946848888424,1
10524153,2024-10-21,test,Credit card,"Other features, terms, or problems",Checking or savings account,Managing an account,0.8115192148368812,0.4801506484916847,2
10524172,2024-10-21,test,Checking or savings account,Managing an account,Checking or savings account,Managing an account,0.878872653921286,0.6308568978611135,5
10524911,2024-10-21,test,Checking or savings account,Managing an account,Checking or savings account,Managing an account,0.8329654642674151,0.5972821896075691,6
10524964,2024-10-21,test,"Money transfer, virtual currency, or money service",Problem adding money,Checking or savings account,Other issue,0.4066147102026551,0.4010186184756462,5
10526202,2024-10-21,test,Credit card,Getting a credit card,Credit card,Getting a credit card,0.9448274603407731,0.3756925539032471,4
10526392,2024-10-21,test,Checking or savings account,Closing an account,Checking or savings account,Managing an account,0.810101374720148,0.6284580295115653,0
10527294,2024-10-21,test,Credit card,Fees or interest,Credit card,Fees or interest,0.9874977030382059,0.6554968509771454,1
10527473,2024-10-21,test,Checking or savings account,Managing an account,Checking or savings account,Managing an account,0.7809212441809835,0.4607930627797815,0
10527612,2024-10-21,test,Credit card,Incorrect information on your report,Credit card,Fees or interest,0.9574959004604944,0.32964035556062876,3
10529156,2024-10-21,test,Credit card,Problem with a purchase shown on your statement,Checking or savings account,Managing an account,0.856373112789147,0.6536815985937955,5
10519663,2024-10-22,test,Credit card,Problem with a purchase shown on your statement,Credit card,Problem with a purchase shown on your statement,0.609828019071162,0.4677116266940106,2
10519870,2024-10-22,test,"Money transfer, virtual currency, or money service",Fraud or scam,"Money transfer, virtual currency, or money service",Other issue,0.428925176621113,0.3342799786688235,5
10521178,2024-10-22,test,Credit card,Problem with a purchase shown on your statement,Credit card,Problem with a purchase shown on your statement,0.8230509050103705,0.4039402965308874,5
10521370,2024-10-22,test,Credit card,Problem with a purchase shown on your statement,Checking or savings account,Managing an account,0.6437011669963945,0.34011731074676865,0
10533335,2024-10-22,test,Credit card,Problem with a purchase shown on your statement,Credit card,Problem with a purchase shown on your statement,0.7688610359288869,0.7776655100615406,5
10537578,2024-10-22,test,Checking or savings account,Managing an account,Checking or savings account,Problem with a purchase shown on your statement,0.7381334335338426,0.3539285404396382,2
10538974,2024-10-22,test,Credit card,"Advertising and marketing, including promotional offers",Credit card,Fees or interest,0.7591907806210909,0.3574962870775169,1
10539662,2024-10-22,test,Checking or savings account,Problem caused by your funds being low,Checking or savings account,Other issue,0.765265658916953,0.5930349645792972,3
10539854,2024-10-22,test,Credit card,Fees or interest,Credit card,Fees or interest,0.9837032554410414,0.5618536966114427,1
10540622,2024-10-22,test,Credit card,Closing your account,Credit card,Other issue,0.8066932304219963,0.28394082533052256,0
10540896,2024-10-22,test,"Money transfer, virtual currency, or money service",Other service problem,Checking or savings account,Other issue,0.7146491754480601,0.3552688203056065,6
10541608,2024-10-22,test,Credit card,Fees or interest,Credit card,Fees or interest,0.972757332487534,0.650515233334646,3
10542809,2024-10-22,test,Checking or savings account,Closing an account,Checking or savings account,Managing an account,0.7833937758649825,0.5033446547071736,0
10543642,2024-10-22,test,Credit card,Problem when making payments,Credit card,Other issue,0.6626967785513765,0.417302252252223,3
10544113,2024-10-22,test,Credit card,Problem when making payments,Checking or savings account,Managing an account,0.49285569392501477,0.30362134842504546,0
10545149,2024-10-22,test,"Money transfer, virtual currency, or money service",Other transaction problem,Checking or savings account,Managing an account,0.8213850602316205,0.46228959822089893,0
10531750,2024-10-23,test,Checking or savings account,Closing an account,Checking or savings account,Managing an account,0.8216299751730032,0.40981977161205707,0
10533066,2024-10-23,test,Credit card,Fees or interest,Credit card,Fees or interest,0.9873453573240388,0.6594295587961361,3
10533723,2024-10-23,test,"Money transfer, virtual currency, or money service",Fraud or scam,Checking or savings account,Other issue,0.4243839248277759,0.31403563223781134,0
10534571,2024-10-23,test,Checking or savings account,Managing an account,Checking or savings account,Managing an account,0.5082241562103064,0.3297089605654087,5
10546611,2024-10-23,test,"Money transfer, virtual currency, or money service",Money was not available when promised,Checking or savings account,Managing an account,0.7443236799505896,0.44419310078397606,0
10547299,2024-10-23,test,Credit card,"Other features, terms, or problems",Credit card,Problem with a purchase shown on your statement,0.9599093199434104,0.3388545454783608,5
10548176,2024-10-23,test,"Money transfer, virtual currency, or money service",Unauthorized transactions or other transaction problem,Checking or savings account,Managing an account,0.4729186777613867,0.35283963420723646,5
10549537,2024-10-23,test,Checking or savings account,Closing an account,Checking or savings account,Managing an account,0.890537301113137,0.5125786728681138,6
10550991,2024-10-23,test,"Money transfer, virtual currency, or money service",Fraud or scam,Checking or savings account,Managing an account,0.9215288238546261,0.657339574579035,2
10551623,2024-10-23,test,Credit card,Closing your account,Credit card,Other issue,0.6977898936040979,0.20460936822235412,1
10552766,2024-10-23,test,Credit card,Problem with a purchase shown on your statement,Credit card,Other issue,0.6807029482238547,0.21815205886402333,5
10553347,2024-10-23,test,Credit card,Incorrect information on your report,Credit card,Other issue,0.9232577053987536,0.33330413847965673,4
10553482,2024-10-23,test,Credit card,Problem with a purchase shown on your statement,Credit card,Problem with a purchase shown on your statement,0.8684356686382402,0.4809256412877139,5
10553657,2024-10-23,test,Credit card,Problem with a purchase shown on your statement,Credit card,Problem with a purchase shown on your statement,0.8171890302270005,0.48912254966708596,5
10553664,2024-10-23,test,Credit card,Incorrect information on your report,Credit card,Getting a credit card,0.7605648167398658,0.22231432428015535,1
10567361,2024-10-23,test,Credit card,Problem with a purchase shown on your statement,Credit card,Problem with a purchase shown on your statement,0.8861761083717049,0.6084753622539383,5
10545954,2024-10-24,test,"Money transfer, virtual currency, or money service",Fraud or scam,Credit card,Other issue,0.43949690914000944,0.4378937759217922,5
10546098,2024-10-24,test,Credit card,"Advertising and marketing, including promotional offers",Credit card,Getting a credit card,0.9590895312584137,0.2641773188626046,1
10546200,2024-10-24,test,Credit card,Getting a credit card,Credit card,Getting a credit card,0.8837820149148778,0.306642930214564,4
10548638,2024-10-24,test,Credit card,Problem with a purchase shown on your statement,Credit card,Problem with a purchase shown on your statement,0.8918610099775854,0.6610818081052565,5
10560743,2024-10-24,test,Credit card,Fees or interest,Credit card,Problem with a purchase shown on your statement,0.8188134424622222,0.19895451014870455,1
10561209,2024-10-24,test,Checking or savings account,Managing an account,Checking or savings account,Managing an account,0.8509659327778577,0.6217393969074929,0
10565526,2024-10-24,test,Credit card,Getting a credit card,Credit card,Other issue,0.6462441829224601,0.34838230122440833,4
10565905,2024-10-24,test,Credit card,Fees or interest,Credit card,Other issue,0.8266316105673138,0.29094080109592163,1
10566045,2024-10-24,test,Checking or savings account,Managing an account,Checking or savings account,Managing an account,0.644774752440373,0.3308323277637324,2
10566422,2024-10-24,test,Checking or savings account,Managing an account,Checking or savings account,Managing an account,0.8582939308666611,0.6872376684328521,0
10566463,2024-10-24,test,Credit card,Fees or interest,Credit card,Fees or interest,0.920238029396346,0.6434982040513519,3
10566997,2024-10-24,test,Checking or savings account,Managing an account,Checking or savings account,Managing an account,0.9050410064799739,0.5365314234357242,0
10567219,2024-10-24,test,Checking or savings account,Managing an account,Credit card,Managing an account,0.47256741797357,0.3524387634012697,5
10569416,2024-10-25,test,"Money transfer, virtual currency, or money service",Unauthorized transactions or other transaction problem,"Money transfer, virtual currency, or money service",Other issue,0.7199157347581215,0.6199033355770971,5
10571822,2024-10-25,test,Credit card,Getting a credit card,Credit card,Problem with a purchase shown on your statement,0.869838496228431,0.2710621100450533,1
10572216,2024-10-25,test,Credit card,Closing your account,Credit card,Other issue,0.8466576492145503,0.2456905682116743,1
10575283,2024-10-25,test,Credit card,Getting a credit card,Credit card,Problem with a purchase shown on your statement,0.7554211974956614,0.3638681443412298,5
10575345,2024-10-25,test,Checking or savings account,Managing an account,Checking or savings account,Managing an account,0.9336630048795016,0.7231053537187203,0
10576592,2024-10-25,test,Checking or savings account,Managing an account,Credit card,Managing an account,0.6073666651814785,0.4226587983514867,5
10577491,2024-10-25,test,Credit card,"Advertising and marketing, including promotional offers",Credit card,Fees or interest,0.927498868174238,0.5536469013537857,3
10578237,2024-10-25,test,Credit card,Fees or interest,Credit card,Other issue,0.9571378038374152,0.30953364110375026,1
10578463,2024-10-25,test,Checking or savings account,Managing an account,Checking or savings account,Managing an account,0.9186442265424246,0.41622328166675876,0
10579393,2024-10-25,test,Checking or savings account,Managing an account,Checking or savings account,Managing an account,0.8831807239331548,0.6809658672983354,0
10579523,2024-10-25,test,Checking or savings account,Problem caused by your funds being low,Checking or savings account,Other issue,0.9150477918689183,0.379578393406281,0
10580372,2024-10-25,test,Checking or savings account,Managing an account,Checking or savings account,Managing an account,0.6425765385373727,0.32361635427105623,5
10581220,2024-10-25,test,Checking or savings account,Opening an account,Checking or savings account,Managing an account,0.7848058563980347,0.29249139276671265,4
10581686,2024-10-25,test,Checking or savings account,Managing an account,Checking or savings account,Managing an account,0.9233476250027701,0.781410649353507,0
10581812,2024-10-25,test,Credit card,Incorrect information on your report,Credit card,Getting a credit card,0.8037351241872275,0.3341126883791559,4
10582668,2024-10-25,test,Credit card,Fees or interest,Credit card,Fees or interest,0.9790774193978916,0.5789383875821073,3
10583238,2024-10-25,test,"Money transfer, virtual currency, or money service",Fraud or scam,"Money transfer, virtual currency, or money service",Other issue,0.3998679261835011,0.25618761472655643,3
10583925,2024-10-25,test,Credit card,Problem when making payments,Credit card,Other issue,0.6026827397563643,0.27335730863910435,3
10586916,2024-10-26,test,"Money transfer, virtual currency, or money service",Unauthorized transactions or other transaction problem,Checking or savings account,Other issue,0.51170672783106,0.3312418157115805,6
10588804,2024-10-26,test,Credit card,Problem with a purchase shown on your statement,Credit card,Problem with a purchase shown on your statement,0.6698074625829067,0.7495807051592729,2
10589886,2024-10-26,test,Credit card,Problem with a purchase shown on your statement,Credit card,Problem with a purchase shown on your statement,0.9414442623392855,0.37827008022738773,1
10586127,2024-10-27,test,Checking or savings account,Problem with a lender or other company charging your account,Checking or savings account,Managing an account,0.7250079764701861,0.3004580201850713,6
10586367,2024-10-27,test,Checking or savings account,Problem with a lender or other company charging your account,Checking or savings account,Managing an account,0.7251587441485657,0.30032803991793566,6
10591165,2024-10-27,test,Checking or savings account,Managing an account,Checking or savings account,Other issue,0.44129342992963994,0.2947606099793259,0
10591332,2024-10-27,test,Credit card,Problem with a purchase shown on your statement,Credit card,Problem with a purchase shown on your statement,0.8703049589763513,0.37818618067315274,1
10593346,2024-10-27,test,Credit card,Fees or interest,Credit card,Fees or interest,0.976555820238952,0.4705001019579495,1
10593371,2024-10-27,test,Credit card,"Other features, terms, or problems",Checking or savings account,Managing an account,0.9187268863368181,0.5747297699784584,5
10595040,2024-10-27,test,Checking or savings account,Managing an account,Checking or savings account,Other issue,0.4555339929851362,0.2934985500310324,7
10595172,2024-10-27,test,Credit card,"Other features, terms, or problems",Credit card,Other issue,0.9306748736992548,0.41988427125681616,3
10595619,2024-10-27,test,Checking or savings account,Opening an account,Credit card,Other issue,0.8038738557551606,0.241726593543488,1
10595771,2024-10-27,test,Credit card,Getting a credit card,Credit card,Other issue,0.7934629883843055,0.24710126961193377,1
10599494,2024-10-28,test,Credit card,Problem with a purchase shown on your statement,Credit card,Problem with a purchase shown on your statement,0.811530466626603,0.41707603664369847,5
10600485,2024-10-28,test,Checking or savings account,Opening an account,Checking or savings account,Managing an account,0.9013114813950102,0.5688773151863765,2
10601370,2024-10-28,test,Checking or savings account,Closing an account,Checking or savings account,Closing an account,0.6580065431916673,0.3240800259900679,0
10601401,2024-10-28,test,Credit card,Problem with a purchase shown on your statement,Credit card,Problem with a purchase shown on your statement,0.7697564315800451,0.4758414864568344,2
10601432,2024-10-28,test,Checking or savings account,Problem with a lender or other company charging your account,Checking or savings account,Managing an account,0.7502382692252122,0.3075979260400979,2
10603162,2024-10-28,test,Checking or savings account,Managing an account,Checking or savings account,Managing an account,0.8497725575246232,0.37323256969054913,2
10603210,2024-10-28,test,Checking or savings account,Managing an account,Checking or savings account,Managing an account,0.9087616518311317,0.45103250498190717,0
10603291,2024-10-28,test,Checking or savings account,Managing an account,Checking or savings account,Managing an account,0.5146510609471455,0.3859476350464365,4
10603581,2024-10-28,test,"Money transfer, virtual currency, or money service",Fraud or scam,Checking or savings account,Managing an account,0.6080104656949672,0.49335681064229225,5
10604065,2024-10-28,test,Credit card,Problem with a purchase shown on your statement,Credit card,Problem with a purchase shown on your statement,0.6669202394819026,0.35513812001754447,5
10604286,2024-10-28,test,Checking or savings account,Problem with a lender or other company charging your account,Checking or savings account,Other issue,0.8914672428400016,0.26587149984883396,6
10605485,2024-10-28,test,Credit card,Problem with a purchase shown on your statement,Credit card,Problem with a purchase shown on your statement,0.870348923538442,0.6924366727076607,5
10606838,2024-10-28,test,Credit card,Fees or interest,Credit card,Fees or interest,0.9449210174574076,0.4240974465911057,3
10606852,2024-10-28,test,Credit card,Struggling to pay your bill,Checking or savings account,Managing an account,0.46807935840399756,0.24297282040477278,0
10606986,2024-10-28,test,Credit card,Problem when making payments,Credit card,Other issue,0.9109955853848122,0.29254815292481584,3
10608276,2024-10-28,test,"Money transfer, virtual currency, or money service",Fraud or scam,Checking or savings account,Managing an account,0.7273365338976391,0.3949438662553314,0
10608474,2024-10-28,test,Credit card,"Other features, terms, or problems",Credit card,Getting a credit card,0.9158550386273284,0.17559219197138162,4
10598271,2024-10-29,test,Checking or savings account,Managing an account,Checking or savings account,Managing an account,0.48471521036369747,0.21670119822559927,5
10598274,2024-10-29,test,Checking or savings account,Closing an account,Checking or savings account,Closing an account,0.5793558086147346,0.25820214928381,4
10598929,2024-10-29,test,"Money transfer, virtual currency, or money service",Fraud or scam,Checking or savings account,Managing an account,0.5285905800890344,0.26765750323232285,0
10599272,2024-10-29,test,Checking or savings account,Problem with a lender or other company charging your account,Credit card,Other issue,0.6225689370286329,0.23211347814385075,2
10611594,2024-10-29,test,Checking or savings account,Managing an account,Checking or savings account,Managing an account,0.7169906260119875,0.3280386988407919,5
10612617,2024-10-29,test,Credit card,Credit monitoring or identity theft protection services,Credit card,Other issue,0.9035893139753631,0.5585853641011232,3
10613308,2024-10-29,test,Checking or savings account,Opening an account,Checking or savings account,Managing an account,0.8524255501638383,0.565653838179239,0
10614058,2024-10-29,test,Checking or savings account,Managing an account,Checking or savings account,Managing an account,0.7828327852553675,0.4193248518477372,0
10614070,2024-10-29,test,Checking or savings account,Closing an account,Checking or savings account,Managing an account,0.8354187635143032,0.22654635790966943,7
10614664,2024-10-29,test,Checking or savings account,Closing an account,Checking or savings account,Managing an account,0.7742329889201341,0.4148343962377308,0
10614679,2024-10-29,test,Credit card,"Other features, terms, or problems",Credit card,Other issue,0.7383712346760446,0.2891423159538417,1
10614815,2024-10-29,test,"Money transfer, virtual currency, or money service",Fraud or scam,"Money transfer, virtual currency, or money service",Other issue,0.7919914797045139,0.47680381367957986,0
10616477,2024-10-29,test,"Money transfer, virtual currency, or money service",Trouble accessing funds in your mobile or digital wallet,Checking or savings account,Managing an account,0.5668330647170515,0.42009078980599857,0
10616484,2024-10-29,test,Credit card,Getting a credit card,Credit card,Problem with a purchase shown on your statement,0.7859269417581947,0.28585903168362176,5
10616521,2024-10-29,test,Checking or savings account,Managing an account,Checking or savings account,Managing an account,0.8132473371691702,0.4144145614293409,6
10616565,2024-10-29,test,Checking or savings account,Managing an account,Checking or savings account,Managing an account,0.8383610467433359,0.7243114077720562,2
10616632,2024-10-29,test,Credit card,Problem when making payments,Credit card,Other issue,0.9178586779141747,0.442340473078893,1
10617204,2024-10-29,test,Checking or savings account,Opening an account,Checking or savings account,Closing an account,0.8902470185937214,0.5022773981720855,0
10620688,2024-10-29,test,Checking or savings account,Closing an account,Checking or savings account,Managing an account,0.9350008975973956,0.5436046314003473,6
10621754,2024-10-29,test,Credit card,Closing your account,Credit card,Other issue,0.5375488760016538,0.21770503521683832,0
10609853,2024-10-30,test,"Money transfer, virtual currency, or money service",Money was not available when promised,Checking or savings account,Managing an account,0.6846774816664888,0.3429587367145373,6
10610171,2024-10-30,test,Checking or savings account,Closing an account,Checking or savings account,Managing an account,0.7666191800796102,0.39613999069027256,0
10610494,2024-10-30,test,Checking or savings account,Problem caused by your funds being low,Checking or savings account,Other issue,0.878629909103506,0.35753263719747247,7
10610911,2024-10-30,test,Credit card,Closing your account,Credit card,Other issue,0.9431302193266992,0.2750585916537832,4
10611483,2024-10-30,test,Checking or savings account,Managing an account,Credit card,Other issue,0.4416533851297426,0.20576346877136356,0
10611499,2024-10-30,test,Credit card,Problem with a purchase shown on your statement,Credit card,Problem with a purchase shown on your statement,0.9156100452876406,0.27121803739265565,5
10620532,2024-10-30,test,Checking or savings account,Managing an account,Checking or savings account,Managing an account,0.8967771134008521,0.3846241246647281,0
10620914,2024-10-30,test,Credit card,Problem with a purchase shown on your statement,Credit card,Problem with a purchase shown on your statement,0.8027319877547835,0.33125540660468017,5
10622734,2024-10-30,test,Checking or savings account,Managing an account,Credit card,Other issue,0.5433177899720392,0.2776770039016093,4
10628347,2024-10-30,test,Checking or savings account,Managing an account,Checking or savings account,Managing an account,0.6172976644452072,0.43646657639400754,0
10631888,2024-10-30,test,Checking or savings account,Managing an account,Checking or savings account,Managing an account,0.6348558334236083,0.3290817751989809,4
10632361,2024-10-30,test,"Money transfer, virtual currency, or money service",Fraud or scam,"Money transfer, virtual currency, or money service",Managing an account,0.499390795674084,0.2456711805594732,5
10632765,2024-10-30,test,Checking or savings account,Managing an account,Checking or savings account,Managing an account,0.745478086520573,0.39133699984524956,5
10634124,2024-10-30,test,Credit card,"Other features, terms, or problems",Checking or savings account,Managing an account,0.4528788668981065,0.2643093715268145,5
10634599,2024-10-30,test,Credit card,Problem when making payments,Credit card,Managing an account,0.5996246994119852,0.30150575876204777,0
10634858,2024-10-30,test,Credit card,Problem with a purchase shown on your statement,Credit card,Problem with a purchase shown on your statement,0.7896863328842803,0.6432245869433079,2
10636986,2024-10-31,test,Credit card,Getting a credit card,Credit card,Other issue,0.9650431834706124,0.3477040375713229,4
10639464,2024-10-31,test,Credit card,"Other features, terms, or problems",Credit card,Managing an account,0.7304153844590977,0.21974129097067419,1
10642513,2024-10-31,test,"Money transfer, virtual currency, or money service",Other transaction problem,Checking or savings account,Managing an account,0.6735900394582915,0.44504592477932425,0
10642520,2024-10-31,test,Checking or savings account,Problem with a lender or other company charging your account,Checking or savings account,Managing an account,0.8248847592439972,0.28766737331922043,7
10643291,2024-10-31,test,Credit card,Problem with a purchase shown on your statement,Credit card,Problem with a purchase shown on your statement,0.7624318050317095,0.3600760341115785,5
10643311,2024-10-31,test,Credit card,Problem when making payments,Credit card,Other issue,0.6433800091007835,0.2914965189359177,1
10644203,2024-10-31,test,Checking or savings account,Problem with a lender or other company charging your account,Checking or savings account,Other issue,0.4176688143722004,0.32438694311442623,6
10644585,2024-10-31,test,Credit card,"Other features, terms, or problems",Credit card,Other issue,0.8962366933860325,0.4179571861874826,4
10644688,2024-10-31,test,Checking or savings account,Managing an account,Checking or savings account,Other issue,0.5608574414974167,0.3481891348601481,3
10645628,2024-10-31,test,Checking or savings account,Opening an account,Checking or savings account,Closing an account,0.7988411150092494,0.20771488247918068,0
10649187,2024-10-31,test,Checking or savings account,Managing an account,Checking or savings account,Managing an account,0.7046384065139676,0.5422683744328378,4
10648025,2024-11-01,test,Credit card,"Other features, terms, or problems",Credit card,Other issue,0.6840764217574277,0.21005062803425262,2
10648100,2024-11-01,test,Credit card,Closing your account,Credit card,Problem with a purchase shown on your statement,0.8570458256119698,0.366933689601018,5
10653759,2024-11-01,test,Checking or savings account,Managing an account,Checking or savings account,Managing an account,0.7879584925152621,0.45449467462342374,0
10655205,2024-11-01,test,Checking or savings account,Managing an account,Checking or savings account,Managing an account,0.7949948936853944,0.5200908813485715,2
10655566,2024-11-01,test,Credit card,Trouble using your card,Credit card,Other issue,0.7215710255973327,0.34113423953792155,3
10655819,2024-11-01,test,"Money transfer, virtual currency, or money service",Fraud or scam,Checking or savings account,Managing an account,0.5254147145888617,0.32802030234981083,0
10655837,2024-11-01,test,Checking or savings account,Managing an account,Checking or savings account,Closing an account,0.7756468936389158,0.3799584962182372,0
10655867,2024-11-01,test,Checking or savings account,Managing an account,Checking or savings account,Managing an account,0.8048091201792944,0.45157775100644115,0
10656076,2024-11-01,test,Credit card,Closing your account,Credit card,Other issue,0.8342692179948121,0.18924943128194355,3
10656479,2024-11-01,test,Credit card,"Other features, terms, or problems",Credit card,Other issue,0.7169855887905817,0.23860836686412248,1
10657424,2024-11-01,test,Checking or savings account,Managing an account,Checking or savings account,Managing an account,0.7210442570351357,0.2149649703716006,4
10658289,2024-11-01,test,Credit card,Trouble using your card,Credit card,Other issue,0.6087469119536438,0.22812386141615262,0
10658450,2024-11-01,test,Checking or savings account,Problem with a lender or other company charging your account,Checking or savings account,Managing an account,0.8006029656135507,0.5742362546573382,2
10658469,2024-11-01,test,Checking or savings account,Problem caused by your funds being low,Checking or savings account,Other issue,0.6934044627534015,0.5516171863126677,7
10658668,2024-11-01,test,Checking or savings account,Managing an account,Checking or savings account,Managing an account,0.6991700729537039,0.4439196854672206,0
10659883,2024-11-01,test,Checking or savings account,Managing an account,Checking or savings account,Managing an account,0.7216879334952107,0.41590549090416074,2
10659892,2024-11-01,test,Checking or savings account,Managing an account,Checking or savings account,Managing an account,0.7249752812903776,0.3351753851411316,4
10660158,2024-11-01,test,Credit card,Getting a credit card,Credit card,Getting a credit card,0.8534182509509821,0.4851362499160441,4
10660545,2024-11-01,test,"Money transfer, virtual currency, or money service",Fraud or scam,"Money transfer, virtual currency, or money service",Other issue,0.8386789937760403,0.41520987905784384,5
10660847,2024-11-01,test,Credit card,Problem with a purchase shown on your statement,Credit card,Problem with a purchase shown on your statement,0.603590907919496,0.5545347292914025,5
10660873,2024-11-01,test,Credit card,Trouble using your card,Checking or savings account,Managing an account,0.5347323798260217,0.21459595421591157,6
10661369,2024-11-02,test,Checking or savings account,Opening an account,Credit card,Other issue,0.5904826989777078,0.22393591512653077,7
10662263,2024-11-02,test,Credit card,Problem with a purchase shown on your statement,Credit card,Problem with a purchase shown on your statement,0.8404402395991343,0.37246660029464695,1
10662281,2024-11-02,test,Credit card,Closing your account,Credit card,Closing an account,0.6806743135600862,0.21841136749747656,0
10662985,2024-11-02,test,Credit card,Problem with a purchase shown on your statement,Credit card,Problem with a purchase shown on your statement,0.49608841953738475,0.4011944051404149,5
10663030,2024-11-02,test,Checking or savings account,Managing an account,Checking or savings account,Managing an account,0.8293285333419402,0.5865969254177276,0
10663671,2024-11-02,test,Credit card,Problem when making payments,Credit card,Other issue,0.8819574183062526,0.2795366884523743,3
10664811,2024-11-02,test,Checking or savings account,Problem with a lender or other company charging your account,Checking or savings account,Other issue,0.5068360208741176,0.22072557360775835,5
10667066,2024-11-02,test,Checking or savings account,Closing an account,Checking or savings account,Closing an account,0.8348141780953787,0.36764049068815446,0
10668334,2024-11-03,test,"Money transfer, virtual currency, or money service",Other transaction problem,Checking or savings account,Other issue,0.5350424859723859,0.3233561239830697,4
10669427,2024-11-03,test,Checking or savings account,Opening an account,Checking or savings account,Other issue,0.5121549047392153,0.20519400142160404,0
10669521,2024-11-03,test,Credit card,Problem when making payments,Credit card,Other issue,0.7340588068700877,0.3046930156054074,2
10669550,2024-11-03,test,Credit card,"Advertising and marketing, including promotional offers",Credit card,Other issue,0.8659995691532117,0.38135589565286054,1
10670304,2024-11-03,test,Checking or savings account,Opening an account,Checking or savings account,Opening an account,0.6914609501419827,0.34993484296980926,4
10671052,2024-11-03,test,Checking or savings account,Managing an account,Checking or savings account,Managing an account,0.884762841200483,0.6585073727784577,0
10671091,2024-11-03,test,Checking or savings account,Managing an account,Credit card,Other issue,0.6083574950780729,0.44880728824805644,4
10671337,2024-11-03,test,"Money transfer, virtual currency, or money service",Fraud or scam,"Money transfer, virtual currency, or money service",Other issue,0.4487870463619843,0.3315580948968618,3
10671347,2024-11-03,test,Credit card,Fees or interest,Credit card,Fees or interest,0.7679631529428463,0.2623790399339942,0
10686458,2024-11-03,test,Credit card,Fees or interest,Checking or savings account,Other issue,0.663621053444329,0.306170531387259,3
10667128,2024-11-04,test,Credit card,Problem with a purchase shown on your statement,Credit card,Problem with a purchase shown on your statement,0.47913826387411745,0.5969273489590602,5
10674597,2024-11-04,test,"Money transfer, virtual currency, or money service",Fraud or scam,Checking or savings account,Managing an account,0.5481506780746433,0.43291835567721204,0
10675423,2024-11-04,test,Checking or savings account,Opening an account,Credit card,Problem with a purchase shown on your statement,0.916991722852589,0.24071304538177665,4
10675972,2024-11-04,test,Checking or savings account,Opening an account,Checking or savings account,Managing an account,0.9310833642313596,0.3789524389366465,6
10676086,2024-11-04,test,Checking or savings account,Closing an account,Checking or savings account,Closing an account,0.8869987091478423,0.632733071040068,0
10681589,2024-11-04,test,Checking or savings account,Managing an account,Checking or savings account,Managing an account,0.8092989042880995,0.6400487604443403,0
10681681,2024-11-04,test,Credit card,Problem with a purchase shown on your statement,Credit card,Other issue,0.671552361765325,0.319120631566994,2
10682137,2024-11-04,test,Checking or savings account,Managing an account,Checking or savings account,Managing an account,0.8101739737656757,0.49992372873660473,0
10682159,2024-11-04,test,Credit card,Problem when making payments,Credit card,Other issue,0.7844336780872618,0.3423304011027103,4
10682202,2024-11-04,test,"Money transfer, virtual currency, or money service",Fraud or scam,Credit card,Other issue,0.5386845837343888,0.42283376628068653,5
10682309,2024-11-04,test,Checking or savings account,Opening an account,Checking or savings account,Other issue,0.6556056470468035,0.29679532230296235,0
10682858,2024-11-04,test,Credit card,Closing your account,Credit card,Other issue,0.757976101669819,0.39859272489082825,4
10683637,2024-11-04,test,Credit card,"Other features, terms, or problems",Credit card,Other issue,0.8448200386247027,0.3965464037641566,6
10684000,2024-11-04,test,Credit card,Problem with a purchase shown on your statement,Credit card,Problem with a purchase shown on your statement,0.8300528270276867,0.5011468344532575,1
10684673,2024-11-04,test,Checking or savings account,Opening an account,Checking or savings account,Managing an account,0.879994524127557,0.4168837960256291,0
10684706,2024-11-04,test,Credit card,Closing your account,Credit card,Other issue,0.8787436391840779,0.41280513433774496,4
10685753,2024-11-04,test,Credit card,Getting a credit card,Credit card,Other issue,0.8145798525436885,0.32737675921980247,4
10685927,2024-11-04,test,Checking or savings account,Managing an account,Checking or savings account,Managing an account,0.8148008134697521,0.44949751962995926,0
10686062,2024-11-04,test,Checking or savings account,Managing an account,Checking or savings account,Managing an account,0.9282529138712978,0.6197263688314346,0
10686166,2024-11-04,test,Credit card,Closing your account,Checking or savings account,Managing an account,0.4601756827760175,0.3039831179715542,1
10686402,2024-11-04,test,Credit card,Closing your account,Credit card,Other issue,0.7657901797757437,0.4064732253886614,4
10673771,2024-11-05,test,Checking or savings account,Closing an account,Checking or savings account,Managing an account,0.9045984102212161,0.45992901648105405,0
10674707,2024-11-05,test,Credit card,Incorrect information on your report,Credit card,Other issue,0.8444903033336876,0.31152405105547676,4
10674722,2024-11-05,test,Credit card,Trouble using your card,Checking or savings account,Managing an account,0.8685033618382489,0.5715093396580546,0
10676318,2024-11-05,test,Credit card,Fees or interest,Credit card,Other issue,0.762481803405771,0.18583679904802516,0
10678057,2024-11-05,test,Credit card,Incorrect information on your report,Credit card,Getting a credit card,0.7623858715226675,0.27751555912933856,4
10678390,2024-11-05,test,Credit card,Incorrect information on your report,Credit card,Other issue,0.9644545509933409,0.8088300138156638,3
10679002,2024-11-05,test,Credit card,Incorrect information on your report,Credit card,Getting a credit card,0.8530648272258184,0.3108962552240893,4
10679053,2024-11-05,test,Credit card,Incorrect information on your report,Credit card,Getting a credit card,0.882768731725983,0.33033993095530817,4
10680100,2024-11-05,test,"Money transfer, virtual currency, or money service",Money was not available when promised,Checking or savings account,Managing an account,0.4369027420859954,0.37975405290499925,0
10680646,2024-11-05,test,Credit card,Problem with a purchase shown on your statement,Credit card,Problem with a purchase shown on your statement,0.7885814176260896,0.5051091772995423,2
10688585,2024-11-05,test,Credit card,Problem with a purchase shown on your statement,Credit card,Problem with a purchase shown on your statement,0.9223827549671527,0.6582641588738012,5
10688632,2024-11-05,test,Checking or savings account,Managing an account,Checking or savings account,Managing an account,0.9241089667114509,0.3955563714400934,0
10689624,2024-11-05,test,Credit card,Problem with a purchase shown on your statement,Credit card,Problem with a purchase shown on your statement,0.7671551999610979,0.4282099996571718,2
10691367,2024-11-05,test,Credit card,Closing your account,Credit card,Other issue,0.9457541143598938,0.34499876419726394,1
10693071,2024-11-05,test,Checking or savings account,Managing an account,Checking or savings account,Managing an account,0.7117806898963339,0.645142467960283,0
10693677,2024-11-05,test,"Money transfer, virtual currency, or money service",Fraud or scam,"Money transfer, virtual currency, or money service",Fraud or scam,0.8556019392310634,0.5634451135018117,5
10693796,2024-11-05,test,Checking or savings account,Closing an account,Checking or savings account,Closing an account,0.7170205236741749,0.28237132727960396,0
10695155,2024-11-05,test,Credit card,Fees or interest,Credit card,Other issue,0.5700125783717853,0.3285969268579243,3
10692023,2024-11-06,test,Credit card,Incorrect information on your report,Credit card,Getting a credit card,0.9774507675385055,0.5365801267719548,1
10698116,2024-11-06,test,Checking or savings account,Managing an account,Checking or savings account,Managing an account,0.7637174715635466,0.45699700785546005,6
10698241,2024-11-06,test,"Money transfer, virtual currency, or money service",Trouble accessing funds in your mobile or digital wallet,"Money transfer, virtual currency, or money service",Other issue,0.5401892636075374,0.43792520617944736,0
10699962,2024-11-06,test,Credit card,Closing your account,Credit card,Closing your account,0.9666120287924588,0.3124320496771826,3
10700399,2024-11-06,test,Checking or savings account,Problem with a company's investigation into an existing problem,Credit card,Other issue,0.7101472356665278,0.3650854373851271,4
10701229,2024-11-06,test,Credit card,Problem with a purchase shown on your statement,Credit card,Problem with a purchase shown on your statement,0.49067560604340665,0.46213156702968294,5
10709201,2024-11-06,test,Credit card,Getting a credit card,Credit card,Other issue,0.8054063711316939,0.31942899660758256,4
10711230,2024-11-06,test,Checking or savings account,Managing an account,Checking or savings account,Managing an account,0.9373080880562549,0.4491047388816718,0
10717556,2024-11-06,test,Credit card,Problem with a purchase shown on your statement,Checking or savings account,Managing an account,0.8452152937414598,0.665126809325459,0
10718229,2024-11-06,test,Credit card,Getting a credit card,Credit card,Other issue,0.8997290517622978,0.47816098244208893,4
10719372,2024-11-06,test,Checking or savings account,Problem with a lender or other company charging your account,Checking or savings account,Problem with a purchase shown on your statement,0.43842266076528263,0.21747704118995434,5
10720733,2024-11-06,test,Credit card,Problem with a purchase shown on your statement,Credit card,Problem with a purchase shown on your statement,0.9443854042425788,0.8291239425733713,1
10720946,2024-11-06,test,Checking or savings account,Managing an account,Checking or savings account,Managing an account,0.6748795710500045,0.2930504737130598,2
10720998,2024-11-06,test,Checking or savings account,Managing an account,Checking or savings account,Managing an account,0.9142394408976235,0.7470358174631212,0
10721214,2024-11-06,test,Credit card,Fees or interest,Credit card,Fees or interest,0.9919295490611532,0.47862484808523087,3
10721249,2024-11-06,test,Credit card,Problem with a purchase shown on your statement,Credit card,Problem with a purchase shown on your statement,0.714253930130446,0.2081795377133284,5
10721298,2024-11-06,test,Checking or savings account,Managing an account,Checking or savings account,Other issue,0.7783137988647665,0.31051661179430723,0
10721453,2024-11-06,test,Credit card,Problem when making payments,Credit card,Other issue,0.9397728236322574,0.2247428730904616,1
10701364,2024-11-07,test,Checking or savings account,Managing an account,Checking or savings account,Managing an account,0.8501594595818136,0.6670549710613524,5
10701630,2024-11-07,test,Checking or savings account,Opening an account,Credit card,Other issue,0.6727301325296783,0.2792766486851174,4
10701846,2024-11-07,test,Credit card,Problem with fraud alerts or security freezes,Credit card,Getting a credit card,0.7795717903352295,0.42551015253184393,4
10701869,2024-11-07,test,Checking or savings account,Managing an account,Checking or savings account,Managing an account,0.7682170037305617,0.352249729428484,1
10702381,2024-11-07,test,Credit card,Closing your account,Credit card,Other issue,0.9044421942343576,0.24728866973388802,3
10702783,2024-11-07,test,"Money transfer, virtual currency, or money service",Other service problem,Checking or savings account,Other issue,0.5009896273895237,0.3334811402839031,0
10704107,2024-11-07,test,"Money transfer, virtual currency, or money service",Problem with customer service,Checking or savings account,Managing an account,0.6360366123736642,0.3386234657246072,0
10704918,2024-11-07,test,Credit card,Problem with a purchase shown on your statement,Credit card,Other issue,0.5526657854723811,0.23977349420455846,1
10706338,2024-11-07,test,Checking or savings account,Managing an account,Checking or savings account,Managing an account,0.6883501030164335,0.2805793036737568,6
10708205,2024-11-07,test,"Money transfer, virtual currency, or money service",Other transaction problem,Checking or savings account,Other issue,0.5467270666658671,0.2644187797697328,0
10715749,2024-11-07,test,Checking or savings account,Problem caused by your funds being low,Checking or savings account,Other issue,0.5134398638952317,0.24214685996624988,5
10722876,2024-11-07,test,"Money transfer, virtual currency, or money service",Fraud or scam,"Money transfer, virtual currency, or money service",Other issue,0.5956314918951674,0.5071017128178575,0
10723939,2024-11-07,test,Credit card,Problem with a purchase shown on your statement,Credit card,Problem with a purchase shown on your statement,0.8720419049333475,0.6604805372774325,5
10725913,2024-11-07,test,Checking or savings account,Opening an account,Credit card,Other issue,0.7996200080242746,0.30491811970741,4
10722631,2024-11-08,test,Checking or savings account,Managing an account,Checking or savings account,Closing an account,0.8563158556284398,0.2323486413343394,0
10722971,2024-11-08,test,Checking or savings account,Managing an account,Checking or savings account,Managing an account,0.8386921698054111,0.5509582515345723,0
10724339,2024-11-08,test,Credit card,Fees or interest,Credit card,Fees or interest,0.8199417388468702,0.48552076411662415,3
10729411,2024-11-08,test,Credit card,Incorrect information on your report,Credit card,Other issue,0.8530127016900086,0.5023948688060365,4
10729688,2024-11-08,test,Checking or savings account,Problem caused by your funds being low,Checking or savings account,Other issue,0.7939332803346018,0.2760127042942993,3
10731719,2024-11-08,test,Credit card,Struggling to pay your bill,Credit card,Other issue,0.5623741095804391,0.2860308085805034,5
10732328,2024-11-08,test,Checking or savings account,Closing an account,Checking or savings account,Closing an account,0.9477442333991221,0.40667747065997806,0
10733928,2024-11-08,test,Checking or savings account,Managing an account,Checking or savings account,Problem with a purchase shown on your statement,0.44303822891470784,0.559126755747353,5
10735496,2024-11-08,test,"Money transfer, virtual currency, or money service",Other transaction problem,"Money transfer, virtual currency, or money service",Other issue,0.44525868198243856,0.2874260492859395,0
10735691,2024-11-08,test,Checking or savings account,Opening an account,Checking or savings account,Managing an account,0.8161440221141645,0.33361062335039965,0
10737155,2024-11-08,test,"Money transfer, virtual currency, or money service","Managing, opening, or closing your mobile wallet account",Checking or savings account,Other issue,0.6102215298372803,0.3308733823417593,0
10737634,2024-11-08,test,Checking or savings account,Problem with a lender or other company charging your account,Checking or savings account,Managing an account,0.8374493528226032,0.3909218235263113,3
10738217,2024-11-08,test,Checking or savings account,Managing an account,Checking or savings account,Managing an account,0.5703068912846324,0.35886293203176284,0
10741888,2024-11-09,test,Checking or savings account,Managing an account,Checking or savings account,Managing an account,0.9235003406605091,0.7123575098734638,0
10741906,2024-11-09,test,Credit card,Problem with a purchase shown on your statement,Credit card,Problem with a purchase shown on your statement,0.6889726254057188,0.7150592967004907,5
10742188,2024-11-09,test,Credit card,"Other features, terms, or problems",Credit card,Other issue,0.7048681121571747,0.36039654611906724,4
10742882,2024-11-09,test,Credit card,Problem with a purchase shown on your statement,Credit card,Problem with a purchase shown on your statement,0.8638603926841436,0.47303344665818053,4
10743346,2024-11-09,test,Checking or savings account,Managing an account,Checking or savings account,Managing an account,0.7063130711766739,0.36512424672108906,0
10743624,2024-11-09,test,Credit card,Problem with a purchase shown on your statement,Credit card,Problem with a purchase shown on your statement,0.6154353979464025,0.3849691570925189,5
10743838,2024-11-09,test,Credit card,Problem with a purchase shown on your statement,Credit card,Problem with a purchase shown on your statement,0.5315514978581619,0.4090446757824958,5
10744616,2024-11-09,test,Checking or savings account,Managing an account,Checking or savings account,Managing an account,0.5717818549118044,0.3108785679144265,5
10740837,2024-11-10,test,Credit card,Getting a credit card,Credit card,Getting a credit card,0.8726716599859584,0.361652733455896,1
10748716,2024-11-10,test,Credit card,Fees or interest,Checking or savings account,Other issue,0.6369929724237596,0.3920815078464683,3
10749345,2024-11-10,test,"Money transfer, virtual currency, or money service",Trouble accessing funds in your mobile or digital wallet,Checking or savings account,Managing an account,0.6859255697336046,0.3966789419587737,0
10749346,2024-11-10,test,Credit card,Closing your account,Credit card,Other issue,0.8620879961177234,0.2723409224644788,1
10750063,2024-11-10,test,Credit card,Getting a credit card,Credit card,Managing an account,0.5582523129788232,0.2137634422489041,0
10746742,2024-11-11,test,Checking or savings account,Problem caused by your funds being low,Checking or savings account,Other issue,0.5305583947558107,0.28445589514988506,3
10754924,2024-11-11,test,Checking or savings account,Managing an account,Checking or savings account,Managing an account,0.9063935482739853,0.6554152489734316,2
10755733,2024-11-11,test,Checking or savings account,Closing an account,Checking or savings account,Managing an account,0.7757776110887422,0.5122733324063798,0
10755990,2024-11-11,test,Credit card,Closing your account,Credit card,Other issue,0.9458433855027424,0.3518142105115902,3
10757237,2024-11-11,test,Checking or savings account,Managing an account,Checking or savings account,Managing an account,0.6735207167619548,0.3283596970634934,0
10757389,2024-11-11,test,Credit card,Fees or interest,Credit card,"Other features, terms, or problems",0.9373626300719647,0.26676497185721376,1
10758442,2024-11-11,test,"Money transfer, virtual currency, or money service",Unauthorized transactions or other transaction problem,Checking or savings account,Other issue,0.5271165533887336,0.4718209222267626,1
10758715,2024-11-11,test,Checking or savings account,Managing an account,"Money transfer, virtual currency, or money service",Other issue,0.5029496385135352,0.3321285758755984,5
10759669,2024-11-11,test,Credit card,"Other features, terms, or problems",Credit card,Problem with a purchase shown on your statement,0.74999970208181,0.3087082747491804,5
10759803,2024-11-11,test,Credit card,Trouble using your card,Credit card,Problem with a purchase shown on your statement,0.8158995368181665,0.19216871972059363,1
10760091,2024-11-11,test,Credit card,Trouble using your card,Credit card,Other issue,0.9481492092672487,0.42214178218015613,1
10761874,2024-11-11,test,Checking or savings account,Opening an account,Checking or savings account,Managing an account,0.7373587381998423,0.1992424545516032,0
10762915,2024-11-11,test,Credit card,Problem with a purchase shown on your statement,Credit card,Managing an account,0.4422153057622755,0.2334676020680429,5
10762972,2024-11-11,test,Checking or savings account,Problem caused by your funds being low,Credit card,Other issue,0.5711398276118709,0.3712323180595966,3
10752274,2024-11-12,test,Checking or savings account,Problem with a lender or other company charging your account,Checking or savings account,Problem with a purchase shown on your statement,0.4977005467020479,0.20497658879740568,2
10752747,2024-11-12,test,Credit card,"Other features, terms, or problems",Credit card,Fees or interest,0.9077441485023539,0.3312570421302918,1
10766800,2024-11-12,test,Credit card,"Advertising and marketing, including promotional offers",Credit card,Other issue,0.8858803841852138,0.36979846279427014,5
10768126,2024-11-12,test,Checking or savings account,Problem with a lender or other company charging your account,Checking or savings account,Managing an account,0.6566475053877323,0.21774296269059507,6
10768197,2024-11-12,test,Checking or savings account,Managing an account,Checking or savings account,Managing an account,0.8333087232788627,0.3477058843048047,0
10768783,2024-11-12,test,Credit card,Problem with a purchase shown on your statement,Credit card,Problem with a purchase shown on your statement,0.784663608493858,0.6489594464365713,5
10769264,2024-11-12,test,Credit card,Problem with a purchase shown on your statement,Checking or savings account,Problem with a purchase shown on your statement,0.5922832985479407,0.33506541131300155,5
10770268,2024-11-12,test,"Money transfer, virtual currency, or money service",Fraud or scam,Checking or savings account,Managing an account,0.5517264685740537,0.23460068227053876,5
10771278,2024-11-12,test,Checking or savings account,Managing an account,Checking or savings account,Managing an account,0.5971203515913074,0.3226623062600951,0
10771369,2024-11-12,test,Checking or savings account,Closing an account,Checking or savings account,Managing an account,0.9453531447319328,0.5036278690474776,7
10772594,2024-11-12,test,Credit card,Fees or interest,Credit card,Other issue,0.8715766006255978,0.5827165599243385,3
10774260,2024-11-12,test,Checking or savings account,Problem with a lender or other company charging your account,Checking or savings account,Managing an account,0.6674811996838108,0.47468831608272277,0
10774590,2024-11-12,test,Checking or savings account,Managing an account,Checking or savings account,Managing an account,0.6999649493393835,0.31887010346338424,0
10774674,2024-11-12,test,"Money transfer, virtual currency, or money service",Other transaction problem,"Money transfer, virtual currency, or money service",Other issue,0.5786422757502296,0.3615898585193036,0
10774750,2024-11-12,test,"Money transfer, virtual currency, or money service",Problem with customer service,Checking or savings account,Managing an account,0.8530971779410931,0.6280638842938291,0
10775105,2024-11-12,test,Credit card,Problem with a purchase shown on your statement,Credit card,Problem with a purchase shown on your statement,0.7742538168141399,0.23743752731072165,1
10777687,2024-11-12,test,Credit card,Getting a credit card,Credit card,Getting a credit card,0.8721453745673815,0.49090679688098254,4
10764922,2024-11-13,test,Checking or savings account,Managing an account,Checking or savings account,Managing an account,0.6484469595715593,0.37860984052373753,6
10765258,2024-11-13,test,"Money transfer, virtual currency, or money service",Other transaction problem,Checking or savings account,Managing an account,0.5898746225616026,0.41144229754263784,0
10765302,2024-11-13,test,Checking or savings account,Problem caused by your funds being low,Checking or savings account,Other issue,0.8353812858165139,0.35363127281942053,0
10766422,2024-11-13,test,Credit card,Fees or interest,Credit card,Other issue,0.7839208392292903,0.3496308993943828,6
10766477,2024-11-13,test,Checking or savings account,Problem caused by your funds being low,Credit card,Other issue,0.641379073194813,0.21879678202649006,4
10778054,2024-11-13,test,Credit card,"Other features, terms, or problems","Money transfer, virtual currency, or money service",Other issue,0.4521247299953876,0.36486813651537836,0
10780201,2024-11-13,test,Credit card,Problem when making payments,Credit card,Other issue,0.6295671431915938,0.28061034818687586,3
10780470,2024-11-13,test,Credit card,Problem with a purchase shown on your statement,Credit card,Problem with a purchase shown on your statement,0.6692437149844348,0.38718471363627344,5
10780501,2024-11-13,test,Checking or savings account,Managing an account,Checking or savings account,Managing an account,0.623962039254334,0.3595606613910128,0
10781366,2024-11-13,test,Checking or savings account,Managing an account,Credit card,Problem with a purchase shown on your statement,0.5436372297530482,0.4045067408038553,5
10781545,2024-11-13,test,Checking or savings account,Managing an account,Checking or savings account,Managing an account,0.7756017007926759,0.4541190031215708,0
10782935,2024-11-13,test,"Money transfer, virtual currency, or money service",Other service problem,Checking or savings account,Managing an account,0.8162048607560222,0.532253100506076,0
10783463,2024-11-13,test,Checking or savings account,Problem caused by your funds being low,Checking or savings account,Other issue,0.7115006035055108,0.4273790879779594,5
10783788,2024-11-13,test,Checking or savings account,Managing an account,Checking or savings account,Managing an account,0.8791138057870401,0.7647830891267436,0
10786512,2024-11-13,test,Credit card,Incorrect information on your report,Credit card,Other issue,0.8731687501261394,0.43987603852069174,4
10786618,2024-11-13,test,Credit card,Problem with a purchase shown on your statement,Credit card,Other issue,0.37003099550805413,0.46079155790191667,1
10786907,2024-11-13,test,Credit card,Problem with a purchase shown on your statement,Credit card,Problem with a purchase shown on your statement,0.8132564934692125,0.4463079363177563,6
10789184,2024-11-13,test,Credit card,Problem with a purchase shown on your statement,Credit card,Other issue,0.8804253263559965,0.45261524018767435,4
10789539,2024-11-13,test,Checking or savings account,Problem caused by your funds being low,Credit card,Other issue,0.5678215327639979,0.5232985869295012,3
10790430,2024-11-13,test,"Money transfer, virtual currency, or money service",Fraud or scam,Checking or savings account,Managing an account,0.6702271442977239,0.3830987675038764,0
10791364,2024-11-13,test,Checking or savings account,Managing an account,Checking or savings account,Managing an account,0.6056608011672259,0.29618370403249655,0
10778554,2024-11-14,test,Checking or savings account,Problem caused by your funds being low,Checking or savings account,Other issue,0.7629652187714396,0.6539754721397135,3
10778680,2024-11-14,test,Credit card,Incorrect information on your report,Credit card,Getting a credit card,0.8176858139645238,0.3317176585828078,4
10778833,2024-11-14,test,Credit card,Improper use of your report,Credit card,Getting a credit card,0.9343852352970051,0.3960850784580514,4
10779001,2024-11-14,test,"Money transfer, virtual currency, or money service",Fraud or scam,"Money transfer, virtual currency, or money service",Other issue,0.5789788900498448,0.5302924488297034,5
10779044,2024-11-14,test,Credit card,Incorrect information on your report,Credit card,Getting a credit card,0.7737733475312232,0.3249815806810898,6
10779572,2024-11-14,test,"Money transfer, virtual currency, or money service",Other transaction problem,Checking or savings account,Other issue,0.37184324023694204,0.519962044837225,0
10779594,2024-11-14,test,"Money transfer, virtual currency, or money service",Trouble accessing funds in your mobile or digital wallet,Checking or savings account,Managing an account,0.8336012799181566,0.38313404307130633,0
10780071,2024-11-14,test,"Money transfer, virtual currency, or money service",Money was not available when promised,Checking or savings account,Managing an account,0.8192754794655004,0.2961195814784726,6
10793744,2024-11-14,test,Checking or savings account,Managing an account,Checking or savings account,Managing an account,0.8981923626485115,0.6288396643684768,0
10793945,2024-11-14,test,"Money transfer, virtual currency, or money service",Fraud or scam,Checking or savings account,Managing an account,0.591873301449459,0.35574815362582146,2
10794810,2024-11-14,test,Checking or savings account,Opening an account,Checking or savings account,Other issue,0.599350947011045,0.22576052284546835,4
10795619,2024-11-14,test,Checking or savings account,Opening an account,Checking or savings account,Managing an account,0.6127157784289556,0.2194812092261293,4
10795714,2024-11-14,test,Credit card,Getting a credit card,Credit card,Other issue,0.7451468168008271,0.24061960694925677,1
10795727,2024-11-14,test,Credit card,Closing your account,Checking or savings account,Managing an account,0.4896854036403458,0.21327067920363402,2
10797905,2024-11-14,test,Credit card,Fees or interest,Credit card,Other issue,0.9435097544108466,0.35321320899311376,3
10797954,2024-11-14,test,Checking or savings account,Opening an account,Checking or savings account,Other issue,0.5302871287220478,0.2849410611325294,4
10802291,2024-11-14,test,Checking or savings account,Managing an account,Checking or savings account,Managing an account,0.7513083648207967,0.6838655215290089,1
10802470,2024-11-14,test,Checking or savings account,Managing an account,Checking or savings account,Managing an account,0.7918104849001518,0.5487927510529003,5
10803380,2024-11-14,test,Credit card,Trouble using your card,Credit card,Managing an account,0.5404219119878414,0.2155404291503381,4
10803529,2024-11-14,test,"Money transfer, virtual currency, or money service",Trouble accessing funds in your mobile or digital wallet,Checking or savings account,Managing an account,0.6474163574440267,0.31993930440819623,0
10803883,2024-11-14,test,Checking or savings account,Problem caused by your funds being low,Checking or savings account,Other issue,0.4698333711748352,0.3187136676220176,3
10804108,2024-11-14,test,Checking or savings account,Managing an account,Checking or savings account,Other issue,0.5398765437662106,0.33148062725135424,1
10818894,2024-11-14,test,Checking or savings account,Managing an account,Credit card,Problem with a purchase shown on your statement,0.5690488806595237,0.4075078689762113,5
10804414,2024-11-15,test,Credit card,Getting a credit card,Credit card,Getting a credit card,0.9004992428170647,0.6806427296053504,4
10804602,2024-11-15,test,Credit card,"Other features, terms, or problems",Credit card,Other issue,0.6463629707710895,0.24801112194427113,2
10805004,2024-11-15,test,Credit card,Problem with a purchase shown on your statement,Credit card,Problem with a purchase shown on your statement,0.839408378071075,0.48932893497522373,5
10805767,2024-11-15,test,"Money transfer, virtual currency, or money service",Fraud or scam,"Money transfer, virtual currency, or money service",Other issue,0.37681691377840565,0.254413216648892,5
10805789,2024-11-15,test,"Money transfer, virtual currency, or money service",Fraud or scam,"Money transfer, virtual currency, or money service",Other issue,0.3674824581129156,0.2916200216585571,5
10808125,2024-11-15,test,Credit card,Problem with a purchase shown on your statement,Credit card,Problem with a purchase shown on your statement,0.9379932489902008,0.3752328378982313,1
10808466,2024-11-15,test,Credit card,"Advertising and marketing, including promotional offers",Credit card,Other issue,0.9389245532515705,0.38106238513934326,1
10808682,2024-11-15,test,Checking or savings account,Managing an account,Checking or savings account,Managing an account,0.5895076023382636,0.39815336504878684,5
10808935,2024-11-15,test,Checking or savings account,Closing an account,Checking or savings account,Managing an account,0.6835733710243427,0.48466380774965107,0
10809550,2024-11-15,test,Checking or savings account,Managing an account,Checking or savings account,Managing an account,0.5471946578527754,0.3610905006119295,0
10810582,2024-11-15,test,Credit card,Closing your account,Credit card,Other issue,0.526986833447497,0.21393371269092232,0
10810972,2024-11-15,test,Credit card,Problem with a purchase shown on your statement,Credit card,Problem with a purchase shown on your statement,0.9025119776475178,0.5201723323012942,1
10811484,2024-11-15,test,Credit card,Fees or interest,Credit card,Other issue,0.9332747086464502,0.28246230191806543,1
10812937,2024-11-15,test,Checking or savings account,Managing an account,Checking or savings account,Managing an account,0.8887588353741184,0.6266931120953568,0
10813082,2024-11-15,test,Credit card,Getting a credit card,Credit card,Getting a credit card,0.9112912976600612,0.717807580777293,4
10813332,2024-11-15,test,Credit card,Problem with a purchase shown on your statement,Credit card,Problem with a purchase shown on your statement,0.7698501749944705,0.7322346409638737,5
10814205,2024-11-15,test,Credit card,"Other features, terms, or problems",Credit card,Other issue,0.9648475656540247,0.3518500742286777,4
10815160,2024-11-15,test,Checking or savings account,Managing an account,Checking or savings account,Managing an account,0.9199413160214851,0.6276275613576161,2
10815533,2024-11-15,test,Checking or savings account,Managing an account,Checking or savings account,Managing an account,0.7038332514913532,0.47038454807990526,0
10815699,2024-11-15,test,Credit card,Problem with a purchase shown on your statement,Credit card,Other issue,0.5830019021099067,0.2964860400352245,3
10816931,2024-11-15,test,Checking or savings account,Managing an account,Checking or savings account,Managing an account,0.7599909455435134,0.5823110042550705,0
10818027,2024-11-15,test,Credit card,Problem with a purchase shown on your statement,Credit card,Problem with a purchase shown on your statement,0.8386157387078842,0.6937346969360394,5
10840652,2024-11-15,test,Checking or savings account,Closing an account,Checking or savings account,Managing an account,0.8446026520055404,0.4507372165788872,0
10806973,2024-11-16,test,Credit card,Problem with a purchase shown on your statement,Credit card,Other issue,0.7493410404013712,0.1705906200868827,4
10808587,2024-11-16,test,"Money transfer, virtual currency, or money service",Problem with customer service,"Money transfer, virtual currency, or money service",Managing an account,0.40969563281735055,0.320825369268681,0
10819882,2024-11-16,test,Checking or savings account,Managing an account,Checking or savings account,Managing an account,0.5616314787793689,0.3788580374755407,1
10819963,2024-11-16,test,Credit card,Getting a credit card,Checking or savings account,Getting a credit card,0.489779991386953,0.24893485912789973,7
10820244,2024-11-16,test,Credit card,Getting a credit card,Checking or savings account,Managing an account,0.516796655212639,0.2672029824097424,2
10820420,2024-11-16,test,Checking or savings account,Managing an account,Checking or savings account,Managing an account,0.5185089020684167,0.2840103765050971,2
10820727,2024-11-16,test,Credit card,"Other features, terms, or problems",Credit card,"Other features, terms, or problems",0.9431868293357323,0.26034132356092576,1
10820956,2024-11-16,test,Credit card,Problem with a purchase shown on your statement,Credit card,Problem with a purchase shown on your statement,0.7390958556038492,0.3678110625891653,5
10821142,2024-11-16,test,Checking or savings account,Managing an account,Checking or savings account,Managing an account,0.7486090871746532,0.6273686730971054,0
10821593,2024-11-16,test,Credit card,Getting a credit card,Credit card,Getting a credit card,0.606559414297333,0.3988102935857724,0
10821657,2024-11-16,test,Checking or savings account,Managing an account,Checking or savings account,Managing an account,0.7372561250732786,0.45720169122642695,0
10821852,2024-11-16,test,Checking or savings account,Managing an account,Checking or savings account,Managing an account,0.6494859130988127,0.44848200681419476,0
10825462,2024-11-16,test,Credit card,Problem with a purchase shown on your statement,Credit card,Problem with a purchase shown on your statement,0.8601719258508759,0.5604473668551141,5
10824307,2024-11-17,test,Credit card,Getting a credit card,Credit card,Managing an account,0.5270524313409752,0.19253661591407045,5
10826525,2024-11-17,test,"Money transfer, virtual currency, or money service",Other transaction problem,Checking or savings account,Managing an account,0.4410805629628784,0.2698530649719059,5
10826856,2024-11-17,test,"Money transfer, virtual currency, or money service",Wrong amount charged or received,Checking or savings account,Managing an account,0.7904032633538832,0.4693490199480227,0
10826926,2024-11-17,test,Checking or savings account,Managing an account,Credit card,Problem with a purchase shown on your statement,0.5435587150557395,0.41485810144812707,7
10827068,2024-11-17,test,Checking or savings account,Managing an account,Checking or savings account,Managing an account,0.533630289079967,0.30967835468809674,5
10829129,2024-11-17,test,"Money transfer, virtual currency, or money service",Other transaction problem,Checking or savings account,Managing an account,0.6406800935748725,0.3624688061357385,0
10829186,2024-11-17,test,Checking or savings account,Managing an account,Checking or savings account,Managing an account,0.7306406559450749,0.28967293816541334,7
10831958,2024-11-17,test,"Money transfer, virtual currency, or money service",Money was not available when promised,Checking or savings account,Managing an account,0.5915731845784603,0.3423268338511357,0
10832471,2024-11-17,test,Credit card,Fees or interest,Credit card,Fees or interest,0.9622841003662883,0.3583318434071871,1
10829149,2024-11-18,test,Credit card,Problem with a company's investigation into an existing problem,Credit card,Problem with a purchase shown on your statement,0.8465137698650832,0.3051992184832968,4
10830169,2024-11-18,test,Credit card,Getting a credit card,Credit card,Other issue,0.652438070415254,0.23747167477904935,4
10830283,2024-11-18,test,Credit card,Getting a credit card,Credit card,Other issue,0.7290304171791291,0.33652194555738846,4
10830395,2024-11-18,test,Credit card,Problem with a company's investigation into an existing problem,Credit card,Problem with a purchase shown on your statement,0.894035236585342,0.3247033392050469,4
10830542,2024-11-18,test,"Money transfer, virtual currency, or money service",Fraud or scam,Checking or savings account,Managing an account,0.6386050297195363,0.307393702256381,2
10830823,2024-11-18,test,Credit card,Problem with a company's investigation into an existing problem,Credit card,Problem with a purchase shown on your statement,0.7923518924959085,0.31198723792810434,4
10831806,2024-11-18,test,Credit card,Problem with a purchase shown on your statement,Checking or savings account,Managing an account,0.558567782249997,0.37136047382793025,5
10833741,2024-11-18,test,Credit card,"Other features, terms, or problems",Checking or savings account,Other issue,0.7060265041128955,0.36979763626380496,0
10872152,2024-11-18,test,Credit card,"Other features, terms, or problems",Credit card,Managing an account,0.4837724259210886,0.2570926354635749,4
10872474,2024-11-18,test,"Money transfer, virtual currency, or money service",Other transaction problem,Credit card,Other issue,0.4069565331534467,0.5109462049478442,0
10872524,2024-11-18,test,Checking or savings account,Managing an account,Checking or savings account,Managing an account,0.8324614115802391,0.5027086625127185,2
10875816,2024-11-18,test,"Money transfer, virtual currency, or money service",Other transaction problem,Checking or savings account,Managing an account,0.5531231262286207,0.33313336752659717,6
10879442,2024-11-18,test,Credit card,Problem with a company's investigation into an existing problem,Credit card,Problem with a purchase shown on your statement,0.8546949638992064,0.2736798717052452,4
10836068,2024-11-19,test,Credit card,Problem with a purchase shown on your statement,Credit card,Problem with a purchase shown on your statement,0.8160827851327611,0.299375921126068,1
10837820,2024-11-19,test,Checking or savings account,Managing an account,Credit card,Problem with a purchase shown on your statement,0.632498847504786,0.4263134008066014,5
10838160,2024-11-19,test,"Money transfer, virtual currency, or money service",Fraud or scam,Checking or savings account,Managing an account,0.8509615333814674,0.5395643125681483,0
10838747,2024-11-19,test,Credit card,Problem with a purchase shown on your statement,Credit card,Problem with a purchase shown on your statement,0.6598022346755518,0.3704018381327409,5
10838988,2024-11-19,test,Checking or savings account,Closing an account,Checking or savings account,Managing an account,0.8785530019177424,0.35189794535099284,0
10839155,2024-11-19,test,Credit card,"Advertising and marketing, including promotional offers",Credit card,Other issue,0.9879592462437697,0.43353250288309375,1
10840037,2024-11-19,test,Checking or savings account,Managing an account,Credit card,Fees or interest,0.6462030437113206,0.25451546092860405,0
10840109,2024-11-19,test,Checking or savings account,Managing an account,Checking or savings account,Other issue,0.4853427046930003,0.31040771891149616,4
10846768,2024-11-19,test,Checking or savings account,Managing an account,Checking or savings account,Managing an account,0.7633939386201668,0.26222319088233,1
10847606,2024-11-19,test,Checking or savings account,Closing an account,Checking or savings account,Managing an account,0.8402589078783411,0.3810589487766029,0
10848001,2024-11-19,test,Checking or savings account,Managing an account,Checking or savings account,Other issue,0.4558166588456884,0.23096980300426753,1
10848544,2024-11-19,test,Checking or savings account,Problem caused by your funds being low,Checking or savings account,Managing an account,0.9172932384065513,0.31862926686726634,3
10848872,2024-11-19,test,Credit card,Problem with a purchase shown on your statement,Credit card,Problem with a purchase shown on your statement,0.8907838976623358,0.740125170868256,5
10849091,2024-11-19,test,Credit card,Fees or interest,Credit card,Fees or interest,0.9619533358870337,0.5445290217661228,3
10849245,2024-11-19,test,"Money transfer, virtual currency, or money service",Fraud or scam,Checking or savings account,Managing an account,0.7771626614028018,0.47233416253218713,0
10854512,2024-11-19,test,Credit card,Problem with a purchase shown on your statement,Credit card,Other issue,0.8649013685218453,0.30952754793764864,1
10856685,2024-11-19,test,Credit card,Fees or interest,Credit card,Other issue,0.8476201876634633,0.26445497184189465,4
10862387,2024-11-19,test,Credit card,Problem with a purchase shown on your statement,Credit card,Other issue,0.7780345578853439,0.5400583041897357,3
10869793,2024-11-19,test,Checking or savings account,Managing an account,Checking or savings account,Managing an account,0.5949030951172269,0.3523593856440103,0
10870411,2024-11-19,test,Credit card,Closing your account,Credit card,Other issue,0.8382167181065244,0.2633067374641211,3
10872237,2024-11-19,test,Credit card,Closing your account,Checking or savings account,Managing an account,0.6566642738642325,0.3946401671120383,0
10878212,2024-11-19,test,"Money transfer, virtual currency, or money service",Other transaction problem,Checking or savings account,Other issue,0.46479959039413643,0.32100335758958826,0
10879289,2024-11-19,test,Credit card,"Other features, terms, or problems",Credit card,Getting a credit card,0.8085023024577435,0.255627575575503,4
10838132,2024-11-20,test,Checking or savings account,Managing an account,Checking or savings account,Managing an account,0.44844326932614326,0.27987343524617825,7
10846904,2024-11-20,test,Checking or savings account,Problem with a lender or other company charging your account,Credit card,Managing an account,0.47446708377665187,0.2922132133718524,1
10847130,2024-11-20,test,Checking or savings account,Opening an account,Checking or savings account,Managing an account,0.5981509234076945,0.28832994542158885,0
10855373,2024-11-20,test,"Money transfer, virtual currency, or money service",Other service problem,Checking or savings account,Managing an account,0.7200457320534467,0.42695858026471806,0
10855445,2024-11-20,test,Checking or savings account,Managing an account,Checking or savings account,Managing an account,0.9152204486616999,0.6672702170497121,0
10855834,2024-11-20,test,Credit card,Problem with a purchase shown on your statement,Credit card,Problem with a purchase shown on your statement,0.7019791423839127,0.35983573463947344,5
10856645,2024-11-20,test,Checking or savings account,Managing an account,Checking or savings account,Managing an account,0.5388352487309738,0.35234776602306217,2
10858149,2024-11-20,test,Checking or savings account,Closing an account,Checking or savings account,Managing an account,0.8612538115992503,0.5795761586361444,0
10859887,2024-11-20,test,Checking or savings account,Closing an account,Credit card,Other issue,0.4983619058758643,0.2690720725995773,0
10873752,2024-11-20,test,Credit card,Problem with a purchase shown on your statement,Credit card,Problem with a purchase shown on your statement,0.8839521161772299,0.5010379049492198,5
10875644,2024-11-20,test,Checking or savings account,Problem caused by your funds being low,Checking or savings account,Other issue,0.5745331808161884,0.5222445608539973,7
10876272,2024-11-20,test,Credit card,Fees or interest,Credit card,Other issue,0.9479630818116244,0.5806544916600204,3
10876814,2024-11-20,test,Credit card,Fees or interest,Credit card,Fees or interest,0.940219467280609,0.34998331342857164,3
10851704,2024-11-21,test,Credit card,Problem with a purchase shown on your statement,Credit card,Other issue,0.8027401360465956,0.2370171144888767,1
10851755,2024-11-21,test,Checking or savings account,Closing an account,Checking or savings account,Managing an account,0.8330232923413636,0.44260148805638194,0
10863381,2024-11-21,test,"Money transfer, virtual currency, or money service",Money was not available when promised,Checking or savings account,Managing an account,0.5637906445922872,0.46445642068392423,0
10879520,2024-11-21,test,Checking or savings account,Managing an account,Checking or savings account,Managing an account,0.7015869155986165,0.3300259064524394,0
10879827,2024-11-21,test,Checking or savings account,Managing an account,Credit card,Other issue,0.5231256867770075,0.30381137268547453,5
10884255,2024-11-21,test,Credit card,Credit monitoring or identity theft protection services,Credit card,Other issue,0.8483974350394609,0.3081138774634431,4
10884835,2024-11-21,test,Credit card,Getting a credit card,Credit card,Other issue,0.7928077807410253,0.27630139999496667,4
10885806,2024-11-21,test,Credit card,"Other features, terms, or problems",Credit card,Other issue,0.9055306201736562,0.23050320232526322,1
10885881,2024-11-21,test,"Money transfer, virtual currency, or money service","Managing, opening, or closing your mobile wallet account",Credit card,Other issue,0.6625357271402044,0.409145174249715,5
10887026,2024-11-21,test,Checking or savings account,Opening an account,Checking or savings account,Closing an account,0.7005639738572841,0.20629420794778466,2
10890257,2024-11-21,test,Credit card,Problem with a purchase shown on your statement,Credit card,Problem with a purchase shown on your statement,0.6912848350329422,0.47173374243890603,5
10892592,2024-11-21,test,Credit card,Fees or interest,Credit card,Fees or interest,0.9817085860762869,0.3773322817732625,1
10882713,2024-11-22,test,"Money transfer, virtual currency, or money service",Other transaction problem,Checking or savings account,Managing an account,0.5289186906952409,0.3423094830376174,0
10884299,2024-11-22,test,Checking or savings account,Problem with a lender or other company charging your account,Credit card,Other issue,0.4600543629598255,0.33902282746575946,3
10885028,2024-11-22,test,Credit card,Closing your account,Credit card,Closing an account,0.6730269434132597,0.201484025317047,1
10890899,2024-11-22,test,Checking or savings account,Problem caused by your funds being low,Checking or savings account,Managing an account,0.7906589768290976,0.36588128031447525,2
10895477,2024-11-22,test,Credit card,Fees or interest,Credit card,Fees or interest,0.8201622010808406,0.3989118898553648,3
10895894,2024-11-22,test,Credit card,"Other features, terms, or problems",Credit card,Other issue,0.913530207030027,0.3231364127526982,4
10895913,2024-11-22,test,Credit card,Closing your account,Credit card,Closing an account,0.674946494853085,0.2224371432857469,3
10896912,2024-11-22,test,Credit card,Problem with a purchase shown on your statement,Checking or savings account,Managing an account,0.71994843702356,0.49425780786775414,5
10899197,2024-11-22,test,Checking or savings account,Managing an account,Checking or savings account,Managing an account,0.7484529939466736,0.4775667913717142,5
10899643,2024-11-22,test,"Money transfer, virtual currency, or money service",Fraud or scam,Checking or savings account,Managing an account,0.47720154544684856,0.2621176477310177,5
10900262,2024-11-22,test,Checking or savings account,Managing an account,Checking or savings account,Managing an account,0.7195102560014669,0.4331334307121794,0
10901825,2024-11-22,test,Checking or savings account,Managing an account,Checking or savings account,Managing an account,0.8274139764538216,0.42102282833702714,0
10901981,2024-11-22,test,Checking or savings account,Managing an account,Checking or savings account,Managing an account,0.9288057970389556,0.6801111916626227,0
10902356,2024-11-22,test,Credit card,Getting a credit card,Credit card,Other issue,0.8229238433216253,0.2750286542114509,1
10902424,2024-11-22,test,Checking or savings account,Managing an account,Checking or savings account,Managing an account,0.8583736145144788,0.6260443245360539,0
10895159,2024-11-23,test,"Money transfer, virtual currency, or money service",Other transaction problem,"Money transfer, virtual currency, or money service",Other issue,0.43537919011650134,0.5218180108898759,0
10904283,2024-11-23,test,Credit card,Getting a credit card,Credit card,Problem with a purchase shown on your statement,0.6970288717044011,0.20096922515140378,1
10909490,2024-11-23,test,Checking or savings account,Problem with a lender or other company charging your account,Checking or savings account,Managing an account,0.5330135558084682,0.30965760519688595,4
10909571,2024-11-23,test,Checking or savings account,Managing an account,Checking or savings account,Managing an account,0.6913775322036897,0.4102821900035528,2
10909649,2024-11-23,test,Credit card,Struggling to pay your bill,Credit card,Other issue,0.836488044918535,0.29905222916887503,3
10909730,2024-11-23,test,Checking or savings account,Managing an account,Checking or savings account,Managing an account,0.8990506084018283,0.6902730684528733,0
10910290,2024-11-23,test,Checking or savings account,Managing an account,Checking or savings account,Managing an account,0.7776663265992407,0.3173866361482044,6
10910688,2024-11-23,test,Credit card,"Other features, terms, or problems",Credit card,Other issue,0.4916272211415497,0.3049557224520479,4
10911074,2024-11-23,test,Checking or savings account,Opening an account,Checking or savings account,Closing an account,0.9031012246934634,0.29505735670063776,0
10905966,2024-11-24,test,Checking or savings account,Closing an account,Checking or savings account,Other issue,0.4797366417100872,0.23074013960392026,0
10906212,2024-11-24,test,Credit card,Problem with a purchase shown on your statement,Credit card,Problem with a purchase shown on your statement,0.9201928000715135,0.42816868078077525,5
10906240,2024-11-24,test,Credit card,Incorrect information on your report,Credit card,Other issue,0.8316906374870348,0.38289507534046513,4
10906779,2024-11-24,test,"Money transfer, virtual currency, or money service",Fraud or scam,"Money transfer, virtual currency, or money service",Other issue,0.40928035857488937,0.41243517727732903,5
10908271,2024-11-24,test,Checking or savings account,Closing an account,Checking or savings account,Closing an account,0.809248022299419,0.38448365885923097,0
10913026,2024-11-24,test,Credit card,Getting a credit card,Credit card,Other issue,0.8352064153802141,0.27640484033204865,4
10914980,2024-11-24,test,Credit card,"Other features, terms, or problems",Credit card,Problem with a purchase shown on your statement,0.95834752603636,0.2560606652019221,1
10915002,2024-11-24,test,Credit card,Fees or interest,Credit card,Other issue,0.7561352158663752,0.3359273545315675,7
10915163,2024-11-24,test,Checking or savings account,Managing an account,Checking or savings account,Problem with a purchase shown on your statement,0.5278891368821604,0.27936655179418124,5
10915325,2024-11-24,test,Checking or savings account,Managing an account,Checking or savings account,Other issue,0.5117006730224736,0.30331291815865313,3
10904882,2024-11-25,test,Checking or savings account,Closing an account,Checking or savings account,Closing an account,0.9603711737041252,0.4227596098943326,2
10916440,2024-11-25,test,Credit card,Problem with a purchase shown on your statement,Credit card,Problem with a purchase shown on your statement,0.5795056071509582,0.4529487517034745,5
10917287,2024-11-25,test,Credit card,Problem with a purchase shown on your statement,Credit card,Problem with a purchase shown on your statement,0.6889728084481644,0.34674476802644105,6
10917725,2024-11-25,test,Checking or savings account,Closing an account,Checking or savings account,Closing an account,0.6155959819524687,0.2339352712047101,0
10918084,2024-11-25,test,"Money transfer, virtual currency, or money service",Unauthorized transactions or other transaction problem,Checking or savings account,Managing an account,0.7565392095409034,0.5793593701776265,0
10918519,2024-11-25,test,Checking or savings account,Managing an account,Checking or savings account,Managing an account,0.7384478304014176,0.4782835638703328,0
10919744,2024-11-25,test,"Money transfer, virtual currency, or money service",Problem with customer service,"Money transfer, virtual currency, or money service",Other issue,0.43228042544690565,0.37591691123375376,0
10920052,2024-11-25,test,Checking or savings account,Closing an account,Checking or savings account,Managing an account,0.7602139885529946,0.24497892845026933,0
10920815,2024-11-25,test,"Money transfer, virtual currency, or money service",Fraud or scam,Checking or savings account,Managing an account,0.4376832924408236,0.21903096298925903,2
10921152,2024-11-25,test,Checking or savings account,Managing an account,Checking or savings account,Managing an account,0.6098865477041221,0.4580096191202603,0
10923208,2024-11-25,test,Credit card,Fees or interest,Credit card,Fees or interest,0.9479012591835011,0.23743448941690354,1
10923391,2024-11-25,test,Credit card,Improper use of your report,Credit card,Other issue,0.8918528067291029,0.40657235405043024,4
10923393,2024-11-25,test,"Money transfer, virtual currency, or money service",Problem with customer service,Checking or savings account,Managing an account,0.9172086476024844,0.6639354605388624,0
10923801,2024-11-25,test,Credit card,Incorrect information on your report,Credit card,Getting a credit card,0.981175129998101,0.23949053777536447,4
10924049,2024-11-25,test,Credit card,Problem with a purchase shown on your statement,Credit card,Other issue,0.6216424799106164,0.296366347702703,5
10924200,2024-11-25,test,"Money transfer, virtual currency, or money service",Money was not available when promised,Checking or savings account,Managing an account,0.637322857159972,0.2707776804074397,5
10924647,2024-11-25,test,Checking or savings account,Managing an account,Checking or savings account,Managing an account,0.7049423025970007,0.37263501295809753,0
10924956,2024-11-25,test,Checking or savings account,Closing an account,Checking or savings account,Closing an account,0.8597403986400601,0.41407260979476174,0
10925683,2024-11-25,test,Credit card,Problem with a purchase shown on your statement,Checking or savings account,Other issue,0.49832838031273724,0.3635563107085926,0
10925710,2024-11-25,test,Credit card,Problem with a purchase shown on your statement,Credit card,Other issue,0.8049536491114602,0.45164328097032214,3
10925881,2024-11-25,test,Credit card,Problem with a purchase shown on your statement,Credit card,Problem with a purchase shown on your statement,0.5036948443785018,0.3376100671181465,5
10925948,2024-11-25,test,Checking or savings account,Opening an account,Checking or savings account,Managing an account,0.8349092195739795,0.2698764078048445,7
10926840,2024-11-25,test,"Money transfer, virtual currency, or money service",Fraud or scam,"Money transfer, virtual currency, or money service",Other issue,0.5027753489322675,0.3751944337471605,5
10926842,2024-11-25,test,Checking or savings account,Managing an account,Checking or savings account,Managing an account,0.8298093668212501,0.5693771188971796,0
10930096,2024-11-25,test,"Money transfer, virtual currency, or money service",Unauthorized transactions or other transaction problem,Checking or savings account,Managing an account,0.5974731011657967,0.27039411548931047,5
10930267,2024-11-25,test,Checking or savings account,Closing an account,Checking or savings account,Managing an account,0.8917715342758905,0.6549876676369708,6
10919321,2024-11-26,test,Credit card,Problem with a purchase shown on your statement,Credit card,Problem with a purchase shown on your statement,0.9055212969313878,0.7265879551756149,5
10919676,2024-11-26,test,Checking or savings account,Closing an account,Checking or savings account,Managing an account,0.768367578152165,0.490965856602035,0
10921929,2024-11-26,test,Credit card,Incorrect information on your report,Credit card,Getting a credit card,0.8961442365518918,0.36753450057522863,4
10924761,2024-11-26,test,Checking or savings account,Problem caused by your funds being low,Checking or savings account,Other issue,0.759665223813439,0.2969008412192098,6
10924767,2024-11-26,test,Credit card,Struggling to pay your bill,Credit card,Other issue,0.8962869921696002,0.3890446245943878,1
10924931,2024-11-26,test,Credit card,Fees or interest,Credit card,Fees or interest,0.9507024641829699,0.4129269276242344,1
10925205,2024-11-26,test,Credit card,Getting a credit card,Credit card,Other issue,0.9180962723717468,0.4130826380605799,4
10925613,2024-11-26,test,Credit card,Problem with a purchase shown on your statement,Credit card,Problem with a purchase shown on your statement,0.7860705937993486,0.2773798254809443,6
10932988,2024-11-26,test,Checking or savings account,Managing an account,Checking or savings account,Managing an account,0.8066033192923611,0.6414304348011586,0
10933021,2024-11-26,test,Credit card,Problem when making payments,Credit card,Fees or interest,0.97920897174521,0.5128038996601829,1
10933099,2024-11-26,test,Credit card,"Other features, terms, or problems",Credit card,Problem with a purchase shown on your statement,0.8569840818146948,0.3042558068332775,1
10933167,2024-11-26,test,Checking or savings account,Problem caused by your funds being low,Credit card,Other issue,0.48905219851858334,0.36288148685023774,4
10933254,2024-11-26,test,Credit card,Closing your account,Credit card,Other issue,0.9447244263838617,0.2336637625782043,1
10933359,2024-11-26,test,Checking or savings account,Managing an account,Checking or savings account,Managing an account,0.8097725525217311,0.3746398970577919,0
10933749,2024-11-26,test,Credit card,Problem with a purchase shown on your statement,Credit card,Problem with a purchase shown on your statement,0.7897839793099438,0.523538003931318,5
10934962,2024-11-26,test,Credit card,Problem with a purchase shown on your statement,Credit card,Problem with a purchase shown on your statement,0.7931790477437153,0.45192221618098416,5
10935515,2024-11-26,test,Checking or savings account,Managing an account,Checking or savings account,Managing an account,0.9260440158935593,0.6347534996254355,0
10935666,2024-11-26,test,Credit card,"Other features, terms, or problems",Credit card,Other issue,0.5922520981352357,0.19362201405767507,1
10936347,2024-11-26,test,Credit card,Problem with a purchase shown on your statement,Credit card,Other issue,0.40187115915100313,0.36649105961526934,5
10936928,2024-11-26,test,Credit card,Problem with a purchase shown on your statement,Credit card,Problem with a purchase shown on your statement,0.877127072437887,0.4578566893759693,1
10937527,2024-11-26,test,Credit card,Fees or interest,Credit card,Fees or interest,0.9187546969343641,0.35593570626477444,3
10937819,2024-11-26,test,Checking or savings account,Problem with a lender or other company charging your account,Checking or savings account,Managing an account,0.7850111129874886,0.3485372077545782,6
10937845,2024-11-26,test,Credit card,Problem with a purchase shown on your statement,Credit card,Problem with a purchase shown on your statement,0.6029138459655587,0.5358010510503626,6
10938026,2024-11-26,test,Credit card,Problem with a purchase shown on your statement,Credit card,Problem with a purchase shown on your statement,0.8182962089670193,0.3969718244821869,2
10938669,2024-11-26,test,Checking or savings account,Problem caused by your funds being low,Checking or savings account,Other issue,0.7220238650680844,0.34188279747515854,3
10941833,2024-11-26,test,Checking or savings account,Managing an account,Checking or savings account,Managing an account,0.9449560341381805,0.6853665525006671,0
10943038,2024-11-26,test,"Money transfer, virtual currency, or money service",Fraud or scam,"Money transfer, virtual currency, or money service",Other issue,0.38471619083990016,0.3751109895134886,4
10943950,2024-11-26,test,Checking or savings account,Problem with a lender or other company charging your account,Credit card,Other issue,0.576267501797585,0.357699584754721,3
11095145,2024-11-26,test,"Money transfer, virtual currency, or money service",Confusing or missing disclosures,Credit card,Managing an account,0.4479415582350201,0.30788855839497187,4
10939956,2024-11-27,test,Checking or savings account,Managing an account,Checking or savings account,Managing an account,0.6994038906866752,0.3742259388885122,2
10944673,2024-11-27,test,Credit card,Problem with a purchase shown on your statement,Credit card,Problem with a purchase shown on your statement,0.8510853522411054,0.3908927528960812,1
10948135,2024-11-27,test,Credit card,"Advertising and marketing, including promotional offers",Credit card,Getting a credit card,0.982381812828164,0.18010900241356914,1
10949466,2024-11-27,test,Credit card,Fees or interest,Credit card,Other issue,0.7681473628634675,0.2292064332429217,4
10950458,2024-11-27,test,Credit card,Closing your account,Credit card,Getting a credit card,0.8267417717604664,0.26317636110896453,4
10950693,2024-11-27,test,"Money transfer, virtual currency, or money service",Confusing or missing disclosures,Checking or savings account,Managing an account,0.4479852182623521,0.3875164284946331,0
10951443,2024-11-27,test,"Money transfer, virtual currency, or money service",Other transaction problem,"Money transfer, virtual currency, or money service",Other issue,0.5115566531006621,0.3612275021318716,0
10951949,2024-11-27,test,"Money transfer, virtual currency, or money service",Unauthorized transactions or other transaction problem,Checking or savings account,Managing an account,0.503236440504093,0.28982400004824826,5
10952566,2024-11-27,test,Credit card,Problem with a purchase shown on your statement,Credit card,Problem with a purchase shown on your statement,0.9802595497681478,0.37873401806066703,3
10952731,2024-11-27,test,Credit card,Problem with a purchase shown on your statement,Credit card,Problem with a purchase shown on your statement,0.7431610106985403,0.2971965909026095,1
10952915,2024-11-27,test,Checking or savings account,Managing an account,Checking or savings account,Managing an account,0.9197816568221812,0.6698182883222168,0
10953390,2024-11-27,test,Checking or savings account,Managing an account,Checking or savings account,Other issue,0.4961339953339074,0.341432824962227,0
10953883,2024-11-27,test,"Money transfer, virtual currency, or money service",Fraud or scam,Checking or savings account,Managing an account,0.6192308427176259,0.4848536442039109,2
10957679,2024-11-27,test,Checking or savings account,Opening an account,Checking or savings account,Managing an account,0.7442586083198055,0.4180111820165987,0
10960806,2024-11-27,test,Credit card,"Advertising and marketing, including promotional offers",Credit card,Other issue,0.8780502186542126,0.3113774733728454,1
10963215,2024-11-27,test,Credit card,"Other features, terms, or problems",Checking or savings account,Problem with a purchase shown on your statement,0.48681706410762693,0.1829744647770261,1
10958743,2024-11-28,test,Checking or savings account,Managing an account,Checking or savings account,Managing an account,0.7236307864625341,0.5703744336499722,5
10958894,2024-11-28,test,"Money transfer, virtual currency, or money service",Other service problem,Checking or savings account,Other issue,0.6318614411168464,0.35204642139794157,0
10959006,2024-11-28,test,Credit card,Fees or interest,Credit card,Other issue,0.8558670842957323,0.21558883118778693,4
10959826,2024-11-28,test,Credit card,"Advertising and marketing, including promotional offers",Checking or savings account,Managing an account,0.4651181950463043,0.2943138836917991,6
10960626,2024-11-28,test,Credit card,Getting a credit card,Credit card,Other issue,0.8748308972203171,0.3461625018434869,4
10960631,2024-11-28,test,Checking or savings account,Closing an account,Checking or savings account,Closing an account,0.8073846135848517,0.3244313704935702,0
10960991,2024-11-28,test,Checking or savings account,Managing an account,Checking or savings account,Managing an account,0.6953959328362952,0.656556064012433,4
10962172,2024-11-28,test,Credit card,Problem with a purchase shown on your statement,Checking or savings account,Other issue,0.5033156981314009,0.24448798357731982,6
10964000,2024-11-28,test,"Money transfer, virtual currency, or money service",Money was not available when promised,Checking or savings account,Other issue,0.702857380711738,0.27820878221026557,7
10964570,2024-11-28,test,Credit card,Closing your account,Credit card,Other issue,0.9432294248624835,0.4101685776464235,4
10966565,2024-11-28,test,Credit card,"Other features, terms, or problems",Credit card,Other issue,0.919660946733323,0.43969864586563884,4
10966577,2024-11-28,test,Credit card,Problem when making payments,Credit card,Other issue,0.830669235528762,0.30667339935271476,1
10966642,2024-11-28,test,Credit card,Problem with a purchase shown on your statement,Credit card,Problem with a purchase shown on your statement,0.9669239627680352,0.6587922004579176,1
10966698,2024-11-28,test,Credit card,Trouble using your card,Credit card,Other issue,0.7102238678825913,0.23418311364688324,1
10957307,2024-11-29,test,Credit card,Problem with a purchase shown on your statement,Credit card,Problem with a purchase shown on your statement,0.8096685133857657,0.48134759209104355,5
10968092,2024-11-29,test,Checking or savings account,Managing an account,Checking or savings account,Managing an account,0.7833851385756779,0.46103670871034913,0
10969945,2024-11-29,test,Credit card,Trouble using your card,Credit card,Other issue,0.8869431007348509,0.5039101077890802,7
10970698,2024-11-29,test,Credit card,"Other features, terms, or problems",Credit card,Managing an account,0.6193569870141588,0.251311123846691,1
10974706,2024-11-29,test,Credit card,"Advertising and marketing, including promotional offers",Credit card,Other issue,0.8874562514684627,0.24841436851646026,1
10977084,2024-11-29,test,Credit card,Getting a credit card,Credit card,Getting a credit card,0.5090553968414079,0.22321781505234914,0
10977161,2024-11-29,test,Credit card,Problem with a purchase shown on your statement,Credit card,Other issue,0.8571540662062893,0.4323331876413129,1
10974374,2024-11-30,test,Checking or savings account,Managing an account,Checking or savings account,Problem with a lender or other company charging your account,0.6355970763945122,0.23553855948537628,7
10978116,2024-11-30,test,Checking or savings account,Managing an account,Checking or savings account,Managing an account,0.70033304414562,0.4844483297727173,5
10979241,2024-11-30,test,Credit card,Problem with a company's investigation into an existing problem,Credit card,Other issue,0.6760350530276913,0.4554213894302204,4
10979444,2024-11-30,test,Credit card,Incorrect information on your report,Credit card,Other issue,0.719804729448237,0.2749210554507167,4
10980027,2024-11-30,test,Credit card,Getting a credit card,Credit card,Other issue,0.8817387034530251,0.5000215316391977,3
10980424,2024-11-30,test,Checking or savings account,Managing an account,Checking or savings account,Managing an account,0.6089161451886987,0.3082767142215194,5
10980426,2024-11-30,test,Credit card,Fees or interest,Credit card,Fees or interest,0.8890831730184482,0.4230089208139657,3
10980489,2024-11-30,test,"Money transfer, virtual currency, or money service",Confusing or missing disclosures,Checking or savings account,Managing an account,0.6429069536209451,0.3602090745923251,0
10980505,2024-11-30,test,Checking or savings account,Managing an account,Checking or savings account,Managing an account,0.8318886990269119,0.3740869260163719,6
10981102,2024-11-30,test,Credit card,Problem with a company's investigation into an existing problem,Credit card,Other issue,0.6713759882941608,0.4438584622328023,4
10993451,2024-11-30,test,Credit card,Closing your account,Credit card,Problem with a purchase shown on your statement,0.8597671898457395,0.22404918547182287,2
10977788,2024-12-01,test,"Money transfer, virtual currency, or money service",Unauthorized transactions or other transaction problem,Credit card,Other issue,0.36647792655073197,0.2313392769648833,5
10983900,2024-12-01,test,Credit card,Closing your account,Credit card,Other issue,0.8395916381604726,0.524910980646546,4
10984916,2024-12-01,test,Credit card,Problem with a purchase shown on your statement,Credit card,Problem with a purchase shown on your statement,0.6968854196371089,0.5615753371267573,5
10986757,2024-12-01,test,Credit card,Closing your account,Credit card,Problem with a purchase shown on your statement,0.7773773152973608,0.18708654911397016,4
10987262,2024-12-01,test,Credit card,Problem with a purchase shown on your statement,Credit card,Problem with a purchase shown on your statement,0.7474385699954701,0.2572031440145316,5
10987396,2024-12-01,test,Checking or savings account,Closing an account,Credit card,Other issue,0.5727286931159471,0.2762942728648228,4
10987510,2024-12-01,test,Credit card,Problem with a purchase shown on your statement,Credit card,Other issue,0.8530489365183015,0.3042248710908089,5
10987761,2024-12-01,test,Credit card,Problem with a purchase shown on your statement,Checking or savings account,Managing an account,0.5504613654238371,0.34489432443482015,5
10988147,2024-12-01,test,Checking or savings account,Closing an account,Checking or savings account,Managing an account,0.7825594129868751,0.30579256006438427,0
10988575,2024-12-01,test,Credit card,Problem with a purchase shown on your statement,Credit card,Problem with a purchase shown on your statement,0.8484545407431601,0.4787579424806525,5
10988595,2024-12-01,test,Checking or savings account,Problem caused by your funds being low,Checking or savings account,Managing an account,0.8093395212218322,0.38886563450835876,2
10988700,2024-12-02,test,Credit card,Trouble using your card,Credit card,Other issue,0.8538973192772543,0.18194003987681845,1
10989451,2024-12-02,test,"Money transfer, virtual currency, or money service",Fraud or scam,"Money transfer, virtual currency, or money service",Other issue,0.59451163430212,0.29159235431825425,5
10990345,2024-12-02,test,"Money transfer, virtual currency, or money service",Fraud or scam,Checking or savings account,Managing an account,0.5034059141699807,0.22340618800317613,5
10994049,2024-12-02,test,Checking or savings account,Closing an account,Checking or savings account,Closing an account,0.7918526434830918,0.34722553724952776,2
10995095,2024-12-02,test,Checking or savings account,Managing an account,Checking or savings account,Managing an account,0.8641254860788629,0.5294830595782054,0
10995166,2024-12-02,test,"Money transfer, virtual currency, or money service",Unauthorized transactions or other transaction problem,Checking or savings account,Other issue,0.3742639169680656,0.5689357614524009,5
10995197,2024-12-02,test,"Money transfer, virtual currency, or money service",Problem with customer service,"Money transfer, virtual currency, or money service",Other issue,0.4246313615741292,0.421289871876446,0
10996732,2024-12-02,test,Checking or savings account,Opening an account,Checking or savings account,Managing an account,0.7677820468008946,0.26900807533264903,0
10996778,2024-12-02,test,Credit card,Problem with a purchase shown on your statement,Credit card,Problem with a purchase shown on your statement,0.7792962183713991,0.6883235366349246,5
10998917,2024-12-02,test,"Money transfer, virtual currency, or money service",Other transaction problem,"Money transfer, virtual currency, or money service",Other issue,0.4401955840592975,0.3167312867873194,0
10998955,2024-12-02,test,Checking or savings account,Managing an account,Checking or savings account,Managing an account,0.75784305123304,0.2936751631292559,0
10999316,2024-12-02,test,Checking or savings account,Managing an account,Checking or savings account,Managing an account,0.6777929730727746,0.3678124616927225,6
11001910,2024-12-02,test,Credit card,Fees or interest,Credit card,Other issue,0.9009615285737907,0.3863891301764679,3
10989134,2024-12-03,test,Checking or savings account,Managing an account,Checking or savings account,Managing an account,0.9186355606934284,0.7045433894650286,0
10991214,2024-12-03,test,Checking or savings account,Managing an account,Checking or savings account,Managing an account,0.797905792141404,0.3785060894552891,7
10998216,2024-12-03,test,Checking or savings account,Opening an account,Checking or savings account,Managing an account,0.7973878347850203,0.49823907377937415,0
11004221,2024-12-03,test,"Money transfer, virtual currency, or money service",Money was not available when promised,Credit card,Other issue,0.6197538302689665,0.38138891190680746,5
11006041,2024-12-03,test,Credit card,Problem with a purchase shown on your statement,Credit card,Problem with a purchase shown on your statement,0.6262023036364228,0.4102483544618821,5
11006874,2024-12-03,test,"Money transfer, virtual currency, or money service",Other transaction problem,Checking or savings account,Managing an account,0.7313372358923316,0.33809529577548314,0
11006948,2024-12-03,test,Checking or savings account,Managing an account,Checking or savings account,Closing an account,0.6852288467619252,0.3665248691969845,0
11007207,2024-12-03,test,"Money transfer, virtual currency, or money service",Money was not available when promised,"Money transfer, virtual currency, or money service",Other issue,0.47914124323435975,0.3382956719357119,0
11008219,2024-12-03,test,Credit card,Problem with a purchase shown on your statement,Credit card,Other issue,0.8084656955050903,0.3927071066618577,4
11008364,2024-12-03,test,Credit card,Getting a credit card,Credit card,Other issue,0.7871726942090694,0.4594311340737503,4
11008415,2024-12-03,test,Checking or savings account,Managing an account,Checking or savings account,Managing an account,0.7144697222870834,0.38843387457489514,0
11011780,2024-12-03,test,Credit card,Problem with a purchase shown on your statement,Credit card,Problem with a purchase shown on your statement,0.8576134728531265,0.4580304353408797,5
11011850,2024-12-03,test,Checking or savings account,Problem with a company's investigation into an existing problem,Credit card,Other issue,0.6906287134655786,0.36520678173893,3
11012881,2024-12-03,test,Credit card,Problem with a purchase shown on your statement,Credit card,Problem with a purchase shown on your statement,0.8737492407356605,0.6621336643290147,5
11014128,2024-12-03,test,Checking or savings account,Closing an account,Checking or savings account,Managing an account,0.8102894969158648,0.32555078385898123,0
11016508,2024-12-03,test,Credit card,"Other features, terms, or problems",Credit card,Problem with a purchase shown on your statement,0.529643442454384,0.20347275182229912,5
11016615,2024-12-03,test,Credit card,"Other features, terms, or problems",Credit card,Other issue,0.8212536478134745,0.49989506467377864,3
11004025,2024-12-04,test,Checking or savings account,Managing an account,Checking or savings account,Managing an account,0.7986847926016234,0.3644677301766517,0
11004439,2024-12-04,test,Credit card,Problem with a purchase shown on your statement,Credit card,Problem with a purchase shown on your statement,0.9645151696363772,0.7034446560507033,1
11005027,2024-12-04,test,Checking or savings account,Managing an account,Checking or savings account,Managing an account,0.8904487709235809,0.7670849553316208,0
11005115,2024-12-04,test,Checking or savings account,Managing an account,Checking or savings account,Managing an account,0.7052733745629657,0.4407840146451121,4
11010715,2024-12-04,test,Credit card,"Other features, terms, or problems",Credit card,"Other features, terms, or problems",0.8463438810178644,0.315639510957514,2
11019150,2024-12-04,test,Credit card,Problem with a purchase shown on your statement,Checking or savings account,Managing an account,0.8875039030563681,0.5121563178835388,5
11021283,2024-12-04,test,Checking or savings account,Managing an account,Checking or savings account,Managing an account,0.9189023817601906,0.5329467102550475,0
11023447,2024-12-04,test,Credit card,Problem with a purchase shown on your statement,Credit card,Problem with a purchase shown on your statement,0.7817139824526786,0.46143262834213034,5
11024133,2024-12-04,test,"Money transfer, virtual currency, or money service",Fraud or scam,"Money transfer, virtual currency, or money service",Other issue,0.48969592295647846,0.4498222556898942,3
11024299,2024-12-04,test,Checking or savings account,Problem caused by your funds being low,Checking or savings account,Managing an account,0.9393740937777316,0.47792206258762626,5
11025915,2024-12-04,test,Credit card,Trouble using your card,Credit card,Other issue,0.8474980152287367,0.41903301260314074,4
11027589,2024-12-04,test,Credit card,Closing your account,Credit card,Other issue,0.8558060054118067,0.31410038221488507,1
11029206,2024-12-04,test,Credit card,Problem with a purchase shown on your statement,Credit card,Problem with a purchase shown on your statement,0.8945824000670427,0.24268593865278185,1
11030221,2024-12-04,test,Checking or savings account,Managing an account,Checking or savings account,Managing an account,0.7121625906782185,0.2824007353005391,0
11031520,2024-12-04,test,Checking or savings account,Managing an account,Checking or savings account,Managing an account,0.4856347686974437,0.27106351090338443,5
11031784,2024-12-04,test,Checking or savings account,Closing an account,Checking or savings account,Managing an account,0.6216908171920331,0.2656339826777192,0
11033133,2024-12-04,test,Checking or savings account,Managing an account,Checking or savings account,Managing an account,0.6432177221548873,0.3774113067595559,5
11033824,2024-12-04,test,Checking or savings account,Closing an account,Checking or savings account,Managing an account,0.819567271362949,0.565915811223555,0
11027382,2024-12-05,test,Checking or savings account,Managing an account,Checking or savings account,Managing an account,0.8237484986247204,0.577441635553426,2
11027736,2024-12-05,test,Credit card,"Other features, terms, or problems",Credit card,Other issue,0.7092564593357125,0.27681755599846014,3
11032217,2024-12-05,test,Checking or savings account,Managing an account,"Money transfer, virtual currency, or money service",Other issue,0.643571317179514,0.6273861514070187,0
11037880,2024-12-05,test,Credit card,Problem with a purchase shown on your statement,Credit card,Problem with a purchase shown on your statement,0.9378943218060586,0.6225979472973711,1
11039035,2024-12-05,test,"Money transfer, virtual currency, or money service",Fraud or scam,"Money transfer, virtual currency, or money service",Other issue,0.6666336211057207,0.33587654929135974,5
11039134,2024-12-05,test,Credit card,"Other features, terms, or problems",Credit card,Other issue,0.8998400683544721,0.23742528364443544,1
11042921,2024-12-05,test,Checking or savings account,Managing an account,Credit card,Other issue,0.44736217517353827,0.41545034855205215,1
11043317,2024-12-05,test,Credit card,Closing your account,Credit card,Other issue,0.937496273311339,0.31852985087782976,1
11043436,2024-12-05,test,Checking or savings account,Problem caused by your funds being low,Credit card,Other issue,0.6022640250061695,0.24063531653051376,5
11044640,2024-12-05,test,"Money transfer, virtual currency, or money service",Other transaction problem,Checking or savings account,Other issue,0.4506326181510454,0.40758268621603916,7
11044749,2024-12-05,test,Checking or savings account,Managing an account,Checking or savings account,Managing an account,0.9303247974350725,0.6375883504521738,5
11044999,2024-12-05,test,Checking or savings account,Managing an account,Checking or savings account,Managing an account,0.8532085978671997,0.6499927809213991,2
11045251,2024-12-05,test,Checking or savings account,Managing an account,Checking or savings account,Managing an account,0.8909441602248706,0.5723097371457755,0
11047265,2024-12-05,test,Credit card,Closing your account,Credit card,Other issue,0.8319804721162439,0.2297544738414676,2
11047266,2024-12-05,test,Checking or savings account,Managing an account,Checking or savings account,Managing an account,0.9396300670240583,0.6324333496833787,2
11047780,2024-12-05,test,Credit card,Trouble using your card,Credit card,Managing an account,0.5137229676464126,0.28521841937950015,2
11048463,2024-12-05,test,Credit card,Getting a credit card,Checking or savings account,Other issue,0.46477291536572996,0.22730816403858378,6
11037092,2024-12-06,test,Checking or savings account,Managing an account,Checking or savings account,Managing an account,0.7215484255237208,0.44813477477700764,2
11045785,2024-12-06,test,Checking or savings account,Managing an account,Checking or savings account,Managing an account,0.9007301971760647,0.5473796185882851,5
11046022,2024-12-06,test,Credit card,Problem with a purchase shown on your statement,Credit card,Other issue,0.4666571779509036,0.3847069828162981,5
11046125,2024-12-06,test,Checking or savings account,Problem caused by your funds being low,Checking or savings account,Managing an account,0.5642378160945919,0.3947574578928105,5
11046405,2024-12-06,test,Checking or savings account,Closing an account,Checking or savings account,Managing an account,0.879466472337756,0.4319069426739899,2
11046616,2024-12-06,test,Checking or savings account,Opening an account,Credit card,Getting a credit card,0.6953515618974432,0.2702833112673855,4
11050845,2024-12-06,test,Credit card,"Other features, terms, or problems",Checking or savings account,Managing an account,0.6546427213644197,0.2364581202010827,1
11051396,2024-12-06,test,"Money transfer, virtual currency, or money service",Fraud or scam,"Money transfer, virtual currency, or money service",Managing an account,0.5109574195868788,0.29515325945972726,5
11052337,2024-12-06,test,Checking or savings account,Managing an account,Checking or savings account,Managing an account,0.6940509852139725,0.3778893251518325,0
11055058,2024-12-06,test,Credit card,Problem when making payments,Credit card,Other issue,0.7905048961845819,0.4173705208912263,0
11055306,2024-12-06,test,Checking or savings account,Problem with a lender or other company charging your account,Credit card,Problem with a purchase shown on your statement,0.604095429784208,0.26034585350488226,5
11055331,2024-12-06,test,Credit card,Problem with a purchase shown on your statement,Credit card,Problem with a purchase shown on your statement,0.7957067390838158,0.46367328222839677,5
11056358,2024-12-06,test,Checking or savings account,Managing an account,Checking or savings account,Managing an account,0.5150210471441361,0.3041738406625305,0
11057068,2024-12-06,test,"Money transfer, virtual currency, or money service",Fraud or scam,Checking or savings account,Managing an account,0.519040773308511,0.3765214717332184,0
11057466,2024-12-06,test,Credit card,Fees or interest,Credit card,Other issue,0.9747996868793034,0.2642232645603047,1
11057831,2024-12-06,test,"Money transfer, virtual currency, or money service",Trouble accessing funds in your mobile or digital wallet,Credit card,Other issue,0.4627447401634972,0.6757802332698664,3
11059322,2024-12-06,test,"Money transfer, virtual currency, or money service",Fraud or scam,"Money transfer, virtual currency, or money service",Other issue,0.3512063761032767,0.3017070786551944,5
11059333,2024-12-06,test,"Money transfer, virtual currency, or money service",Unauthorized transactions or other transaction problem,"Money transfer, virtual currency, or money service",Other issue,0.5697625879154005,0.34585941377448665,0
11060355,2024-12-06,test,Credit card,Getting a credit card,Credit card,Other issue,0.8684372021708219,0.32810450696393845,4
11049407,2024-12-07,test,Checking or savings account,Managing an account,Checking or savings account,Managing an account,0.877221737284902,0.5019311124188595,0
11049954,2024-12-07,test,Checking or savings account,Managing an account,Checking or savings account,Managing an account,0.8629801855503175,0.4706141529902426,2
11052961,2024-12-07,test,Checking or savings account,Closing an account,Checking or savings account,Managing an account,0.5535260029146027,0.2553951865368567,0
11053297,2024-12-07,test,"Money transfer, virtual currency, or money service",Other transaction problem,Checking or savings account,Managing an account,0.6862905763890931,0.547552483556284,0
11055150,2024-12-07,test,Credit card,Fees or interest,Credit card,Fees or interest,0.9932415909833627,0.7217188096388368,3
11066081,2024-12-07,test,Credit card,Problem with a purchase shown on your statement,Checking or savings account,Managing an account,0.8538430684954625,0.7554948582185275,5
11066325,2024-12-07,test,Credit card,Problem with a purchase shown on your statement,Credit card,Problem with a purchase shown on your statement,0.8989280747152472,0.44798184975518374,1
11066397,2024-12-07,test,Credit card,Problem with a company's investigation into an existing problem,Credit card,Other issue,0.8017797187715083,0.26439150279787954,4
11066686,2024-12-07,test,"Money transfer, virtual currency, or money service",Other service problem,"Money transfer, virtual currency, or money service",Managing an account,0.52143519152897,0.3852733758264891,0
11067423,2024-12-07,test,Checking or savings account,Problem with a lender or other company charging your account,Checking or savings account,Managing an account,0.6004818185711152,0.3373354654874995,4
11067673,2024-12-07,test,Credit card,Incorrect information on your report,Credit card,Other issue,0.8851415464862281,0.5110440701888082,4
11067762,2024-12-07,test,Checking or savings account,Problem with a lender or other company charging your account,Checking or savings account,Managing an account,0.8290642842622851,0.5004610620006653,5
11067904,2024-12-07,test,Checking or savings account,Managing an account,Checking or savings account,Managing an account,0.8410188365792447,0.4250527363379352,7
11068027,2024-12-07,test,Checking or savings account,Closing an account,Checking or savings account,Closing an account,0.8451557511683743,0.32734138529067097,0
11068101,2024-12-07,test,Checking or savings account,Managing an account,Checking or savings account,Other issue,0.5404029933126024,0.2846919143439223,4
11068202,2024-12-07,test,Checking or savings account,Problem with a lender or other company charging your account,Credit card,Other issue,0.5908578693666422,0.28320016781968793,5
11068257,2024-12-07,test,Checking or savings account,Closing an account,Checking or savings account,Closing an account,0.8863675512324382,0.37833502284696485,0
11069044,2024-12-07,test,Credit card,Problem with a purchase shown on your statement,Credit card,Problem with a purchase shown on your statement,0.7254204908855473,0.3857700056136385,5
11069150,2024-12-07,test,Credit card,Problem with a purchase shown on your statement,Credit card,Problem with a purchase shown on your statement,0.7825300226888857,0.2289272548416918,1
11069668,2024-12-07,test,Checking or savings account,Managing an account,Checking or savings account,Managing an account,0.9300383339599883,0.6693966472055412,0
11070022,2024-12-07,test,Credit card,Problem when making payments,Credit card,Other issue,0.8025783188998633,0.503855620647057,3
11065295,2024-12-08,test,"Money transfer, virtual currency, or money service",Other transaction problem,Checking or savings account,Managing an account,0.590483448633512,0.5066031161186259,0
11069192,2024-12-08,test,Checking or savings account,Opening an account,Checking or savings account,Managing an account,0.7697503683472229,0.3967812299091718,2
11071844,2024-12-08,test,Credit card,Problem with a purchase shown on your statement,Credit card,Problem with a purchase shown on your statement,0.8477511586964418,0.5423704698558046,6
11073013,2024-12-08,test,Credit card,Problem with a purchase shown on your statement,Credit card,Problem with a purchase shown on your statement,0.8823363399484695,0.600826228715356,5
11073056,2024-12-08,test,Checking or savings account,Closing an account,Checking or savings account,Managing an account,0.6973276841006937,0.23781785556909385,4
11074745,2024-12-08,test,Credit card,Problem with a purchase shown on your statement,Credit card,Problem with a purchase shown on your statement,0.8630772861198911,0.6221690823890933,5
11074779,2024-12-08,test,Checking or savings account,Opening an account,Checking or savings account,Managing an account,0.9176444778057942,0.5654939286397919,0
11075056,2024-12-08,test,Checking or savings account,Managing an account,"Money transfer, virtual currency, or money service",Other issue,0.5681759869758815,0.3681039022426062,6
11076573,2024-12-08,test,Credit card,Problem with a purchase shown on your statement,Credit card,Problem with a purchase shown on your statement,0.8184580247806027,0.48601250197730067,5
11076873,2024-12-08,test,Credit card,Trouble using your card,Credit card,Managing an account,0.5468042614894869,0.36794563852988943,1
11073172,2024-12-09,test,Credit card,Improper use of your report,Credit card,Other issue,0.5181160781211258,0.2839150779670986,5
11073786,2024-12-09,test,Checking or savings account,Managing an account,Checking or savings account,Managing an account,0.721740862439648,0.5149437278695185,0
11074023,2024-12-09,test,Credit card,Problem with a purchase shown on your statement,Checking or savings account,Managing an account,0.5083312589284589,0.2264110104428388,2
11076027,2024-12-09,test,Checking or savings account,Managing an account,Checking or savings account,Managing an account,0.9109267416233768,0.5335317688617938,0
11081070,2024-12-09,test,Credit card,Problem with a purchase shown on your statement,Credit card,Problem with a purchase shown on your statement,0.859005117285148,0.7469359661742417,2
11081564,2024-12-09,test,Checking or savings account,Managing an account,Checking or savings account,Managing an account,0.631252985576952,0.3944080689498572,3
11085491,2024-12-09,test,Credit card,Fees or interest,Credit card,Other issue,0.8719645234988657,0.35682253237083716,7
11085591,2024-12-09,test,Checking or savings account,Closing an account,Checking or savings account,Closing an account,0.879841962890611,0.5698977449099537,0
11087740,2024-12-09,test,"Money transfer, virtual currency, or money service",Confusing or missing disclosures,"Money transfer, virtual currency, or money service",Other issue,0.45602712856528066,0.40278576161518975,0
11087826,2024-12-09,test,Credit card,Trouble using your card,Credit card,Other issue,0.7551242681066535,0.17601484347254087,1
11089889,2024-12-09,test,Checking or savings account,Problem caused by your funds being low,Checking or savings account,Other issue,0.698874671840987,0.2949891268072772,2
11090009,2024-12-09,test,Credit card,Closing your account,Credit card,Other issue,0.9125201483023896,0.38466769833490333,3
11090362,2024-12-09,test,Credit card,Getting a credit card,Credit card,Getting a credit card,0.7879959558356785,0.33160717830180025,1
11091743,2024-12-09,test,Checking or savings account,Managing an account,Checking or savings account,Managing an account,0.921796377668217,0.6508751630574889,1
11077909,2024-12-10,test,Credit card,"Other features, terms, or problems",Credit card,Other issue,0.918091887411932,0.32901787083998185,1
11078540,2024-12-10,test,"Money transfer, virtual currency, or money service",Fraud or scam,Credit card,Other issue,0.6392195197089974,0.2090809574241513,5
11079717,2024-12-10,test,"Money transfer, virtual currency, or money service",Confusing or misleading advertising or marketing,Checking or savings account,Managing an account,0.7205041112446579,0.36798041759993894,0
11092609,2024-12-10,test,Credit card,"Advertising and marketing, including promotional offers",Credit card,Other issue,0.7505462494674489,0.27261796720228726,5
11093262,2024-12-10,test,Credit card,Closing your account,Credit card,Fees or interest,0.836465938321884,0.2927163277085878,0
11095373,2024-12-10,test,Credit card,Trouble using your card,Credit card,Other issue,0.6310870907081709,0.3840779716459951,1
11095524,2024-12-10,test,Credit card,"Other features, terms, or problems",Checking or savings account,Other issue,0.4633644675128578,0.26472193134066335,6
11095616,2024-12-10,test,Credit card,Trouble using your card,Credit card,Other issue,0.797308010785132,0.5054481580232396,4
11096244,2024-12-10,test,Credit card,Closing your account,Credit card,Fees or interest,0.8881052051818402,0.27750025537172296,4
11096974,2024-12-10,test,Credit card,Problem with a purchase shown on your statement,Checking or savings account,Other issue,0.42181388764484645,0.22617655603133988,2
11097145,2024-12-10,test,Checking or savings account,Closing an account,Checking or savings account,Other issue,0.39674284097202445,0.2915955650590491,5
11097148,2024-12-10,test,Checking or savings account,Managing an account,Checking or savings account,Problem with a purchase shown on your statement,0.47559215238222385,0.24248305952046967,5
11097195,2024-12-10,test,Credit card,Problem when making payments,Credit card,Other issue,0.958894525423232,0.39580582577396267,3
11097783,2024-12-10,test,Credit card,Problem with a purchase shown on your statement,Credit card,Other issue,0.7434029336845899,0.3334690401850719,4
11098180,2024-12-10,test,Credit card,Improper use of your report,Credit card,Other issue,0.948286789613557,0.2382032930124015,1
11100861,2024-12-10,test,Checking or savings account,Managing an account,Checking or savings account,Other issue,0.4792965077442592,0.28667664550747524,5
11101386,2024-12-10,test,Checking or savings account,Opening an account,Credit card,Getting a credit card,0.5727971012813162,0.334657611127849,4
11102534,2024-12-10,test,Checking or savings account,Closing an account,Checking or savings account,Managing an account,0.7460912195407936,0.4119870777651988,0
11104425,2024-12-10,test,Credit card,Fees or interest,Credit card,Other issue,0.6020202428889438,0.23004698881248622,6
11104469,2024-12-10,test,Checking or savings account,Problem with a lender or other company charging your account,Credit card,Other issue,0.5646229563936667,0.22573303723206026,5
11105590,2024-12-10,test,Checking or savings account,Problem with a lender or other company charging your account,Credit card,Problem with a purchase shown on your statement,0.4786951998607569,0.47732137631302096,2
11105806,2024-12-10,test,Checking or savings account,Managing an account,Checking or savings account,Managing an account,0.726505172290017,0.6436370341836483,0
11106108,2024-12-10,test,Checking or savings account,Problem with a lender or other company charging your account,Checking or savings account,Managing an account,0.8252242462949944,0.36915555085663954,5
11107023,2024-12-10,test,Credit card,Trouble using your card,Credit card,Other issue,0.8606887123438722,0.26230217412735407,4
11094687,2024-12-11,test,Credit card,"Other features, terms, or problems",Checking or savings account,Managing an account,0.7934006138184966,0.4080810049825176,0
11095814,2024-12-11,test,Credit card,Problem when making payments,Credit card,Other issue,0.6394155536384221,0.24409577485279757,3
11099305,2024-12-11,test,Credit card,Problem with a purchase shown on your statement,Credit card,Problem with a purchase shown on your statement,0.7463942923018299,0.5889988621139114,5
11106313,2024-12-11,test,"Money transfer, virtual currency, or money service",Fraud or scam,Checking or savings account,Other issue,0.4597312198069389,0.2642974255546001,5
11108743,2024-12-11,test,Checking or savings account,Managing an account,Checking or savings account,Managing an account,0.7259078516132159,0.41643527918562134,4
11110660,2024-12-11,test,Checking or savings account,Opening an account,Checking or savings account,Managing an account,0.6817323481680359,0.24935949621018216,0
11113765,2024-12-11,test,"Money transfer, virtual currency, or money service",Fraud or scam,Checking or savings account,Managing an account,0.5664752961663136,0.2639119822981937,2
11114396,2024-12-11,test,"Money transfer, virtual currency, or money service",Fraud or scam,Checking or savings account,Managing an account,0.5545230224237059,0.2956343003508817,0
11114404,2024-12-11,test,"Money transfer, virtual currency, or money service",Trouble accessing funds in your mobile or digital wallet,Checking or savings account,Other issue,0.5177969080429294,0.2983512220271363,0
11114555,2024-12-11,test,Checking or savings account,Opening an account,Checking or savings account,Managing an account,0.9287334296152054,0.42283143763119735,6
11114709,2024-12-11,test,Credit card,Closing your account,Credit card,Other issue,0.9203653884391123,0.26066740913768394,1
11116472,2024-12-11,test,Checking or savings account,Closing an account,Checking or savings account,Managing an account,0.911880368437461,0.37093630062251115,0
11116722,2024-12-11,test,Credit card,"Other features, terms, or problems",Credit card,Other issue,0.9176586232589781,0.27910534385383284,1
11117682,2024-12-11,test,"Money transfer, virtual currency, or money service",Unauthorized transactions or other transaction problem,Checking or savings account,Managing an account,0.5825763203858721,0.30462444707680947,0
11119011,2024-12-11,test,Credit card,Problem with a purchase shown on your statement,Credit card,Problem with a purchase shown on your statement,0.9479331866684462,0.6975993981446329,1
11120771,2024-12-11,test,Credit card,"Advertising and marketing, including promotional offers",Credit card,Fees or interest,0.8720109240832797,0.3539155490583627,3
11120958,2024-12-11,test,Credit card,Trouble using your card,Credit card,Managing an account,0.5014786497665649,0.3609543334951962,5
11121609,2024-12-11,test,Credit card,Closing your account,Credit card,Other issue,0.9086209879488485,0.17731994941087936,0
11121652,2024-12-11,test,Checking or savings account,Managing an account,Checking or savings account,Managing an account,0.7907144448086382,0.36739134798362494,0
11121853,2024-12-11,test,Credit card,Incorrect information on your report,Credit card,Other issue,0.9748382807337012,0.5829058836330415,3
11122741,2024-12-11,test,Checking or savings account,Managing an account,Checking or savings account,Managing an account,0.5620636708086908,0.374638985622128,2
11122940,2024-12-11,test,Checking or savings account,Managing an account,Checking or savings account,Managing an account,0.9040594517190388,0.6148027646947906,5
11122946,2024-12-11,test,Credit card,Problem with a purchase shown on your statement,Credit card,Problem with a purchase shown on your statement,0.7762831491943795,0.6075006778472921,5
11111690,2024-12-12,test,Credit card,Problem when making payments,Checking or savings account,Other issue,0.4492171277778821,0.32332727652295046,3
11122214,2024-12-12,test,Checking or savings account,Managing an account,Checking or savings account,Managing an account,0.7717589849016483,0.416829951773937,1
11127335,2024-12-12,test,Checking or savings account,Managing an account,Checking or savings account,Other issue,0.8139668717016599,0.22299302115708652,7
11127562,2024-12-12,test,Checking or savings account,Managing an account,Checking or savings account,Managing an account,0.9412649986722179,0.6453916801494054,2
11129630,2024-12-12,test,"Money transfer, virtual currency, or money service",Fraud or scam,Checking or savings account,Managing an account,0.7334895822320988,0.3761463013233,0
11130513,2024-12-12,test,Credit card,Problem with a purchase shown on your statement,Credit card,Problem with a purchase shown on your statement,0.8578012949107896,0.6583101662482229,5
11131663,2024-12-12,test,"Money transfer, virtual currency, or money service",Other service problem,Checking or savings account,Managing an account,0.622592290067816,0.4479252813054154,0
11131943,2024-12-12,test,Credit card,Getting a credit card,Credit card,Other issue,0.5589682473170461,0.18561731541767656,4
11136660,2024-12-12,test,Checking or savings account,Problem with a lender or other company charging your account,Checking or savings account,Managing an account,0.863551806296801,0.4567099953493147,0
11136746,2024-12-12,test,Checking or savings account,Closing an account,Checking or savings account,Managing an account,0.8580064144864018,0.5789070430839031,2
11136863,2024-12-12,test,"Money transfer, virtual currency, or money service",Unauthorized transactions or other transaction problem,Credit card,Problem with a purchase shown on your statement,0.48938395701339465,0.43286054703706855,5
11137998,2024-12-12,test,Checking or savings account,Opening an account,Checking or savings account,Managing an account,0.8189082139973555,0.4510223249489556,6
11138157,2024-12-12,test,Credit card,Problem with a purchase shown on your statement,Credit card,Problem with a purchase shown on your statement,0.7040770066496435,0.37624486250303196,5
11123471,2024-12-13,test,Credit card,Incorrect information on your report,Credit card,Other issue,0.7038087992258596,0.34906584924581163,4
11123511,2024-12-13,test,Credit card,Incorrect information on your report,Credit card,Other issue,0.8468603756728241,0.36511292576978227,4
11123667,2024-12-13,test,Credit card,Incorrect information on your report,Credit card,Other issue,0.7805782370232679,0.3880212455315138,4
11126039,2024-12-13,test,Checking or savings account,Closing an account,Checking or savings account,Other issue,0.4728058326767393,0.2907643836512172,0
11126269,2024-12-13,test,Checking or savings account,Managing an account,Checking or savings account,Managing an account,0.5660421037624328,0.35210079007206296,2
11128382,2024-12-13,test,"Money transfer, virtual currency, or money service",Problem with customer service,Checking or savings account,Other issue,0.6184238086555339,0.2943053827341978,6
11128383,2024-12-13,test,Credit card,Fees or interest,Credit card,Other issue,0.6769539888459704,0.27663156012401696,3
11128745,2024-12-13,test,Checking or savings account,Opening an account,Checking or savings account,Managing an account,0.8882131661838745,0.31878412208865675,0
11139702,2024-12-13,test,Checking or savings account,Problem with a lender or other company charging your account,Checking or savings account,Other issue,0.3977367317604087,0.30484457824979205,5
11142582,2024-12-13,test,Checking or savings account,Managing an account,Checking or savings account,Managing an account,0.47181088033367313,0.3383773138545437,0
11142654,2024-12-13,test,Credit card,"Other features, terms, or problems",Credit card,Other issue,0.4537785884994019,0.31677820682093183,4
11145354,2024-12-13,test,Credit card,Incorrect information on your report,Credit card,Other issue,0.8181728143877764,0.4256830789715075,4
11146568,2024-12-13,test,Checking or savings account,Opening an account,Credit card,Other issue,0.7777885755577856,0.17106419113452634,1
11146642,2024-12-13,test,Credit card,Problem with a purchase shown on your statement,Credit card,Problem with a purchase shown on your statement,0.8162166663703148,0.7124386541790347,5
11146928,2024-12-13,test,Credit card,Getting a credit card,Credit card,Getting a credit card,0.8386209900902891,0.39353502768562226,1
11150178,2024-12-13,test,"Money transfer, virtual currency, or money service",Other service problem,Credit card,Other issue,0.6488504943548491,0.34135004425728327,5
11141717,2024-12-14,test,Checking or savings account,Managing an account,Checking or savings account,Managing an account,0.9834918417399816,0.7369190311035311,0
11153799,2024-12-14,test,Credit card,Problem when making payments,Credit card,Other issue,0.7017214739362971,0.29999077897515225,1
11154120,2024-12-14,test,Credit card,Fees or interest,Credit card,Other issue,0.7919873545214949,0.4539090819069759,4
11154475,2024-12-14,test,Checking or savings account,Closing an account,Checking or savings account,Other issue,0.6704410177621669,0.29096013307377294,0
11155155,2024-12-14,test,Credit card,Problem with a purchase shown on your statement,Credit card,Problem with a purchase shown on your statement,0.6545180268276806,0.295154579415021,5
11155357,2024-12-14,test,Checking or savings account,Managing an account,Checking or savings account,Managing an account,0.8041667593742869,0.47355041101493817,0
11156604,2024-12-14,test,"Money transfer, virtual currency, or money service",Fraud or scam,"Money transfer, virtual currency, or money service",Managing an account,0.5880159636212468,0.27963820682259105,0
11161373,2024-12-15,test,"Money transfer, virtual currency, or money service",Fraud or scam,"Money transfer, virtual currency, or money service",Other issue,0.5958737869173348,0.5376649595054649,5
11163607,2024-12-15,test,Credit card,Closing your account,Credit card,Other issue,0.8127861905761616,0.20320082383558155,1
11163798,2024-12-15,test,"Money transfer, virtual currency, or money service",Money was not available when promised,Checking or savings account,Managing an account,0.5907061685659629,0.3992236374272747,0
11164805,2024-12-15,test,Credit card,Trouble using your card,Credit card,Other issue,0.9893537307773163,0.4336551485642812,4
11159892,2024-12-16,test,Credit card,Getting a credit card,Credit card,Other issue,0.6839894165257394,0.22240877373862794,4
11162881,2024-12-16,test,Checking or savings account,Closing an account,Checking or savings account,Closing an account,0.6968286122893825,0.4435137066936658,0
11165316,2024-12-16,test,Checking or savings account,Problem with a lender or other company charging your account,Checking or savings account,Managing an account,0.626464903271899,0.42661479669572466,5
11165376,2024-12-16,test,Checking or savings account,Opening an account,Credit card,Other issue,0.7011039517717673,0.2947292479583299,4
11165916,2024-12-16,test,Credit card,Problem with a purchase shown on your statement,Credit card,Other issue,0.6166225322813889,0.17715029614698455,6
11167370,2024-12-16,test,Checking or savings account,Managing an account,Checking or savings account,Managing an account,0.8158018393452837,0.29264141990678055,2
11169329,2024-12-16,test,Checking or savings account,Closing an account,Checking or savings account,Managing an account,0.823604842285681,0.38548445537657994,0
11169376,2024-12-16,test,Checking or savings account,Closing an account,Checking or savings account,Closing an account,0.934631371371414,0.515585397003799,0
11173309,2024-12-16,test,Checking or savings account,Managing an account,Checking or savings account,Managing an account,0.8233785749788567,0.3144178297629057,6
11173444,2024-12-16,test,Checking or savings account,Opening an account,Checking or savings account,Managing an account,0.47408901169904605,0.28198896999377665,4
11174803,2024-12-16,test,Credit card,Problem with a purchase shown on your statement,Credit card,Problem with a purchase shown on your statement,0.9126340695885651,0.8243259778021531,6
11174854,2024-12-16,test,Checking or savings account,Closing an account,Checking or savings account,Closing an account,0.7636172707253853,0.35208905996185386,0
11174958,2024-12-16,test,Credit card,Getting a credit card,Credit card,Getting a credit card,0.8943783617494923,0.2248836913278031,4
11175013,2024-12-16,test,Credit card,Problem with a purchase shown on your statement,Credit card,Other issue,0.9350365597122443,0.17737757840607893,4
11176276,2024-12-16,test,Credit card,Getting a credit card,Credit card,Managing an account,0.6838825247476649,0.19572518055591354,4
11177825,2024-12-16,test,Checking or savings account,Closing an account,Checking or savings account,Closing an account,0.7641706326334207,0.30372036650291956,2
11178004,2024-12-16,test,Checking or savings account,Managing an account,Checking or savings account,Managing an account,0.7931548196538252,0.5054375010746289,0
11179870,2024-12-16,test,Checking or savings account,Problem caused by your funds being low,Checking or savings account,Managing an account,0.6736342478075797,0.29142889086458323,3
11180018,2024-12-16,test,Checking or savings account,Managing an account,Checking or savings account,Managing an account,0.9202447466083419,0.5497543927374737,0
11171431,2024-12-17,test,Checking or savings account,Managing an account,Checking or savings account,Managing an account,0.6041088906582105,0.5331107457319709,0
11175459,2024-12-17,test,Credit card,Problem with a purchase shown on your statement,Checking or savings account,Managing an account,0.6969223002036559,0.3141936296343566,0
11180102,2024-12-17,test,Credit card,"Other features, terms, or problems",Credit card,"Other features, terms, or problems",0.8992511849770196,0.2092918452987784,1
11180521,2024-12-17,test,Checking or savings account,Opening an account,Credit card,Other issue,0.7011039517717673,0.2947292479583299,4
11181809,2024-12-17,test,Credit card,Problem with a purchase shown on your statement,Credit card,Problem with a purchase shown on your statement,0.9070100759510196,0.7932514521474524,5
11182267,2024-12-17,test,Checking or savings account,Opening an account,Credit card,Other issue,0.7011039517717673,0.2947292479583299,4
11182320,2024-12-17,test,Checking or savings account,Managing an account,Checking or savings account,Managing an account,0.5954094575094078,0.508782979709328,6
11182386,2024-12-17,test,Checking or savings account,Opening an account,Checking or savings account,Managing an account,0.8158810432109197,0.2763298252344915,0
11182768,2024-12-17,test,Checking or savings account,Opening an account,Credit card,Other issue,0.7011039517717673,0.2947292479583299,4
11183103,2024-12-17,test,Credit card,Getting a credit card,Credit card,Managing an account,0.5518764005402691,0.2870971323100424,4
11184333,2024-12-17,test,Checking or savings account,Managing an account,Checking or savings account,Managing an account,0.7963745275121059,0.26288554321289653,0
11184451,2024-12-17,test,"Money transfer, virtual currency, or money service",Other service problem,Checking or savings account,Managing an account,0.5729047310760464,0.3744888436142481,0
11185970,2024-12-17,test,"Money transfer, virtual currency, or money service",Fraud or scam,Credit card,Other issue,0.6238811686590332,0.27567355229087354,1
11188265,2024-12-17,test,Credit card,Problem with a purchase shown on your statement,Credit card,Problem with a purchase shown on your statement,0.9173529451314142,0.708843766366691,5
11189070,2024-12-17,test,Checking or savings account,Closing an account,Checking or savings account,Managing an account,0.8775463844342697,0.3528239845534746,6
11189085,2024-12-17,test,Checking or savings account,Managing an account,Checking or savings account,Managing an account,0.9512286014915319,0.6652672754649032,0
11190017,2024-12-17,test,Checking or savings account,Managing an account,Credit card,Managing an account,0.5210666645445112,0.34879549117466585,5
11190046,2024-12-17,test,Checking or savings account,Managing an account,Checking or savings account,Managing an account,0.8529624949538062,0.5740761233675102,0
11190149,2024-12-17,test,Checking or savings account,Problem with a lender or other company charging your account,Credit card,Other issue,0.5653964390386611,0.24027650330622125,6
11190275,2024-12-17,test,Credit card,Getting a credit card,Credit card,Getting a credit card,0.8853267255413104,0.4753972560173605,1
11192645,2024-12-17,test,Checking or savings account,Managing an account,Checking or savings account,Managing an account,0.863170123062328,0.6742170360782705,0
11193135,2024-12-17,test,Credit card,Trouble using your card,Credit card,Managing an account,0.5017216495740339,0.2500848377313626,1
11193146,2024-12-17,test,Credit card,"Other features, terms, or problems",Credit card,Managing an account,0.5217859372354984,0.27409461538396634,0
11199681,2024-12-17,test,Credit card,"Other features, terms, or problems",Credit card,Getting a credit card,0.9007184412863082,0.30801074144151724,1
11200732,2024-12-17,test,Checking or savings account,Managing an account,Credit card,Other issue,0.827048158142211,0.5069707095122937,3
11191697,2024-12-18,test,"Money transfer, virtual currency, or money service",Other transaction problem,Checking or savings account,Managing an account,0.7504665550006345,0.3689681246707387,0
11191802,2024-12-18,test,Credit card,"Other features, terms, or problems",Credit card,Other issue,0.591415704687188,0.3336588097818635,6
11193739,2024-12-18,test,"Money transfer, virtual currency, or money service",Money was not available when promised,Checking or savings account,Managing an account,0.566435302880133,0.34689694149994144,0
11195482,2024-12-18,test,Checking or savings account,Opening an account,Checking or savings account,Managing an account,0.6634774396137875,0.36446502185154434,0
11197023,2024-12-18,test,Checking or savings account,Problem with a lender or other company charging your account,Checking or savings account,Managing an account,0.7061158118508795,0.49334114763428555,5
11198146,2024-12-18,test,Credit card,Problem with a purchase shown on your statement,Checking or savings account,Problem with a purchase shown on your statement,0.617462153861008,0.36390285754171364,5
11199599,2024-12-18,test,Credit card,Problem with a purchase shown on your statement,Credit card,Other issue,0.6739431808346892,0.2878760739102709,5
11201953,2024-12-18,test,Credit card,"Advertising and marketing, including promotional offers",Credit card,Problem with a purchase shown on your statement,0.9306911033042002,0.21783841823116715,1
11202367,2024-12-18,test,"Money transfer, virtual currency, or money service",Fraud or scam,Checking or savings account,Managing an account,0.5678053734704184,0.33095213336451157,0
11202484,2024-12-18,test,Checking or savings account,Managing an account,Checking or savings account,Managing an account,0.42650550454447955,0.32876785799656505,5
11202585,2024-12-18,test,Credit card,Problem with a purchase shown on your statement,Checking or savings account,Problem with a lender or other company charging your account,0.5709687906762928,0.22147051894947062,5
11203081,2024-12-18,test,Checking or savings account,Opening an account,Checking or savings account,Managing an account,0.8063727638961513,0.33638389322460566,6
11203468,2024-12-18,test,Checking or savings account,Managing an account,Checking or savings account,Managing an account,0.6387383996990791,0.2717783558404887,4
11205908,2024-12-18,test,Credit card,Getting a credit card,Credit card,Other issue,0.6352413242233881,0.2214846541966222,4
11206291,2024-12-18,test,"Money transfer, virtual currency, or money service",Other transaction problem,Credit card,Other issue,0.4356923681396638,0.3772690709475635,2
11206647,2024-12-18,test,Credit card,Problem with a company's investigation into an existing problem,Credit card,Problem with a purchase shown on your statement,0.90973517688928,0.288601161378692,4
11208614,2024-12-18,test,Credit card,Trouble using your card,Credit card,Other issue,0.9852424503317231,0.5516827863102886,1
11220326,2024-12-18,test,"Money transfer, virtual currency, or money service",Fraud or scam,"Money transfer, virtual currency, or money service",Other issue,0.5539673971014681,0.41315229625431077,0
11201033,2024-12-19,test,Checking or savings account,Managing an account,Checking or savings account,Managing an account,0.6685687936357677,0.2557995898468312,7
11210576,2024-12-19,test,Checking or savings account,Closing an account,Checking or savings account,Closing an account,0.909670035883339,0.4559042951293662,0
11211324,2024-12-19,test,Credit card,Problem with a purchase shown on your statement,Credit card,Problem with a purchase shown on your statement,0.6979704628962665,0.6408653909598151,5
11211750,2024-12-19,test,Checking or savings account,Problem with a lender or other company charging your account,Credit card,Fees or interest,0.8929681945675118,0.2593067050178527,3
11213159,2024-12-19,test,Credit card,"Other features, terms, or problems",Credit card,Fees or interest,0.9685826287206376,0.6060155400980987,3
11213188,2024-12-19,test,Checking or savings account,Managing an account,Checking or savings account,Managing an account,0.8698833356181601,0.46074841393695,6
11214965,2024-12-19,test,Credit card,Getting a credit card,Credit card,Managing an account,0.6174013086607324,0.2307840501797469,4
11215367,2024-12-19,test,Checking or savings account,Managing an account,Checking or savings account,Managing an account,0.6714858811199461,0.3465241004727866,0
11221163,2024-12-19,test,Checking or savings account,Problem caused by your funds being low,Checking or savings account,Managing an account,0.8303228077284289,0.42059971668965407,5
11221697,2024-12-19,test,Credit card,Problem with a purchase shown on your statement,Credit card,Other issue,0.8756918376769811,0.29937827248367777,3
11222526,2024-12-19,test,Credit card,Problem with a purchase shown on your statement,Checking or savings account,Managing an account,0.8300592269649691,0.8092784649203303,4
11222545,2024-12-19,test,Checking or savings account,Managing an account,Checking or savings account,Managing an account,0.8684776059731594,0.7040337365915886,0
11222601,2024-12-19,test,Checking or savings account,Managing an account,Credit card,Problem with a purchase shown on your statement,0.524738730576667,0.2403765994401926,5
11223556,2024-12-19,test,Credit card,Trouble using your card,Credit card,Other issue,0.8977420197677806,0.253991986120097,1
11218539,2024-12-20,test,"Money transfer, virtual currency, or money service",Confusing or missing disclosures,Credit card,Managing an account,0.4927538310207071,0.29070420656009494,5
11220657,2024-12-20,test,"Money transfer, virtual currency, or money service",Money was not available when promised,Checking or savings account,Other issue,0.5041604836364885,0.3857593030065425,6
11221481,2024-12-20,test,"Money transfer, virtual currency, or money service",Confusing or missing disclosures,Checking or savings account,Other issue,0.44184434174034304,0.3018603246070007,0
11226431,2024-12-20,test,"Money transfer, virtual currency, or money service",Fraud or scam,Checking or savings account,Managing an account,0.5416127768543841,0.33555327675776253,5
11226756,2024-12-20,test,"Money transfer, virtual currency, or money service",Fraud or scam,Checking or savings account,Managing an account,0.48075807482536853,0.2460288063282153,5
11227167,2024-12-20,test,Checking or savings account,Managing an account,Checking or savings account,Managing an account,0.872757788991728,0.6091805969882449,0
11228394,2024-12-20,test,Checking or savings account,Opening an account,Checking or savings account,Managing an account,0.9245242201132801,0.5938722274792981,0
11229374,2024-12-20,test,Checking or savings account,Opening an account,Checking or savings account,Managing an account,0.6572351098036854,0.39153702471234525,4
11229481,2024-12-20,test,Checking or savings account,Closing an account,Checking or savings account,Managing an account,0.662282348019765,0.39902064823966094,2
11229959,2024-12-20,test,Checking or savings account,Managing an account,Credit card,Managing an account,0.6412686009560044,0.18070698195186458,4
11230056,2024-12-20,test,Checking or savings account,Managing an account,Checking or savings account,Managing an account,0.6456161101812591,0.30182822358828393,5
11230077,2024-12-20,test,Checking or savings account,Managing an account,Checking or savings account,Managing an account,0.8822383908131893,0.6279561606591395,2
11230101,2024-12-20,test,Checking or savings account,Closing an account,Checking or savings account,Managing an account,0.8777295887509011,0.539764861353889,0
11230367,2024-12-20,test,Credit card,Problem when making payments,Credit card,Fees or interest,0.9378290252629575,0.3222245070378822,1
11230934,2024-12-20,test,Checking or savings account,Managing an account,Checking or savings account,Managing an account,0.5860638924849286,0.3967471726932956,4
11231958,2024-12-20,test,"Money transfer, virtual currency, or money service",Fraud or scam,Checking or savings account,Managing an account,0.870274251225624,0.48397348134513507,2
11232251,2024-12-20,test,Checking or savings account,Opening an account,Checking or savings account,Managing an account,0.9164635601098048,0.5719281520291056,0
11232259,2024-12-20,test,Credit card,Problem with a purchase shown on your statement,Checking or savings account,Problem with a purchase shown on your statement,0.5919999529205181,0.3033369985077755,2
11232296,2024-12-20,test,Credit card,Problem with a purchase shown on your statement,Checking or savings account,Managing an account,0.5949419676645701,0.3640175881900993,5
11232472,2024-12-20,test,Credit card,Getting a credit card,Credit card,Other issue,0.8410217292528781,0.21963212600669896,2
11232516,2024-12-20,test,Credit card,"Other features, terms, or problems",Credit card,Other issue,0.8463185177653764,0.3498882575029601,4
11233312,2024-12-20,test,"Money transfer, virtual currency, or money service",Fraud or scam,Checking or savings account,Managing an account,0.6805254150193039,0.4253126563656476,7
11233530,2024-12-20,test,Checking or savings account,Managing an account,Checking or savings account,Managing an account,0.7892971276329734,0.4082304173203481,0
11235106,2024-12-20,test,Checking or savings account,Closing an account,Checking or savings account,Closing an account,0.8945361386178893,0.3750496351370858,0
11235206,2024-12-20,test,Checking or savings account,Managing an account,Checking or savings account,Managing an account,0.4943792946851082,0.2990877195530414,4
11235384,2024-12-20,test,Checking or savings account,Closing an account,Checking or savings account,Managing an account,0.8467243605582531,0.4050343025291963,0
11237360,2024-12-20,test,Credit card,Incorrect information on your report,Credit card,Other issue,0.8542899943603899,0.31663036461863725,4
11229415,2024-12-21,test,Checking or savings account,Managing an account,Checking or savings account,Managing an account,0.8328937449691269,0.4691062941605389,0
11242742,2024-12-21,test,Checking or savings account,Managing an account,Checking or savings account,Managing an account,0.8984027378529716,0.6417087740289096,2
11242849,2024-12-21,test,Checking or savings account,Problem with a lender or other company charging your account,Checking or savings account,Other issue,0.4332273772816579,0.3424033805642498,1
11243637,2024-12-21,test,Checking or savings account,Managing an account,Checking or savings account,Managing an account,0.5679204120495686,0.39279379888501675,5
11243982,2024-12-21,test,Checking or savings account,Managing an account,Checking or savings account,Managing an account,0.8487763343106746,0.7260732056715767,2
11244265,2024-12-21,test,Credit card,Problem with a purchase shown on your statement,Credit card,Problem with a purchase shown on your statement,0.8478915749010716,0.702760333956863,5
11244289,2024-12-21,test,"Money transfer, virtual currency, or money service",Fraud or scam,Checking or savings account,Other issue,0.49505655818242855,0.3114480039341064,0
11244730,2024-12-21,test,Checking or savings account,Managing an account,Checking or savings account,Managing an account,0.841680450641217,0.6628709006793366,2
11244873,2024-12-21,test,Checking or savings account,Managing an account,Checking or savings account,Managing an account,0.5072568084246858,0.22223162202423685,1
11249925,2024-12-21,test,Checking or savings account,Managing an account,Checking or savings account,Managing an account,0.6823320887126321,0.4086433991764314,0
11254197,2024-12-21,test,Checking or savings account,Managing an account,Checking or savings account,Managing an account,0.8189848917153307,0.5088826850728778,0
11245961,2024-12-22,test,Credit card,Problem with a purchase shown on your statement,Credit card,Problem with a purchase shown on your statement,0.8547301878149203,0.46869317278863376,1
11246017,2024-12-22,test,Credit card,Problem with a company's investigation into an existing problem,Credit card,Other issue,0.9595823500804895,0.4457798952919681,3
11247125,2024-12-22,test,Credit card,"Other features, terms, or problems",Credit card,Getting a credit card,0.8607204251149341,0.22655112856276327,1
11247136,2024-12-22,test,"Money transfer, virtual currency, or money service",Fraud or scam,Credit card,Other issue,0.6577404184049725,0.2771381081981448,5
11247338,2024-12-22,test,Credit card,Getting a credit card,Credit card,Getting a credit card,0.9757570079932869,0.4387071037375025,1
11247416,2024-12-22,test,Checking or savings account,Managing an account,Credit card,Other issue,0.6130329779705423,0.28487599222970084,6
11247478,2024-12-22,test,Checking or savings account,Managing an account,Checking or savings account,Managing an account,0.39075078517427425,0.25219246402989187,5
11248061,2024-12-22,test,"Money transfer, virtual currency, or money service",Fraud or scam,Credit card,Problem with a purchase shown on your statement,0.6539394257082207,0.49204276242039136,5
11248570,2024-12-22,test,Credit card,Fees or interest,Credit card,Other issue,0.9062406392147765,0.3458229496677467,3
11250078,2024-12-22,test,Credit card,Getting a credit card,Credit card,Other issue,0.8841859678084971,0.29161243609231957,4
11245387,2024-12-23,test,Checking or savings account,Problem caused by your funds being low,Checking or savings account,Managing an account,0.7589918349825598,0.3816377272548838,0
11252211,2024-12-23,test,Checking or savings account,Managing an account,Checking or savings account,Managing an account,0.6008518408839663,0.5006122322205008,5
11252279,2024-12-23,test,"Money transfer, virtual currency, or money service",Fraud or scam,"Money transfer, virtual currency, or money service",Other issue,0.43075741378371246,0.3669685184539681,0
11253977,2024-12-23,test,Checking or savings account,Managing an account,Checking or savings account,Other issue,0.5028949861262194,0.3514319904724822,2
11255523,2024-12-23,test,Checking or savings account,Managing an account,Checking or savings account,Managing an account,0.8046404162294899,0.5932479789202999,2
11255782,2024-12-23,test,Credit card,Problem with a purchase shown on your statement,Credit card,Problem with a purchase shown on your statement,0.498231762313818,0.3015576252821734,6
11255877,2024-12-23,test,Credit card,Problem with a purchase shown on your statement,Credit card,Problem with a purchase shown on your statement,0.9188931076858006,0.3886856526170078,1
11258053,2024-12-23,test,Credit card,Closing your account,Credit card,Other issue,0.8189962155649568,0.3535885192531596,4
11259261,2024-12-23,test,Credit card,Problem with a purchase shown on your statement,Credit card,Other issue,0.6591903457211532,0.336700535258066,1
11267651,2024-12-23,test,"Money transfer, virtual currency, or money service",Problem with customer service,Credit card,Other issue,0.6486790554723407,0.25274722958940943,5
11270311,2024-12-23,test,Checking or savings account,Managing an account,Checking or savings account,Managing an account,0.806169574430285,0.4443967569065683,0
11271274,2024-12-23,test,Credit card,Problem with a purchase shown on your statement,Checking or savings account,Problem with a purchase shown on your statement,0.6197372410873329,0.22991817612158585,5
11271593,2024-12-23,test,Credit card,Problem with a purchase shown on your statement,Credit card,Other issue,0.9516606047925428,0.4538017303326281,3
11271667,2024-12-23,test,Checking or savings account,Managing an account,Checking or savings account,Other issue,0.6523035938858728,0.3250475510741197,0
11272072,2024-12-23,test,Credit card,Problem with a purchase shown on your statement,Credit card,Problem with a purchase shown on your statement,0.7660408408252483,0.5568818132473217,5
11272814,2024-12-23,test,"Money transfer, virtual currency, or money service",Money was not available when promised,"Money transfer, virtual currency, or money service",Managing an account,0.44497018892428847,0.392091788001076,0
11274266,2024-12-23,test,Credit card,"Other features, terms, or problems",Credit card,Other issue,0.7053614252314414,0.3544178597737189,1
11274471,2024-12-23,test,Checking or savings account,Problem with a lender or other company charging your account,Credit card,Other issue,0.5762697554865285,0.28662037782734084,2
11275389,2024-12-23,test,"Money transfer, virtual currency, or money service",Other transaction problem,Checking or savings account,Managing an account,0.6378868670009487,0.47646954707592676,0
11275588,2024-12-23,test,Checking or savings account,Closing an account,Checking or savings account,Managing an account,0.8960327752677192,0.3916752375125532,0
11275626,2024-12-23,test,Credit card,Fees or interest,Credit card,Other issue,0.9813708011181544,0.41620294227161864,3
11254394,2024-12-24,test,Checking or savings account,Managing an account,Checking or savings account,Managing an account,0.8609785707864145,0.7633853564937222,0
11264460,2024-12-24,test,Credit card,Problem with a company's investigation into an existing problem,Credit card,Other issue,0.9288615474819718,0.4048105917850164,4
11264927,2024-12-24,test,"Money transfer, virtual currency, or money service",Fraud or scam,"Money transfer, virtual currency, or money service",Fraud or scam,0.4618894272189752,0.24502631711096493,6
11265966,2024-12-24,test,Checking or savings account,Managing an account,Credit card,Other issue,0.4618295123727473,0.38908488386810536,3
11266124,2024-12-24,test,Credit card,"Other features, terms, or problems",Credit card,Other issue,0.7460882721991118,0.1782606275736867,4
11266243,2024-12-24,test,Checking or savings account,Problem caused by your funds being low,Checking or savings account,Managing an account,0.5465233789928982,0.24356821892688124,3
11266901,2024-12-24,test,Checking or savings account,Managing an account,Checking or savings account,Managing an account,0.5653829621607313,0.265823444893732,7
11267238,2024-12-24,test,Checking or savings account,Managing an account,Credit card,Problem with a purchase shown on your statement,0.7175208041050185,0.2683066162049245,1
11267572,2024-12-24,test,Credit card,Fees or interest,Credit card,Fees or interest,0.949903899658065,0.7253417400553904,3
11267933,2024-12-24,test,Checking or savings account,Managing an account,Checking or savings account,Other issue,0.7403310100247017,0.43760416474641295,6
11268269,2024-12-24,test,"Money transfer, virtual currency, or money service",Unauthorized transactions or other transaction problem,Credit card,Other issue,0.3831927081181048,0.36290776738909397,5
11268951,2024-12-24,test,"Money transfer, virtual currency, or money service",Fraud or scam,Checking or savings account,Managing an account,0.7268899551439957,0.4899828202426209,0
11270386,2024-12-24,test,Checking or savings account,Managing an account,Checking or savings account,Managing an account,0.4710359038744031,0.21425399107721,0
11272029,2024-12-24,test,Credit card,Fees or interest,Credit card,Fees or interest,0.9772786068108336,0.8557090462693974,3
11274062,2024-12-24,test,Credit card,Closing your account,Credit card,Other issue,0.9343283456660693,0.4390237651063795,2
11276072,2024-12-24,test,Checking or savings account,Problem with a lender or other company charging your account,Checking or savings account,Managing an account,0.7394346233182595,0.3185097862791618,2
11276644,2024-12-24,test,Credit card,Problem with a purchase shown on your statement,Credit card,Problem with a purchase shown on your statement,0.860609691288139,0.37346459550637084,5
11260568,2024-12-25,test,Checking or savings account,Problem with a lender or other company charging your account,Checking or savings account,Managing an account,0.8817378886025912,0.4541393005276986,6
11261870,2024-12-25,test,Checking or savings account,Managing an account,Checking or savings account,Managing an account,0.8989301298517943,0.5715568193729417,0
11262098,2024-12-25,test,Checking or savings account,Managing an account,Credit card,Problem with a purchase shown on your statement,0.47042323678634884,0.3143769702901391,5
11262324,2024-12-25,test,Credit card,Problem with a purchase shown on your statement,Credit card,Problem with a purchase shown on your statement,0.655148426971792,0.3148824425828092,6
11262544,2024-12-25,test,Credit card,Closing your account,Credit card,Other issue,0.7689973835470773,0.4566737472149952,3
11263299,2024-12-25,test,Checking or savings account,Problem with a lender or other company charging your account,Checking or savings account,Other issue,0.5048859994112339,0.2577583983048798,0
11264351,2024-12-25,test,Checking or savings account,Managing an account,Checking or savings account,Other issue,0.4107622833952914,0.4006662279178063,1
11264533,2024-12-25,test,Checking or savings account,Managing an account,Checking or savings account,Managing an account,0.9035283258335157,0.4439876937909798,0
11264837,2024-12-25,test,Credit card,Trouble using your card,Credit card,Other issue,0.8401973937237843,0.32172120683178723,1
11259910,2024-12-26,test,Credit card,Problem with a purchase shown on your statement,Credit card,Other issue,0.6185825292037547,0.20340223312056682,1
11259956,2024-12-26,test,Checking or savings account,Closing an account,Checking or savings account,Managing an account,0.6907674142688052,0.24516721449117873,2
11281229,2024-12-26,test,Checking or savings account,Problem with a lender or other company charging your account,Checking or savings account,Managing an account,0.6658492421954272,0.3105229262296061,5
11281559,2024-12-26,test,Checking or savings account,Managing an account,Checking or savings account,Managing an account,0.8794694963235299,0.6880300463985629,0
11281753,2024-12-26,test,Checking or savings account,Closing an account,Checking or savings account,Closing an account,0.918306634520209,0.41928978986633736,0
11282345,2024-12-26,test,Checking or savings account,Closing an account,Checking or savings account,Managing an account,0.8529987996994166,0.5432750942766162,0
11282590,2024-12-26,test,Checking or savings account,Managing an account,Checking or savings account,Managing an account,0.6887238159673011,0.48227064585515056,0
11282964,2024-12-26,test,Checking or savings account,Opening an account,Checking or savings account,Managing an account,0.9054303303909356,0.5541692292183369,0
11283320,2024-12-26,test,Credit card,Struggling to pay your bill,Credit card,Other issue,0.9069576156827952,0.31438436564495137,4
11283666,2024-12-26,test,Credit card,Fees or interest,Credit card,Fees or interest,0.9729298780848643,0.4270725884416246,7
11284576,2024-12-26,test,"Money transfer, virtual currency, or money service",Fraud or scam,Checking or savings account,Managing an account,0.49034779153650143,0.3110847936195876,5
11285291,2024-12-26,test,Checking or savings account,Managing an account,Checking or savings account,Managing an account,0.8309149140018803,0.5266834632708215,0
11287105,2024-12-26,test,Checking or savings account,Managing an account,Checking or savings account,Managing an account,0.9541704647869126,0.6533135319741641,2
11288081,2024-12-26,test,"Money transfer, virtual currency, or money service",Fraud or scam,Checking or savings account,Managing an account,0.6111909835804239,0.2435887158330419,0
11288091,2024-12-26,test,Credit card,Trouble using your card,Credit card,Other issue,0.9646513400655763,0.47870674403006697,3
11290760,2024-12-26,test,Credit card,"Advertising and marketing, including promotional offers",Credit card,Fees or interest,0.9439701206988671,0.41000517038046663,3
11284308,2024-12-27,test,Credit card,"Other features, terms, or problems",Credit card,Problem with a purchase shown on your statement,0.9629363001996706,0.3682666227672164,1
11295924,2024-12-27,test,Checking or savings account,Managing an account,Checking or savings account,Managing an account,0.7118707799660354,0.4910493227157212,0
11297690,2024-12-27,test,Credit card,Fees or interest,Credit card,Other issue,0.4801386049976997,0.2464645317760247,6
11297850,2024-12-27,test,"Money transfer, virtual currency, or money service",Fraud or scam,Checking or savings account,Managing an account,0.7510845758548667,0.23949712482550356,6
11299609,2024-12-27,test,Checking or savings account,Opening an account,Checking or savings account,Managing an account,0.8651429636312404,0.42996491118698243,0
11300416,2024-12-27,test,"Money transfer, virtual currency, or money service",Lost or stolen money order,Credit card,Other issue,0.5743566862295336,0.2535384529989336,0
11300466,2024-12-27,test,Checking or savings account,Managing an account,Checking or savings account,Managing an account,0.573418144998796,0.2874603195991526,0
11300588,2024-12-27,test,Credit card,Struggling to pay your bill,Credit card,Fees or interest,0.6796290872291457,0.2764103505661712,3
11300632,2024-12-27,test,Credit card,Problem with a purchase shown on your statement,Checking or savings account,Managing an account,0.6477751796893365,0.29804012590403756,5
11301563,2024-12-27,test,Checking or savings account,Problem with a lender or other company charging your account,"Money transfer, virtual currency, or money service",Other issue,0.5269475162760655,0.31994521961047,5
11302067,2024-12-27,test,Credit card,Problem with a purchase shown on your statement,Credit card,Problem with a purchase shown on your statement,0.9243192135125063,0.7119084749815956,5
11302212,2024-12-27,test,Credit card,Problem with a purchase shown on your statement,Credit card,Problem with a purchase shown on your statement,0.9648390723007425,0.5083307774556742,1
11302488,2024-12-27,test,Checking or savings account,Managing an account,Checking or savings account,Managing an account,0.6400752298805713,0.2982748045051898,5
11303511,2024-12-27,test,Checking or savings account,Closing an account,Checking or savings account,Managing an account,0.7384096355054632,0.32880823798294845,6
11291024,2024-12-28,test,Credit card,"Other features, terms, or problems",Checking or savings account,Managing an account,0.7062132089593018,0.26718656389094575,0
11293441,2024-12-28,test,Credit card,"Other features, terms, or problems",Credit card,Other issue,0.6534992408570142,0.3781279672341567,3
11305373,2024-12-28,test,Checking or savings account,Problem with a lender or other company charging your account,Checking or savings account,Managing an account,0.6206595693622873,0.2693054930090651,2
11306482,2024-12-28,test,Credit card,Problem with a purchase shown on your statement,Credit card,Problem with a purchase shown on your statement,0.6863117273341354,0.324316490027545,2
11306544,2024-12-28,test,Checking or savings account,Problem caused by your funds being low,Checking or savings account,Managing an account,0.7919168344299375,0.38050469063028053,5
11308035,2024-12-28,test,"Money transfer, virtual currency, or money service",Problem with customer service,Checking or savings account,Managing an account,0.8497570243924825,0.571649975221182,0
11311718,2024-12-28,test,Checking or savings account,Closing an account,Checking or savings account,Managing an account,0.8060530628401147,0.4270181592122313,2
11311902,2024-12-28,test,Credit card,Problem with a purchase shown on your statement,Credit card,Problem with a purchase shown on your statement,0.5722121908643266,0.4118779146016404,5
11312099,2024-12-28,test,Credit card,Problem with a purchase shown on your statement,Credit card,Problem with a purchase shown on your statement,0.6245564981957379,0.8099900461144495,5
11310670,2024-12-29,test,"Money transfer, virtual currency, or money service",Fraud or scam,Checking or savings account,Managing an account,0.4599734511707517,0.30751115622053077,5
11310925,2024-12-29,test,Checking or savings account,Opening an account,Checking or savings account,Managing an account,0.8663076641496893,0.32485297214507514,0
11310975,2024-12-29,test,Checking or savings account,Managing an account,Credit card,Problem with a purchase shown on your statement,0.606122088023961,0.280764308064795,5
11315039,2024-12-29,test,Checking or savings account,Managing an account,Checking or savings account,Managing an account,0.9356137867129686,0.4472752359288111,0
11315707,2024-12-29,test,Credit card,Problem with a purchase shown on your statement,Credit card,Problem with a purchase shown on your statement,0.7301318780395911,0.4547168583167082,5
11315788,2024-12-29,test,Checking or savings account,Closing an account,Checking or savings account,Managing an account,0.859127302200816,0.5899483239358644,0
11316395,2024-12-29,test,Checking or savings account,Problem with a lender or other company charging your account,Checking or savings account,Managing an account,0.7133736704207361,0.26833981914949456,5
11316406,2024-12-29,test,Checking or savings account,Managing an account,Checking or savings account,Managing an account,0.7370747416148763,0.40210031370818156,0
11317189,2024-12-29,test,Credit card,Problem when making payments,Credit card,Other issue,0.7022931119287514,0.2502794253133242,6
11317428,2024-12-29,test,Checking or savings account,Closing an account,Checking or savings account,Managing an account,0.7597505824475228,0.40777731698899855,6
11317766,2024-12-29,test,Credit card,Fees or interest,Credit card,Other issue,0.9717940681092241,0.3489381684718766,1
11318123,2024-12-29,test,Credit card,Fees or interest,Credit card,Fees or interest,0.9551451434342476,0.570749428754316,3
11318425,2024-12-29,test,"Money transfer, virtual currency, or money service",Fraud or scam,Checking or savings account,Managing an account,0.48062248720974843,0.3897039856363241,6
11318537,2024-12-29,test,Checking or savings account,Opening an account,Checking or savings account,Managing an account,0.6075604915722653,0.372301859081354,0
